smiles,label,clean_smiles
CCOC1:C:C:C2:N:C(S(N)(=O)=O):S:C:2:C:1,1.0,CCOc1ccc2nc(S(N)(=O)=O)sc2c1
CC[C@]1(O)CC[C@H]2[C@@H]3CCC4=CCCC[C@@H]4[C@H]3CC[C@@]21C,0.0,CC[C@]1(O)CC[C@H]2[C@@H]3CCC4=CCCC[C@@H]4[C@H]3CC[C@@]21C
CC(O)(P(=O)(O)O)P(=O)(O)O,0.0,CC(O)(P(=O)(O)O)P(=O)(O)O
O=S(=O)(Cl)C1:C:C:C:C:C:1,0.0,O=S(=O)(Cl)c1ccccc1
O=C(O)CC1:C:C(I):C(OC2:C:C:C(O):C(I):C:2):C(I):C:1,1.0,O=C(O)Cc1cc(I)c(Oc2ccc(O)c(I)c2)c(I)c1
OC[C@H](O)[C@@H](O)[C@H](O)CO,0.0,OC[C@@H](O)[C@H](O)[C@@H](O)CO
CCCCCCCC(=O)[O-].CCCCCCCC(=O)[O-].[Zn+2],0.0,CCCCCCCC(=O)[O-].CCCCCCCC(=O)[O-].[Zn+2]
O=C1:[NH]:C(=O):N([C@H]2C[C@H](O)[C@@H](CO)O2):C:C:1I,0.0,O=c1[nH]c(=O)n([C@H]2C[C@H](O)[C@@H](CO)O2)cc1I
CC(C)COC(=O)C(C)C,0.0,CC(C)COC(=O)C(C)C
C=C(C)C(=O)OCCOC(=O)C(=C)C,0.0,C=C(C)C(=O)OCCOC(=O)C(=C)C
Cl/C=C\C[N+]12CN3CN(CN(C3)C1)C2,1.0,Cl/C=C\C[N+]12CN3CN(CN(C3)C1)C2
O=C([O-])CC1:C:C:C:C2:C:C:C:C:C:1:2,0.0,O=C([O-])Cc1cccc2ccccc12
CCOC(=O)C1:C:C:C:N:C:1,0.0,CCOC(=O)c1cccnc1
O=C(O)[C@H](O)C1:C:C:C:C:C:1,0.0,O=C(O)[C@H](O)c1ccccc1
NC1:C:C:C(/N=N/C2:C:C:C:C:C:2):C:C:1,1.0,Nc1ccc(/N=N/c2ccccc2)cc1
CN1[C@H]2CC[C@@H]1C[C@H](OC(=O)C1:C:C(Cl):C:C(Cl):C:1)C2,0.0,CN1[C@@H]2CC[C@H]1C[C@@H](OC(=O)c1cc(Cl)cc(Cl)c1)C2
CN(C)CCCN1C2:C:C:C:C:C:2CCC2:C:C:C(Cl):C:C:21,0.0,CN(C)CCCN1c2ccccc2CCc2ccc(Cl)cc21
C#CCO,0.0,C#CCO
NC1:C:C:C:C:C:1S(=O)(=O)O,0.0,Nc1ccccc1S(=O)(=O)O
CC(O)CC(C)(C)O,0.0,CC(O)CC(C)(C)O
CC(C)(C)CC(C)(C)N,0.0,CC(C)(C)CC(C)(C)N
CC(=O)CC(C)C,0.0,CC(=O)CC(C)C
CCCC(C)=O,0.0,CCCC(C)=O
NC1:N:C2:C:C:C:C:C:2:[NH]:1,0.0,Nc1nc2ccccc2[nH]1
OC1:C(Cl):C(Cl):C(Cl):C(Cl):C:1Cl,1.0,Oc1c(Cl)c(Cl)c(Cl)c(Cl)c1Cl
C1:C:C:C(C2:C:C:C:C:C:2):C:C:1,0.0,c1ccc(-c2ccccc2)cc1
CNC(=O)NC1:C:C:C(Cl):C(Cl):C:1,0.0,CNC(=O)Nc1ccc(Cl)c(Cl)c1
CC(=O)NC1:C:C:C(C):C(Cl):C:1,0.0,CC(=O)Nc1ccc(C)c(Cl)c1
CCCCNC(=S)NCCCC,0.0,CCCCNC(=S)NCCCC
CCCCNC(=O)NCCCC,0.0,CCCCNC(=O)NCCCC
CC(C)N(C1:C:C:C:C:C:1)C(C)C,0.0,CC(C)N(c1ccccc1)C(C)C
CCC1:C:C:C:C(C):C:1,0.0,CCc1cccc(C)c1
CCCCCCCC/C=C\CCCCCCCC(=O)OC(CO)CO,0.0,CCCCCCCC/C=C\CCCCCCCC(=O)OC(CO)CO
CCCCCCCCCCC=CC1CC(=O)OC1=O,1.0,CCCCCCCCCCC=CC1CC(=O)OC1=O
CC(C)C(NC1:C:C:C(C(F)(F)F):C:C:1Cl)C(=O)OC(C#N)C1:C:C:C:C(OC2:C:C:C:C:C:2):C:1,0.0,CC(C)C(Nc1ccc(C(F)(F)F)cc1Cl)C(=O)OC(C#N)c1cccc(Oc2ccccc2)c1
CS(=O)(=O)NC(=O)C1:C:C(OC2:C:C:C(C(F)(F)F):C:C:2Cl):C:C:C:1[N+](=O)[O-],0.0,CS(=O)(=O)NC(=O)c1cc(Oc2ccc(C(F)(F)F)cc2Cl)ccc1[N+](=O)[O-]
CCOP(=S)(CC)SC1:C:C:C:C:C:1,0.0,CCOP(=S)(CC)Sc1ccccc1
CC/C=C\CCCCO,0.0,CC/C=C\CCCCO
NC1:C:C:C:C:C:1C(=O)OC1:C:C:C2:C:C:C:C:C:2:C:1,1.0,Nc1ccccc1C(=O)Oc1ccc2ccccc2c1
CC(=O)CCC(C)=O,0.0,CC(=O)CCC(C)=O
N#CCCNCCC#N,0.0,N#CCCNCCC#N
O=C1C2:C:C:C:C:C:2C(=O)C1C1:C:C:C2:C:C(S(=O)(=O)[O-]):C:C(S(=O)(=O)[O-]):C:2:N:1,1.0,O=C1c2ccccc2C(=O)C1c1ccc2cc(S(=O)(=O)[O-])cc(S(=O)(=O)[O-])c2n1
O=C(NC1:C:C:C2:C(O):C(N=NC3:C:C:C(N=NC4:C:C:C(S(=O)(=O)[O-]):C:C:4):C:C:3):C(S(=O)(=O)[O-]):C:C:2:C:1)C1:C:C:C:C:C:1,1.0,O=C(Nc1ccc2c(O)c(N=Nc3ccc(N=Nc4ccc(S(=O)(=O)[O-])cc4)cc3)c(S(=O)(=O)[O-])cc2c1)c1ccccc1
CSC1:C:C:C2:C(:C:1)C(N1CCN(C)CC1)CC1:C:C:C:C:C:1S2,0.0,CSc1ccc2c(c1)C(N1CCN(C)CC1)Cc1ccccc1S2
CC1:C:C:C:C:C:1CCO,0.0,Cc1ccccc1CCO
CC1:N:C(C):C(C):N:C:1C,0.0,Cc1nc(C)c(C)nc1C
CC1=CC(O)CC(C)(C)C1,0.0,CC1=CC(O)CC(C)(C)C1
CC1:C:N:C(C):C(C):N:1,0.0,Cc1cnc(C)c(C)n1
CC(C)COC(=O)C1:C:C:C:C:C:1,0.0,CC(C)COC(=O)c1ccccc1
C=C(C)[C@@H]1CC=C(C)CC1,0.0,C=C(C)[C@@H]1CC=C(C)CC1
O=[N+]([O-])[O-].O=[N+]([O-])[O-].[Ca+2],0.0,O=[N+]([O-])[O-].O=[N+]([O-])[O-].[Ca+2]
NC1:C:C:C(N):C([N+](=O)[O-]):C:1,1.0,Nc1ccc(N)c([N+](=O)[O-])c1
CC1COC2:C:C:C:C:C:2N1,0.0,CC1COc2ccccc2N1
O=C(O)C1:C:C(Cl):C:C(Cl):C:1O,0.0,O=C(O)c1cc(Cl)cc(Cl)c1O
CC(C)CCCCCOC(=O)CCS,0.0,CC(C)CCCCCOC(=O)CCS
O=[N+]([O-])C1:C:C([As](=O)(O)O):C:C:C:1O,0.0,O=[N+]([O-])c1cc([As](=O)(O)O)ccc1O
CCC(COC(=O)CCS)(COC(=O)CCS)COC(=O)CCS,0.0,CCC(COC(=O)CCS)(COC(=O)CCS)COC(=O)CCS
C=CCOC1:C(Br):C:C(Br):C:C:1Br,0.0,C=CCOc1c(Br)cc(Br)cc1Br
CC(C)[C@H]1CC[C@H](C)C[C@@H]1O,0.0,CC(C)[C@H]1CC[C@H](C)C[C@@H]1O
C(=C/C1:C:C:C:C:C:1)\C1:C:C:C:C:C:1,1.0,C(=C\c1ccccc1)/c1ccccc1
CC1:C:C:C2:C(:C:C:C3:C:C:C:C:C:3:2):C:1,0.0,Cc1ccc2c(ccc3ccccc32)c1
CN1:C(=O):C2:C(:N:C:N:2CC2OCCO2):N(C):C:1=O,0.0,Cn1c(=O)c2c(ncn2CC2OCCO2)n(C)c1=O
CN1CCC2:C:C:C:C3:C:2[C@H]1CC1:C:C:C(O):C(O):C:13,1.0,CN1CCc2cccc3c2[C@H]1Cc1ccc(O)c(O)c1-3
COC(=O)C1=CCCN(C)C1,0.0,COC(=O)C1=CCCN(C)C1
COC1:C:C:C(C2C(=O)C3:C:C:C:C:C:3C2=O):C:C:1,0.0,COc1ccc(C2C(=O)c3ccccc3C2=O)cc1
CC1:C:C:C(C(=O)O):C:C:1[N+](=O)[O-],0.0,Cc1ccc(C(=O)O)cc1[N+](=O)[O-]
CC1:C:C(C(=O)O):C:C:C:1[N+](=O)[O-],0.0,Cc1cc(C(=O)O)ccc1[N+](=O)[O-]
CCCCCC(C)O,0.0,CCCCCC(C)O
O=C([O-])C1:C:C:C:C:C:1O,0.0,O=C([O-])c1ccccc1O
NC(=O)C1:C:C:C:C:C:1,0.0,NC(=O)c1ccccc1
CCN1CCC2:N:C(N):O:C:2CC1,0.0,CCN1CCc2nc(N)oc2CC1
O=C1C(N(CO)C(=O)NCO)N(CO)C(=O)N1CO,0.0,O=C1C(N(CO)C(=O)NCO)N(CO)C(=O)N1CO
OCCN1CCN(CCCN2C3:C:C:C:C:C:3C=CC3:C:C:C:C:C:32)CC1,0.0,OCCN1CCN(CCCN2c3ccccc3C=Cc3ccccc32)CC1
CC(C)NC[C@@H](O)COC1:C:C:C(CC(N)=O):C:C:1,0.0,CC(C)NC[C@@H](O)COc1ccc(CC(N)=O)cc1
CCNC(=O)N1CCN(CCCC(C2:C:C:C(F):C:C:2)C2:C:C:C(F):C:C:2)CC1,1.0,CCNC(=O)N1CCN(CCCC(c2ccc(F)cc2)c2ccc(F)cc2)CC1
NC1:C:C:C([N+](=O)[O-]):C:C:1N,1.0,Nc1ccc([N+](=O)[O-])cc1N
[I-].[K+],0.0,[I-].[K+]
O=C(C=CC1:C:C:C(O):C(O):C:1)O[C@@H]1C[C@](O)(C(=O)O)C[C@@H](O)[C@H]1O,0.0,O=C(C=Cc1ccc(O)c(O)c1)O[C@@H]1C[C@](O)(C(=O)O)C[C@@H](O)[C@H]1O
OC1:N:C(Cl):C(Cl):C:C:1Cl,1.0,Oc1nc(Cl)c(Cl)cc1Cl
C/C=C/C=C/C=O,1.0,C/C=C/C=C/C=O
O=[N+]([O-])C1:C:C(C(F)(F)F):C:C([N+](=O)[O-]):C:1Cl,1.0,O=[N+]([O-])c1cc(C(F)(F)F)cc([N+](=O)[O-])c1Cl
C[Si](C)(C)N[Si](C)(C)C,0.0,C[Si](C)(C)N[Si](C)(C)C
COCC(C)N(C(=O)CCl)C1:C(C):C:S:C:1C,1.0,COCC(C)N(C(=O)CCl)c1c(C)csc1C
C/C(=N\NC(=O)NC1:C:C(F):C:C(F):C:1)C1:N:C:C:C:C:1C(=O)[O-],0.0,C/C(=N\NC(=O)Nc1cc(F)cc(F)c1)c1ncccc1C(=O)[O-]
CC1COC(CN2:C:N:C:N:2)(C2:C:C:C(OC3:C:C:C(Cl):C:C:3):C:C:2Cl)O1,1.0,CC1COC(Cn2cncn2)(c2ccc(Oc3ccc(Cl)cc3)cc2Cl)O1
CCN(CC)CCOC(=O)C(CC1:C:C:C:C2:C:C:C:C:C:1:2)CC1CCCO1,0.0,CCN(CC)CCOC(=O)C(Cc1cccc2ccccc12)CC1CCCO1
CCN[C@H]1C[C@H](C)S(=O)(=O)C2:S:C(S(N)(=O)=O):C:C:21,0.0,CCN[C@H]1C[C@H](C)S(=O)(=O)c2sc(S(N)(=O)=O)cc21
CCN[C@H]1CN(CCCOC)S(=O)(=O)C2:S:C(S(N)(=O)=O):C:C:21,0.0,CCN[C@H]1CN(CCCOC)S(=O)(=O)c2sc(S(N)(=O)=O)cc21
CC(C)N(CCC(C(N)=O)(C1:C:C:C:C:C:1)C1:C:C:C:C:N:1)C(C)C,0.0,CC(C)N(CCC(C(N)=O)(c1ccccc1)c1ccccn1)C(C)C
CC1(C)O[C@@H]2C[C@H]3[C@@H]4C[C@H](F)C5=CC(=O)C=C[C@]5(C)[C@H]4[C@@H](O)C[C@]3(C)[C@]2(C(=O)CO)O1,0.0,CC1(C)O[C@@H]2C[C@H]3[C@@H]4C[C@H](F)C5=CC(=O)C=C[C@]5(C)[C@H]4[C@@H](O)C[C@]3(C)[C@]2(C(=O)CO)O1
CSC(=O)C1:C(C(F)F):N:C(C(F)(F)F):C(C(=O)SC):C:1CC(C)C,0.0,CSC(=O)c1c(C(F)F)nc(C(F)(F)F)c(C(=O)SC)c1CC(C)C
O=C(O)/C=C(\CC(=O)O)C(=O)O,0.0,O=C(O)/C=C(\CC(=O)O)C(=O)O
O=C(CO)[C@@H](O)[C@H](O)[C@@H](O)CO,0.0,O=C(CO)[C@@H](O)[C@H](O)[C@@H](O)CO
CC1=C(C(=O)NC2:C:C:C:C:C:2)S(=O)(=O)CCO1,1.0,CC1=C(C(=O)Nc2ccccc2)S(=O)(=O)CCO1
CNCC(=O)C1:C:C:C(O):C(O):C:1,0.0,CNCC(=O)c1ccc(O)c(O)c1
CC(C)(C)C1CCC(=O)CC1,0.0,CC(C)(C)C1CCC(=O)CC1
CN(C)[C@@H]1C(O)=C(C(=O)NCN2CCCC2)C(=O)[C@@]2(O)C(O)=C3C(=O)C4:C(O):C:C:C:C:4[C@@](C)(O)C3C[C@@H]12,0.0,CN(C)[C@@H]1C(O)=C(C(=O)NCN2CCCC2)C(=O)[C@@]2(O)C(O)=C3C(=O)c4c(O)cccc4[C@@](C)(O)C3C[C@@H]12
CCCCCCCCCCCCCC(=O)OC,0.0,CCCCCCCCCCCCCC(=O)OC
NC1:C:C:N:C:C:1N,0.0,Nc1ccncc1N
CCCCCCC(C)O,0.0,CCCCCCC(C)O
CCC[Si](OC)(OC)OC,0.0,CCC[Si](OC)(OC)OC
CC1=C(CC=O)C(C)(C)CCC1,0.0,CC1=C(CC=O)C(C)(C)CCC1
NCCNCCNCCN,0.0,NCCNCCNCCN
C[C@]12CC[C@H]3[C@@H](CC[C@@]45O[C@@H]4C(O)=C(C#N)C[C@]35C)[C@@H]1CC[C@@H]2O,1.0,C[C@]12CC[C@H]3[C@@H](CC[C@@]45O[C@@H]4C(O)=C(C#N)C[C@]35C)[C@@H]1CC[C@@H]2O
CCCC1COC(CN2:C:N:C:N:2)(C2:C:C:C(Cl):C:C:2Cl)O1,1.0,CCCC1COC(Cn2cncn2)(c2ccc(Cl)cc2Cl)O1
CC1:C:C:C(N):C(N):C:1,1.0,Cc1ccc(N)c(N)c1
CCCCCNCCCCC,0.0,CCCCCNCCCCC
COCC(C)O,0.0,COCC(C)O
C1:C:C:C2:C(:C:1)OC1:C:C:C:C:C:1S2,0.0,c1ccc2c(c1)Oc1ccccc1S2
CC1CN1,0.0,CC1CN1
CCC1:C:N:C(C2=NC(C)(C(C)C)C(=O)N2):C(C(=O)O):C:1,0.0,CCc1cnc(C2=NC(C)(C(C)C)C(=O)N2)c(C(=O)O)c1
ClC1:C:N:C(OC2:C:C:C(OC3:N:C:C(Cl):C:C:3Cl):C:C:2):C(Cl):C:1,0.0,Clc1cnc(Oc2ccc(Oc3ncc(Cl)cc3Cl)cc2)c(Cl)c1
COC1:C:C:C:C:C:1OCCNCC(O)COC1:C:C:C:C2:[NH]:C3:C:C:C:C:C:3:C:1:2,0.0,COc1ccccc1OCCNCC(O)COc1cccc2[nH]c3ccccc3c12
ClCOCCl,0.0,ClCOCCl
CC(O)CNCC(C)O,0.0,CC(O)CNCC(C)O
C[C@H](CCC(=O)[O-])[C@H]1CC[C@H]2[C@H]3[C@H](C[C@H](O)[C@@]21C)[C@@]1(C)CC[C@@H](O)C[C@H]1C[C@H]3O,0.0,C[C@H](CCC(=O)[O-])[C@H]1CC[C@H]2[C@@H]3[C@H](O)C[C@@H]4C[C@H](O)CC[C@]4(C)[C@H]3C[C@H](O)[C@]12C
CC(=O)[C@H]1[C@H](C#N)C[C@H]2[C@@H]3CC=C4C[C@@H](O)CC[C@]4(C)[C@H]3CC[C@@]21C,1.0,CC(=O)[C@H]1[C@H](C#N)C[C@H]2[C@@H]3CC=C4C[C@@H](O)CC[C@]4(C)[C@H]3CC[C@@]21C
O=CC(=O)C1:C:C:C:C:C:1,0.0,O=CC(=O)c1ccccc1
CCCCC(CC)CCC(CC(C)C)OS(=O)(=O)[O-],0.0,CCCCC(CC)CCC(CC(C)C)OS(=O)(=O)[O-]
O=C(O)CCCCCCCCC(=O)O,0.0,O=C(O)CCCCCCCCC(=O)O
CCCCCCCC(=O)OC,0.0,CCCCCCCC(=O)OC
CC(O)COCC(C)O,0.0,CC(O)COCC(C)O
CC1:C:C:C(C(=O)C(=O)[O-]):C:C:1C,0.0,Cc1ccc(C(=O)C(=O)[O-])cc1C
O=C([O-])COC1:N:N(CC2:C:C:C:C:C:2):C2:C:C:C:C:C:1:2,0.0,O=C([O-])COc1nn(Cc2ccccc2)c2ccccc12
CC1:N:C:C:[NH]:1,0.0,Cc1ncc[nH]1
OC1:C:C:C2:C(:C:1)OC[C@@H](N1CCC(O)(C3:C:C:C(F):C:C:3)CC1)[C@H]2O,0.0,Oc1ccc2c(c1)OC[C@@H](N1CCC(O)(c3ccc(F)cc3)CC1)[C@H]2O
CC[C@H](C)[C@@H](C(=O)O)N1:S:C2:C:C:C:C:C:2:C:1=O,1.0,CC[C@H](C)[C@@H](C(=O)O)n1sc2ccccc2c1=O
CC1:C:C(SC2=C(O)C[C@@](CCC3:C:C:C(N):C:C:3)(C(C)C)OC2=O):C(C(C)(C)C):C:C:1CO,0.0,Cc1cc(SC2=C(O)C[C@@](CCc3ccc(N)cc3)(C(C)C)OC2=O)c(C(C)(C)C)cc1CO
CN1C[C@H]2C3:C:C:C:C:C:3OC3:C:C:C(Cl):C:C:3[C@@H]2C1,0.0,CN1C[C@H]2c3ccccc3Oc3ccc(Cl)cc3[C@@H]2C1
CO[Si](C)(C)OC,0.0,CO[Si](C)(C)OC
CN(C)C(=O)NC1:C:C:C(OC2:C:C:C(Cl):C:C:2):C:C:1,1.0,CN(C)C(=O)Nc1ccc(Oc2ccc(Cl)cc2)cc1
CC(=O)C1:C:C:C:C:C:1O,0.0,CC(=O)c1ccccc1O
O=C(O)CC1:C(Cl):C:C:C(Cl):C:1Cl,0.0,O=C(O)Cc1c(Cl)ccc(Cl)c1Cl
O=C(O)C1:C:C:C:C(Cl):N:1,0.0,O=C(O)c1cccc(Cl)n1
CCCCCCCCCC=O,0.0,CCCCCCCCCC=O
CC1:C:C:C(C(C)(C)C):C:C:1,0.0,Cc1ccc(C(C)(C)C)cc1
BrCBr,0.0,BrCBr
NC1:C:C(Cl):C:C(Cl):C:1,0.0,Nc1cc(Cl)cc(Cl)c1
CCCCCCCCCC(=O)O,0.0,CCCCCCCCCC(=O)O
O.O.O.O.O.O.O=[N+]([O-])[O-].O=[N+]([O-])[O-].[Mg+2],0.0,O.O.O.O.O.O.O=[N+]([O-])[O-].O=[N+]([O-])[O-].[Mg+2]
CCCCCCCCCOS(=O)(=O)[O-],0.0,CCCCCCCCCOS(=O)(=O)[O-]
O=CC1:C:C:C(C(=O)O):C:C:1,1.0,O=Cc1ccc(C(=O)O)cc1
CCC(Cl)CCl,0.0,CCC(Cl)CCl
CC(C)(O)C1:C:C:C:C:C:1,0.0,CC(C)(O)c1ccccc1
O=C1CCCN1,0.0,O=C1CCCN1
ClCC1:C:C:C:C:C:1Cl,0.0,ClCc1ccccc1Cl
CC1:C:C:C([N+](=O)[O-]):C([N+](=O)[O-]):C:1,1.0,Cc1ccc([N+](=O)[O-])c([N+](=O)[O-])c1
N#CC1(N=NC2(C#N)CCCCC2)CCCCC1,0.0,N#CC1(N=NC2(C#N)CCCCC2)CCCCC1
C=CC(=O)OCCOC(=O)C=C,1.0,C=CC(=O)OCCOC(=O)C=C
CCCC[P+](CCCC)(CCCC)CCCC,0.0,CCCC[P+](CCCC)(CCCC)CCCC
N#CCC1:C:C:C:C(C(F)(F)F):C:1,0.0,N#CCc1cccc(C(F)(F)F)c1
COC1:C:C:C:C(Br):C:1,0.0,COc1cccc(Br)c1
CCCCCCCCNC,0.0,CCCCCCCCNC
CC1=C(C(=O)NC2:C:C:C:C:C:2)SCCO1,0.0,CC1=C(C(=O)Nc2ccccc2)SCCO1
CCCCN(CCCC)SN(C)C(=O)OC1:C:C:C:C2:C:1OC(C)(C)C2,0.0,CCCCN(CCCC)SN(C)C(=O)Oc1cccc2c1OC(C)(C)C2
CC1:C:C(OC(=O)N(C)C):N:N:1C(=O)N(C)C,0.0,Cc1cc(OC(=O)N(C)C)nn1C(=O)N(C)C
O=C1:C(O):C(C2:C:C:C(O):C:C:2):O:C2:C:C(O):C:C(O):C:1:2,0.0,O=c1c(O)c(-c2ccc(O)cc2)oc2cc(O)cc(O)c12
CC(O)COC1:C:C:C:C:C:1,0.0,CC(O)COc1ccccc1
O=P1(NCCCl)OCCCN1CCCl,0.0,O=P1(NCCCl)OCCCN1CCCl
C=CC(=C)C,0.0,C=CC(=C)C
CC(C)O,0.0,CC(C)O
CC(C)OC(=O)NC1:C:C:C:C(Cl):C:1,0.0,CC(C)OC(=O)Nc1cccc(Cl)c1
CC(C)OC(=O)NC1:C:C:C:C:C:1,0.0,CC(C)OC(=O)Nc1ccccc1
CC=CC1:C:C:C2:C(:C:1)OCO2,0.0,CC=Cc1ccc2c(c1)OCO2
CCCC(CCC)C(=O)[O-],0.0,CCCC(CCC)C(=O)[O-]
CC1COC2:C(N3CCN(C)CC3):C(F):C:C3:C(=O):C(C(=O)O):C:N1:C:2:3,0.0,CC1COc2c(N3CCN(C)CC3)c(F)cc3c(=O)c(C(=O)O)cn1c23
CCN(CC1:C:C:C(Cl):N:C:1)/C(=C/[N+](=O)[O-])NC,0.0,CCN(Cc1ccc(Cl)nc1)/C(=C/[N+](=O)[O-])NC
CC1CCC(C(C)C)C(OC(=O)C2:C:C:C:C:C:2N)C1,0.0,CC1CCC(C(C)C)C(OC(=O)c2ccccc2N)C1
OC[C@]1(O)OC[C@@H](O)[C@H](O)[C@@H]1O,0.0,OC[C@]1(O)OC[C@@H](O)[C@H](O)[C@@H]1O
CC1:C:C:C(C=C2C(=O)C3CCC2C3(C)C):C:C:1,0.0,Cc1ccc(C=C2C(=O)C3CCC2C3(C)C)cc1
CC(C)C[P+](C)(CC(C)C)CC(C)C,0.0,CC(C)C[P+](C)(CC(C)C)CC(C)C
C=C1C[C@]23CC[C@@H]4[C@](C)(C(=O)O[C@@H]5O[C@H](CO)[C@@H](O)[C@H](O)[C@H]5O)CCC[C@]4(C)[C@@H]2C[C@@H](O[C@@H]2O[C@H](CO)[C@@H](O)[C@H](O[C@@H]4O[C@H](CO)[C@@H](O)[C@H](O)[C@H]4O)[C@H]2OC2O[C@H](CO)[C@@H](O)[C@H](O)[C@H]2O)[C@@H]1C3,0.0,C=C1C[C@]23CC[C@H]4[C@](C)(CCC[C@@]4(C)C(=O)O[C@@H]4O[C@H](CO)[C@@H](O)[C@H](O)[C@H]4O)[C@@H]2C[C@@H](O[C@@H]2O[C@H](CO)[C@@H](O)[C@H](O[C@@H]4O[C@H](CO)[C@@H](O)[C@H](O)[C@H]4O)[C@H]2OC2O[C@H](CO)[C@@H](O)[C@H](O)[C@H]2O)[C@@H]1C3
CCCCC(CC)COC(=O)C1:C:C:C(C(=O)OCC(CC)CCCC):C(C(=O)OCC(CC)CCCC):C:1,0.0,CCCCC(CC)COC(=O)c1ccc(C(=O)OCC(CC)CCCC)c(C(=O)OCC(CC)CCCC)c1
O=C1:N(CCO):C(=O):N(CCO):C(=O):N:1CCO,0.0,O=c1n(CCO)c(=O)n(CCO)c(=O)n1CCO
O=P(OC(CCl)CCl)(OC(CCl)CCl)OC(CCl)CCl,0.0,O=P(OC(CCl)CCl)(OC(CCl)CCl)OC(CCl)CCl
O=C1:N(CC2CO2):C(=O):N(CC2CO2):C(=O):N:1CC1CO1,1.0,O=c1n(CC2CO2)c(=O)n(CC2CO2)c(=O)n1CC1CO1
O=C(O)C1:C:C:C(O):C:C:1O,0.0,O=C(O)c1ccc(O)cc1O
O=C1C2:C(O):C:C:C([N+](=O)[O-]):C:2C(=O)C2:C([N+](=O)[O-]):C:C:C(O):C:21,1.0,O=C1c2c(O)ccc([N+](=O)[O-])c2C(=O)c2c([N+](=O)[O-])ccc(O)c21
CC1=CC(C)(C)NC2:C:C:C:C:C:21,0.0,CC1=CC(C)(C)Nc2ccccc21
CC(C)CNCC(C)C,0.0,CC(C)CNCC(C)C
COC1:C:C:C(C2:C:O:C3:C:C(O):C:C(O):C:3:C:2=O):C:C:1,1.0,COc1ccc(-c2coc3cc(O)cc(O)c3c2=O)cc1
O=C1:C:C(C2:C:C:C:C:C:2):O:C2:C:C(O):C:C(O):C:1:2,1.0,O=c1cc(-c2ccccc2)oc2cc(O)cc(O)c12
O=C1:C:C(C2:C:C:C(O):C:C:2):O:C2:C:C(O):C:C(O):C:1:2,1.0,O=c1cc(-c2ccc(O)cc2)oc2cc(O)cc(O)c12
O=C(CCC1:C:C:C(O):C:C:1)C1:C(O):C:C(O):C:C:1O,1.0,O=C(CCc1ccc(O)cc1)c1c(O)cc(O)cc1O
O=C(O)CCC(=O)C1:C:C:C(C2:C:C:C:C:C:2):C:C:1,0.0,O=C(O)CCC(=O)c1ccc(-c2ccccc2)cc1
CCOC(=O)C1=C(C)NC(C)=C(C(=O)OC)C1C1:C:C:C:C(Cl):C:1Cl,1.0,CCOC(=O)C1=C(C)NC(C)=C(C(=O)OC)C1c1cccc(Cl)c1Cl
NC(=O)OCC(COC(N)=O)C1:C:C:C:C:C:1,0.0,NC(=O)OCC(COC(N)=O)c1ccccc1
COC(=O)C1:C:C:C(C):C:C:1C1=NC(=O)C(C)(C(C)C)N1,0.0,COC(=O)c1ccc(C)cc1C1=NC(=O)C(C)(C(C)C)N1
CN(C)[C@@H]1C(O)=C(C(N)=O)C(=O)[C@@]2(O)C(O)=C3C(=O)C4:C(O):C:C:C(Cl):C:4[C@@H](O)[C@H]3C[C@@H]12,0.0,CN(C)[C@@H]1C(O)=C(C(N)=O)C(=O)[C@@]2(O)C(O)=C3C(=O)c4c(O)ccc(Cl)c4[C@@H](O)[C@H]3C[C@@H]12
O=C1NCN(C2:C:C:C:C:C:2)C12CCN(CCCOC1:C:C:C(F):C:C:1)CC2,1.0,O=C1NCN(c2ccccc2)C12CCN(CCCOc1ccc(F)cc1)CC2
NC(=S)NNC(N)=S,0.0,NC(=S)NNC(N)=S
CC1CN1P(=O)(N1CC1C)N1CC1C,0.0,CC1CN1P(=O)(N1CC1C)N1CC1C
O=C(OC1:C:C:C:C:C:1)OC1:C:C:C:C:C:1,0.0,O=C(Oc1ccccc1)Oc1ccccc1
S=C1:[NH]:C:N:C2:[NH]:C:N:C:1:2,1.0,S=c1[nH]cnc2[nH]cnc12
CN(C)CCN(CC1:C:C:C:S:1)C1:C:C:C:C:N:1,0.0,CN(C)CCN(Cc1cccs1)c1ccccn1
COC1:N:N(CSP(=S)(OC)OC):C(=O):S:1,0.0,COc1nn(CSP(=S)(OC)OC)c(=O)s1
NC1=NCC2C3:C:C:C:C:C:3CC3:C:C:C:C:C:3N12,0.0,NC1=NCC2c3ccccc3Cc3ccccc3N12
CC(=O)[C@H]1CC[C@H]2[C@@H]3CC[C@H]4C[C@](C)(O)CC[C@]4(C)[C@H]3CC[C@]12C,0.0,CC(=O)[C@H]1CC[C@H]2[C@@H]3CC[C@H]4C[C@](C)(O)CC[C@]4(C)[C@H]3CC[C@]12C
O=C(O)CC1:C:C:C(CCNS(=O)(=O)C2:C:C:C(Cl):C:C:2):C:C:1,0.0,O=C(O)Cc1ccc(CCNS(=O)(=O)c2ccc(Cl)cc2)cc1
NC(=O)C1:C:N(CC2:C(F):C:C:C:C:2F):N:N:1,0.0,NC(=O)c1cn(Cc2c(F)cccc2F)nn1
O=C(NC1CCN(CCC2:C:[NH]:C3:C:C:C:C:C:2:3)CC1)C1:C:C:C:C:C:1,0.0,O=C(NC1CCN(CCc2c[nH]c3ccccc23)CC1)c1ccccc1
CCN1:C:C:[N+](C):C:1C.O=S(=O)([O-])C(F)(F)F,0.0,CCn1cc[n+](C)c1C.O=S(=O)([O-])C(F)(F)F
ClC1:C:C:C2:C:C3:C:C:C:C:C:3:C:C:2:C:1,0.0,Clc1ccc2cc3ccccc3cc2c1
CCCCN1:C:C:[N+](C):C:1.F[B-](F)(F)F,1.0,CCCCn1cc[n+](C)c1.F[B-](F)(F)F
CCC[N+]1:C:C:N(C):C:1C.O=S(=O)([N-]S(=O)(=O)C(F)(F)F)C(F)(F)F,0.0,CCC[n+]1ccn(C)c1C.O=S(=O)([N-]S(=O)(=O)C(F)(F)F)C(F)(F)F
CCO/C=C1\N=C(C2:C:C:C:C:C:2)OC1=O,0.0,CCO/C=C1\N=C(c2ccccc2)OC1=O
CCN1CCCC1CNC(=O)C1:C:C(S(=O)(=O)CC):C(N):C:C:1OC,0.0,CCN1CCCC1CNC(=O)c1cc(S(=O)(=O)CC)c(N)cc1OC
COC1:C:C2:C(:C:C:1OC)C1CC(=O)C(CC(C)C)CN1CC2,0.0,COc1cc2c(cc1OC)C1CC(=O)C(CC(C)C)CN1CC2
CC[N+]1(C)CCCC1.O=S(=O)([O-])C(F)(F)F,0.0,CC[N+]1(C)CCCC1.O=S(=O)([O-])C(F)(F)F
COP(=O)(OC)SCN1:C(=O):O:C2:C:C(Cl):C:N:C:2:1,1.0,COP(=O)(OC)SCn1c(=O)oc2cc(Cl)cnc21
CNC(=O)/C=C(\C)OP(=O)(OC)OC,0.0,CNC(=O)/C=C(\C)OP(=O)(OC)OC
CC=CC(=O)CC,0.0,CC=CC(=O)CC
CC1OCCC1=O,0.0,CC1OCCC1=O
CC1CCCC(=O)C1=O,0.0,CC1CCCC(=O)C1=O
C1:C:N:C2:C(:N:1)CCCC2,0.0,c1cnc2c(n1)CCCC2
CCCCC1:C:C:C2:C:C:C:C(S(=O)(=O)[O-]):C:2:C:1,0.0,CCCCc1ccc2cccc(S(=O)(=O)[O-])c2c1
CC1:C:C:C(N=NC2:C(O):C:C:C(N=NC3:C:C:C(S(=O)(=O)[O-]):C:C:3):C:2O):C(C):C:1,0.0,Cc1ccc(N=Nc2c(O)ccc(N=Nc3ccc(S(=O)(=O)[O-])cc3)c2O)c(C)c1
NC1:C:N:N([C@@H]2O[C@H](CO)[C@@H](O)[C@H]2O):C(=O):N:1,0.0,Nc1cnn([C@@H]2O[C@H](CO)[C@@H](O)[C@H]2O)c(=O)n1
CCNC1:N:C(Cl):N:C(NC(C)(C)C):N:1,0.0,CCNc1nc(Cl)nc(NC(C)(C)C)n1
NS(=O)(=O)C1:C:C2:C(:C:C:1Cl)N=CNS2(=O)=O,0.0,NS(=O)(=O)c1cc2c(cc1Cl)N=CNS2(=O)=O
CCCCCCCCCCCCCCN1:C:C:[N+](C):C:1,1.0,CCCCCCCCCCCCCCn1cc[n+](C)c1
O=[Cr](=O)([O-])O[Cr](=O)(=O)[O-],1.0,[O]=[Cr](=[O])([O-])[O][Cr](=[O])(=[O])[O-]
O=P(Cl)(Cl)Cl,0.0,O=P(Cl)(Cl)Cl
CCN(CC1:C:C:C:C(S(=O)(=O)[O-]):C:1)C1:C:C:C(C(=C2C=CC(=[N+](CC)CC3:C:C:C:C(S(=O)(=O)[O-]):C:3)C=C2)C2:C:C:C:C:C:2):C:C:1,1.0,CCN(Cc1cccc(S(=O)(=O)[O-])c1)c1ccc(C(=C2C=CC(=[N+](CC)Cc3cccc(S(=O)(=O)[O-])c3)C=C2)c2ccccc2)cc1
O=C(OC[C@H]1O[C@@H](OC(=O)C2:C:C(O):C(O):C(OC(=O)C3:C:C(O):C(O):C(O):C:3):C:2)[C@H](OC(=O)C2:C:C(O):C(O):C(OC(=O)C3:C:C(O):C(O):C(O):C:3):C:2)[C@@H](OC(=O)C2:C:C(O):C(O):C(OC(=O)C3:C:C(O):C(O):C(O):C:3):C:2)[C@@H]1OC(=O)C1:C:C(O):C(O):C(OC(=O)C2:C:C(O):C(O):C(O):C:2):C:1)C1:C:C(O):C(O):C(OC(=O)C2:C:C(O):C(O):C(O):C:2):C:1,1.0,O=C(OC[C@H]1O[C@@H](OC(=O)c2cc(O)c(O)c(OC(=O)c3cc(O)c(O)c(O)c3)c2)[C@H](OC(=O)c2cc(O)c(O)c(OC(=O)c3cc(O)c(O)c(O)c3)c2)[C@@H](OC(=O)c2cc(O)c(O)c(OC(=O)c3cc(O)c(O)c(O)c3)c2)[C@@H]1OC(=O)c1cc(O)c(O)c(OC(=O)c2cc(O)c(O)c(O)c2)c1)c1cc(O)c(O)c(OC(=O)c2cc(O)c(O)c(O)c2)c1
CN(C)CCOC(C1:C:C:C:C:C:1)C1:C:C:C:C:C:1,0.0,CN(C)CCOC(c1ccccc1)c1ccccc1
COC(=O)C1:C:C:C(C):C:C:1,0.0,COC(=O)c1ccc(C)cc1
COC1:C:C:C([C@@H]2SC3:C:C:C:C:C:3N(CCN(C)C)C(=O)[C@@H]2OC(C)=O):C:C:1,0.0,COc1ccc([C@@H]2Sc3ccccc3N(CCN(C)C)C(=O)[C@@H]2OC(C)=O)cc1
CC(=O)C=CC1:C:C:C:C:C:1,0.0,CC(=O)C=Cc1ccccc1
CC1:C:[NH]:C(=S):[NH]:C:1=O,0.0,Cc1c[nH]c(=S)[nH]c1=O
COC1:C:C:C2:C:C:1OC1:C:C3:C(:C:C:1OC)CC[N+](C)(C)[C@H]3CC1:C:C:C(:C:C:1)OC1:C(OC):C(OC):C:C3:C:1[C@@H](C2)[N+](C)(C)CC3,0.0,COc1ccc2cc1Oc1cc3c(cc1OC)CC[N+](C)(C)[C@H]3Cc1ccc(cc1)Oc1c(OC)c(OC)cc3c1[C@@H](C2)[N+](C)(C)CC3
CCCCC[C@H](O)/C=C/[C@H]1[C@H](O)CC(=O)[C@@H]1C/C=C\CCCC(=O)O,0.0,CCCCC[C@H](O)/C=C/[C@H]1[C@H](O)CC(=O)[C@@H]1C/C=C\CCCC(=O)O
CC12CCC(CC1)C(C)(C)O2,0.0,CC12CCC(CC1)C(C)(C)O2
C=COCC1CCC(CO)CC1,0.0,C=COCC1CCC(CO)CC1
CC(=O)/C=C/C1=C(C)CCCC1(C)C,0.0,CC(=O)/C=C/C1=C(C)CCCC1(C)C
CC(=O)NC1CCSC1=O,0.0,CC(=O)NC1CCSC1=O
CC(C)(C)CC(C)(C)C1:C:C:C(O):C(CC2:C:C:C(Cl):C:C:2Cl):C:1,0.0,CC(C)(C)CC(C)(C)c1ccc(O)c(Cc2ccc(Cl)cc2Cl)c1
CC1COC2:C:C:C:C:C:2N1C(=O)C(Cl)Cl,1.0,CC1COc2ccccc2N1C(=O)C(Cl)Cl
CC(N)CN,0.0,CC(N)CN
CCC(C)O,0.0,CCC(C)O
CC(O)CN,0.0,CC(O)CN
CO/N=C(\C(=O)N[C@@H]1C(=O)N2C(C(=O)[O-])=C(CSC3:N:C(=O):C([O-]):N:N:3C)CS[C@H]12)C1:C:S:C(N):N:1,0.0,CO/N=C(\C(=O)N[C@@H]1C(=O)N2C(C(=O)[O-])=C(CSc3nc(=O)c([O-])nn3C)CS[C@H]12)c1csc(N)n1
C=CCC1:C:C:C(O):C(OC):C:1,0.0,C=CCc1ccc(O)c(OC)c1
COC(=O)[C@@H](N)CCCN/C(N)=N/[N+](=O)[O-],0.0,COC(=O)[C@@H](N)CCCN/C(N)=N/[N+](=O)[O-]
CC1:N:N:C2:N:1C1:S:C(CCC(=O)N3CCOCC3):C:C:1C(C1:C:C:C:C:C:1Cl)=NC2,0.0,Cc1nnc2n1-c1sc(CCC(=O)N3CCOCC3)cc1C(c1ccccc1Cl)=NC2
C[C@H](N[C@H](CCC1:C:C:C:C:C:1)C(=O)O)C(=O)N1CCC[C@H]1C(=O)O,0.0,C[C@H](N[C@H](CCc1ccccc1)C(=O)O)C(=O)N1CCC[C@H]1C(=O)O
COC1:C(Br):C:C(Br):C(C):C:1Br,0.0,COc1c(Br)cc(Br)c(C)c1Br
CN(C)CCC1:C:[NH]:C2:C:C:C(CS(=O)(=O)N3CCCC3):C:C:1:2,0.0,CN(C)CCc1c[nH]c2ccc(CS(=O)(=O)N3CCCC3)cc12
C=C(C)C(=O)OCCNC(C)(C)C,0.0,C=C(C)C(=O)OCCNC(C)(C)C
NS(=O)(=O)C1:C:C:C:C:C:1OC(F)(F)F,0.0,NS(=O)(=O)c1ccccc1OC(F)(F)F
O=C=NCC1CCCC(CN=C=O)C1,0.0,O=C=NCC1CCCC(CN=C=O)C1
O=C(O)C1:C:C:C:C:C:1O.OC1:C:C:C:C2:C:C:C:N:C:1:2,0.0,O=C(O)c1ccccc1O.Oc1cccc2cccnc12
O=C(O)[C@@H](S)[C@H](S)C(=O)O,1.0,O=C(O)[C@@H](S)[C@H](S)C(=O)O
CC1:N:C:C(CO):C(CN):C:1O,0.0,Cc1ncc(CO)c(CN)c1O
NS(=O)(=O)C1:C:C:C(C(=O)O):C:C:1,0.0,NS(=O)(=O)c1ccc(C(=O)O)cc1
C[C@@H]1NC(=O)[C@@H](N)CNC(=O)[C@H]([C@@H]2CCNC(N)=N2)NC(=O)/C(=C/NC(N)=O)NC(=O)[C@H](CNC(=O)C[C@@H](N)CCCN)NC1=O,0.0,C[C@@H]1NC(=O)[C@@H](N)CNC(=O)[C@H]([C@@H]2CCNC(N)=N2)NC(=O)/C(=C/NC(N)=O)NC(=O)[C@H](CNC(=O)C[C@@H](N)CCCN)NC1=O
OCCOCCN1CCN(C2=NC3:C:C:C:C:C:3SC3:C:C:C:C:C:32)CC1,0.0,OCCOCCN1CCN(C2=Nc3ccccc3Sc3ccccc32)CC1
COC1:C:C:C(CN(CCN(C)C)C2:C:C:C:C:N:2):C:C:1,0.0,COc1ccc(CN(CCN(C)C)c2ccccn2)cc1
CN(C)C(=O)OC1:C:C:C:[N+](C):C:1,0.0,CN(C)C(=O)Oc1ccc[n+](C)c1
CC1:N:C:C(CO):C(CO):C:1O,0.0,Cc1ncc(CO)c(CO)c1O
CCC1NC(=O)C2:C:C(S(N)(=O)=O):C(Cl):C:C:2N1,0.0,CCC1NC(=O)c2cc(S(N)(=O)=O)c(Cl)cc2N1
C=C[C@H]1CN2CCC1C[C@@H]2[C@@H](O)C1:C:C:N:C2:C:C:C(OC):C:C:1:2,0.0,C=C[C@H]1CN2CCC1C[C@@H]2[C@@H](O)c1ccnc2ccc(OC)cc12
BrC1:C:C2:C:C:C:C:C:2:C2:C:C:C:C:C:1:2,0.0,Brc1cc2ccccc2c2ccccc12
CC(C)(N)CO,0.0,CC(C)(N)CO
CC(C)(CO)CO,0.0,CC(C)(CO)CO
O=S1(=O)CCCC1,0.0,O=S1(=O)CCCC1
O=[N+]([O-])C(CO)(CO)CO,1.0,O=[N+]([O-])C(CO)(CO)CO
OCC(CO)(CO)COCC(CO)(CO)CO,0.0,OCC(CO)(CO)COCC(CO)(CO)CO
O=[N+]([O-])OCCN(CCO[N+](=O)[O-])CCO[N+](=O)[O-],0.0,O=[N+]([O-])OCCN(CCO[N+](=O)[O-])CCO[N+](=O)[O-]
NC(CO)(CO)CO,0.0,NC(CO)(CO)CO
CO[Si](CCCS)(OC)OC,0.0,CO[Si](CCCS)(OC)OC
COC1:C:C2:C3:C:C:1OC1:C:C(:C:C:C:1O)C[C@@H]1C4:C(:C:C(OC):C(O):C:4OC4:C:C:C(:C:C:4)C[C@@H]3N(C)CC2)CC[N+]1(C)C,0.0,COc1cc2c3cc1Oc1cc(ccc1O)C[C@@H]1c4c(cc(OC)c(O)c4Oc4ccc(cc4)C[C@@H]3N(C)CC2)CC[N+]1(C)C
O=C(O[C@@H]1C[C@@H]2CC[C@H](C1)[N+]21CCCC1)C(O)(C1:C:C:C:C:C:1)C1:C:C:C:C:C:1,0.0,O=C(O[C@H]1C[C@H]2CC[C@@H](C1)[N+]21CCCC1)C(O)(c1ccccc1)c1ccccc1
COC1:C:C(C(=O)NC2CCCNC2):C:C(OC):C:1OC,0.0,COc1cc(C(=O)NC2CCCNC2)cc(OC)c1OC
C[N+](C)=CCl,0.0,C[N+](C)=CCl
CC(=O)C1:C:C:C:N:C:1,0.0,CC(=O)c1cccnc1
O=S1(=O)OC(C2:C:C:C([O-]):C:C:2)(C2:C:C:C(O):C:C:2)C2:C:C:C:C:C:21,0.0,O=S1(=O)OC(c2ccc([O-])cc2)(c2ccc(O)cc2)c2ccccc21
O=CN1CCOCC1,0.0,O=CN1CCOCC1
COC(=O)CCC(=O)O,0.0,COC(=O)CCC(=O)O
NCC1:C:C:C:N:C:1,0.0,NCc1cccnc1
CC1:C:C(O):C:C(C):C:1Cl,0.0,Cc1cc(O)cc(C)c1Cl
C1:C:C:C2:C:N:N:C:C:2:C:1,0.0,c1ccc2cnncc2c1
COC(=O)C1:C:C:C(CBr):C:C:1,0.0,COC(=O)c1ccc(CBr)cc1
CN1CCC2:C:C(Cl):C(O):C:C:2[C@H]2C3:C:C:C:C:C:3CC[C@@H]21,0.0,CN1CCc2cc(Cl)c(O)cc2[C@H]2c3ccccc3CC[C@@H]21
O=P(O)(OCC1:C:C:C:C:C:1)OCC1:C:C:C:C:C:1,0.0,O=P(O)(OCc1ccccc1)OCc1ccccc1
OC1:C:C:C(Cl):C:C:1CC1:C:C:C:C:C:1,1.0,Oc1ccc(Cl)cc1Cc1ccccc1
ClCC1:C:C:C:C:C:1,0.0,ClCc1ccccc1
OCC1:C:C:C:C:C:1,0.0,OCc1ccccc1
CC(=O)OCC1:C:C:C:C:C:1,0.0,CC(=O)OCc1ccccc1
COCCC1:C:C:C(OCC(O)CNC(C)C):C:C:1.COCCC1:C:C:C(OCC(O)CNC(C)C):C:C:1,0.0,COCCc1ccc(OCC(O)CNC(C)C)cc1.COCCc1ccc(OCC(O)CNC(C)C)cc1
CN(C)C(=N)NC(=N)N,0.0,CN(C)C(=N)NC(=N)N
CCCC[Sn](CCCC)(OC(C)=O)OC(C)=O,1.0,CCC[CH2][Sn]([CH2]CCC)([O]C(C)=O)[O]C(C)=O
C[NH+](C)CCC(C1:C:C:C:C:C:1)C1:C:C:C:C:[NH+]:1,0.0,C[NH+](C)CCC(c1ccccc1)c1cccc[nH+]1
CC(C)=CCC[C@H](C)CCO,0.0,CC(C)=CCC[C@H](C)CCO
CCOC1:C:C:C:C(N):C:1,0.0,CCOc1cccc(N)c1
NC1:C:C:C:C:C:1C(=O)OCCC1:C:C:C:C:C:1,0.0,Nc1ccccc1C(=O)OCCc1ccccc1
CC(C)CC(O)CC(C)C,0.0,CC(C)CC(O)CC(C)C
C=C(C)C(=O)OCCOP(=O)(O)OCCOC(=O)C(=C)C,0.0,C=C(C)C(=O)OCCOP(=O)(O)OCCOC(=O)C(=C)C
CC(C)OS(C)(=O)=O,0.0,CC(C)OS(C)(=O)=O
C=C(C)OC(C)=O,0.0,C=C(C)OC(C)=O
CC1:C:C(O):C:C2:C:1O[C@](C)(CCC[C@H](C)CCC[C@H](C)CCCC(C)C)CC2,0.0,Cc1cc(O)cc2c1O[C@](C)(CCC[C@H](C)CCC[C@H](C)CCCC(C)C)CC2
O=C1CC[C@@H](C(=O)O)N1,0.0,O=C1CC[C@@H](C(=O)O)N1
CN1C(=S)CN=C(C2:C:C:C:C:C:2)C2:C:C(Cl):C:C:C:21,0.0,CN1C(=S)CN=C(c2ccccc2)c2cc(Cl)ccc21
CCOC1:C:C(NC(C)=O):C:C:C:1C(=O)OC,0.0,CCOc1cc(NC(C)=O)ccc1C(=O)OC
COC1:C:C:C(N):C:C:1N,1.0,COc1ccc(N)cc1N
CC1(C)[C@@H](O[C@H]2O[C@H](C(=O)O)[C@@H](O)[C@H](O)[C@H]2O[C@@H]2O[C@H](C(=O)[O-])[C@@H](O)[C@H](O)[C@H]2O)CC[C@@]2(C)[C@H]1CC[C@]1(C)[C@@H]2C(=O)C=C2[C@@H]3C[C@@](C)(C(=O)O)CC[C@]3(C)CC[C@]21C,0.0,CC1(C)[C@@H](O[C@H]2O[C@H](C(=O)O)[C@@H](O)[C@H](O)[C@H]2O[C@@H]2O[C@H](C(=O)[O-])[C@@H](O)[C@H](O)[C@H]2O)CC[C@]2(C)[C@H]3C(=O)C=C4[C@@H]5C[C@@](C)(C(=O)O)CC[C@]5(C)CC[C@@]4(C)[C@]3(C)CC[C@@H]12
O=C1NC(=O)C(=O)C(=O)N1,0.0,O=C1NC(=O)C(=O)C(=O)N1
CC(C)(C)C1:C:C(/C=C2\SC(=N)NC2=O):C:C(C(C)(C)C):C:1O,1.0,CC(C)(C)c1cc(/C=C2\SC(=N)NC2=O)cc(C(C)(C)C)c1O
OCCCC1CCCCC1,0.0,OCCCC1CCCCC1
O=S(=O)([O-])C1:C:C:C2:C(/N=N\C3:C:C:C(S(=O)(=O)[O-]):C4:C:C:C:C:C:3:4):C(O):C(S(=O)(=O)[O-]):C:C:2:C:1,0.0,O=S(=O)([O-])c1ccc2c(/N=N\c3ccc(S(=O)(=O)[O-])c4ccccc34)c(O)c(S(=O)(=O)[O-])cc2c1
CC(C)OC(=O)C1:C:C:C:C:C:1C(=O)OC(C)C,0.0,CC(C)OC(=O)c1ccccc1C(=O)OC(C)C
CO[C@H]1[C@H]([C@@]2(C)O[C@@H]2CC=C(C)C)[C@]2(CC[C@H]1OC(=O)/C=C/C=C/C=C/C=C/C(=O)O)CO2,1.0,CO[C@@H]1[C@H](OC(=O)/C=C/C=C/C=C/C=C/C(=O)O)CC[C@]2(CO2)[C@H]1[C@@]1(C)O[C@@H]1CC=C(C)C
C1CCC2(CCCCO2)OC1,0.0,C1CCC2(CCCCO2)OC1
CCCCC(CC)COC(=O)C1:C:C:C:C:C:1O,0.0,CCCCC(CC)COC(=O)c1ccccc1O
C[C@H]1O[C@H](O[C@@H]2[C@@H](O)[C@@H](O)[C@H](O)[C@H](O)[C@H]2O)[C@@H](N)C[C@@H]1NC(=N)C(=O)O,0.0,C[C@H]1O[C@H](O[C@H]2[C@H](O)[C@@H](O)[C@@H](O)[C@H](O)[C@@H]2O)[C@@H](N)C[C@@H]1NC(=N)C(=O)O
CCCCOCCO,0.0,CCCCOCCO
CCCN(CCC)C(=O)SCC,0.0,CCCN(CCC)C(=O)SCC
O=S(=O)([O-])C1:C:C:C:C2:C:C:C:C:C:1:2,0.0,O=S(=O)([O-])c1cccc2ccccc12
CN(C)C1:C:C:C(C(=O)C2:C:C:C(N(C)C):C:C:2):C:C:1,0.0,CN(C)c1ccc(C(=O)c2ccc(N(C)C)cc2)cc1
N#CCCC#N,0.0,N#CCCC#N
CC1:N:C:C([N+](=O)[O-]):N:1CCO,0.0,Cc1ncc([N+](=O)[O-])n1CCO
C[N+]1(C)[C@H]2CC[C@@H]1C[C@H](OC(=O)C(CO)C1:C:C:C:C:C:1)C2,0.0,C[N+]1(C)[C@@H]2CC[C@H]1C[C@@H](OC(=O)C(CO)c1ccccc1)C2
CC(Cl)(Cl)C(=O)O,0.0,CC(Cl)(Cl)C(=O)O
CC(=O)C(Cl)Cl,0.0,CC(=O)C(Cl)Cl
CC(C)(C1:C:C:C:C:C:1)C1:C:C:C(O):C:C:1,1.0,CC(C)(c1ccccc1)c1ccc(O)cc1
CC1:C:C(O):C2:C(O):C3:C(O):C:C:C:C:3:C:C:2:C:1,1.0,Cc1cc(O)c2c(O)c3c(O)cccc3cc2c1
CC1:C:C:C:C:C:1N1CCN(CCC2:N:N:C3:N:2CCCC3)CC1,0.0,Cc1ccccc1N1CCN(CCc2nnc3n2CCCC3)CC1
C=CC1:C:C:C(S(=O)(=O)[O-]):C:C:1,1.0,C=Cc1ccc(S(=O)(=O)[O-])cc1
CC1CC2:C:C:C:C:C:2N1NC(=O)C1:C:C:C(Cl):C(S(N)(=O)=O):C:1,0.0,CC1Cc2ccccc2N1NC(=O)c1ccc(Cl)c(S(N)(=O)=O)c1
CC(=O)CC(=O)NC1:C:C:C2:[NH]:C(=O):[NH]:C:2:C:1,0.0,CC(=O)CC(=O)Nc1ccc2[nH]c(=O)[nH]c2c1
CCO[Si](C)(CCCOCC1CO1)OCC,0.0,CCO[Si](C)(CCCOCC1CO1)OCC
CCCCOCCOCCOCCO,0.0,CCCCOCCOCCOCCO
CCCCCCCC/C=C/C(=O)[O-].CCCCCCCC/C=C/C(=O)[O-],0.0,CCCCCCCC/C=C/C(=O)[O-].CCCCCCCC/C=C/C(=O)[O-]
CC1:C:C:C:C(CC2:C:[NH]:C:N:2):C:1C,0.0,Cc1cccc(Cc2c[nH]cn2)c1C
CCOC(=O)CC(=O)OCC,0.0,CCOC(=O)CC(=O)OCC
COC(=O)C1=C(C)NC(COC(N)=O)=C(C(=O)OC(C)C)C1C1:C:C:C:C(Cl):C:1Cl,1.0,COC(=O)C1=C(C)NC(COC(N)=O)=C(C(=O)OC(C)C)C1c1cccc(Cl)c1Cl
CCNC(=O)NCCCOC1:C:C:C:C(CN2CCCCC2):C:1,0.0,CCNC(=O)NCCCOc1cccc(CN2CCCCC2)c1
CC(=O)SCC(CC(=O)C1:C:C:C(C):C:C:1)C(=O)O,0.0,CC(=O)SCC(CC(=O)c1ccc(C)cc1)C(=O)O
CCOC(=O)CN1:C:C:C:C:1C1:N:C(C2:C:C:C(OC):C:C:2):C(C2:C:C:C(OC):C:C:2):S:1,1.0,CCOC(=O)Cn1cccc1-c1nc(-c2ccc(OC)cc2)c(-c2ccc(OC)cc2)s1
CC(C)(C)NC[C@H](O)C1:C:C:C(O):C:C:1Cl,0.0,CC(C)(C)NC[C@H](O)c1ccc(O)cc1Cl
CCCCC/C=C\C/C=C\CCCCCCCC(=O)NC(C)C1:C:C:C:C:C:1,1.0,CCCCC/C=C\C/C=C\CCCCCCCC(=O)NC(C)c1ccccc1
CC(NN)C1:C:C:C:C:C:1,0.0,CC(NN)c1ccccc1
O=CC1:C:C:C(Cl):C:C:1,0.0,O=Cc1ccc(Cl)cc1
CCN(C)C(=O)OC1:C:C:C:C([C@H](C)N(C)C):C:1,0.0,CCN(C)C(=O)Oc1cccc([C@H](C)N(C)C)c1
CCN(CC)C(C)C(=O)C1:C:C:C:C:C:1,0.0,CCN(CC)C(C)C(=O)c1ccccc1
CC1:C:C:C:C(C(=O)O):C:1[N+](=O)[O-],0.0,Cc1cccc(C(=O)O)c1[N+](=O)[O-]
CCN(CC)CCOC(=O)C1(C2:C:C:C:C:C:2)CCCC1.CCN(CC)CCOC(=O)C1(C2:C:C:C:C:C:2)CCCC1.O=S(=O)(O)CCS(=O)(=O)O,0.0,CCN(CC)CCOC(=O)C1(c2ccccc2)CCCC1.CCN(CC)CCOC(=O)C1(c2ccccc2)CCCC1.O=S(=O)(O)CCS(=O)(=O)O
ClC1:C:C:C:C:N:1,0.0,Clc1ccccn1
CCC(=O)/C=C/C1C(C)=CCCC1(C)C,0.0,CCC(=O)/C=C/C1C(C)=CCCC1(C)C
CC1CC(OC(=O)C2:C:C:C:C:C:2O)CC(C)(C)C1,0.0,CC1CC(OC(=O)c2ccccc2O)CC(C)(C)C1
CCCCCCCCCO,0.0,CCCCCCCCCO
CCCCCCNCCCCCC,0.0,CCCCCCNCCCCCC
CCN(CC)C1:C:C:C(N):C:C:1,1.0,CCN(CC)c1ccc(N)cc1
ClCCCCl,0.0,ClCCCCl
CCCCCCOC(C)=O,0.0,CCCCCCOC(C)=O
CCCCC(CC)COC(=O)CCCCCCCCC(=O)OCC(CC)CCCC,0.0,CCCCC(CC)COC(=O)CCCCCCCCC(=O)OCC(CC)CCCC
CCOC(C)=O,0.0,CCOC(C)=O
NCCNCCN,0.0,NCCNCCN
CCOP(=O)(CC)OCC,0.0,CCOP(=O)(CC)OCC
NC(=O)CCCCC(N)=O,0.0,NC(=O)CCCCC(N)=O
CNC(=O)ON=CC(C)(C)SC,0.0,CNC(=O)ON=CC(C)(C)SC
NN,0.0,NN
NNC1:N:C(C2:C:C:C:C:C:2):C:S:1,1.0,NNc1nc(-c2ccccc2)cs1
NNC1:N:C(C2:C:C:C(N):C:C:2):C:S:1,1.0,NNc1nc(-c2ccc(N)cc2)cs1
CC1:C:C:C:C:C:1CO[C@H]1C[C@]2(C(C)C)CC[C@@]1(C)O2,0.0,Cc1ccccc1CO[C@H]1C[C@]2(C(C)C)CC[C@@]1(C)O2
NNC1:C:C:C(C(=O)O):C:C:1,0.0,NNc1ccc(C(=O)O)cc1
CCCCCCOC1:C:C:C:C:C:1C(=O)O,0.0,CCCCCCOc1ccccc1C(=O)O
O=C(OCC1:C:C:C:C:C:1)C(=O)OCC1:C:C:C:C:C:1,0.0,O=C(OCc1ccccc1)C(=O)OCc1ccccc1
CCCSC1:C:C:C2:[NH]:C(NC(=O)OC):N:C:2:C:1,0.0,CCCSc1ccc2[nH]c(NC(=O)OC)nc2c1
CCC1:C:C:C:C(C):C:1N(C(=O)CCl)[C@@H](C)COC,1.0,CCc1cccc(C)c1N(C(=O)CCl)[C@@H](C)COC
O=C(O)C1:C:C:C:C:C:1C(=O)NC1:C:C:C:C2:C:C:C:C:C:1:2,1.0,O=C(O)c1ccccc1C(=O)Nc1cccc2ccccc12
CCC(=O)OC1(C2:C:C:C:C:C:2)CCN(C)CC1,0.0,CCC(=O)OC1(c2ccccc2)CCN(C)CC1
COC1:C:C(C2:C:C:C(=O):[NH]:N:2):C:C:C:1OC(F)F,0.0,COc1cc(-c2ccc(=O)[nH]n2)ccc1OC(F)F
CCCCN(CCCC)CCCOC(=O)C1:C:C:C(N):C:C:1,0.0,CCCCN(CCCC)CCCOC(=O)c1ccc(N)cc1
CCCCOC1:C:C(C(=O)NCCN(CC)CC):C2:C:C:C:C:C:2:N:1,0.0,CCCCOc1cc(C(=O)NCCN(CC)CC)c2ccccc2n1
CC(C)(C1:C:C(Br):C(OCC(Br)CBr):C(Br):C:1)C1:C:C(Br):C(OCC(Br)CBr):C(Br):C:1,0.0,CC(C)(c1cc(Br)c(OCC(Br)CBr)c(Br)c1)c1cc(Br)c(OCC(Br)CBr)c(Br)c1
CC(C)C1:C:C:C(C(C)C):C:C:1,0.0,CC(C)c1ccc(C(C)C)cc1
COC1:C2:O:C:C:C:2:C:C2:C:C:C(=O):O:C:1:2,0.0,COc1c2occc2cc2ccc(=O)oc12
COC(C)(C)C,0.0,COC(C)(C)C
COC(N)=O,0.0,COC(N)=O
COC(=O)NN,0.0,COC(=O)NN
CC1:C:C:C:C(/N=N/C2:C:C:C(N(C)C):C:C:2):C:1,1.0,Cc1cccc(/N=N/c2ccc(N(C)C)cc2)c1
CCCC1:N:N(C):C2:C(=O):[NH]:C(C3:C:C(S(=O)(=O)N4CCN(C)CC4):C:C:C:3OCC):N:C:1:2.O=C(O)CC(O)(CC(=O)O)C(=O)O,0.0,CCCc1nn(C)c2c(=O)[nH]c(-c3cc(S(=O)(=O)N4CCN(C)CC4)ccc3OCC)nc12.O=C(O)CC(O)(CC(=O)O)C(=O)O
O=C(O)CNC(=O)C1:C:C:C:C:C:1,0.0,O=C(O)CNC(=O)c1ccccc1
CCCCN1CCCC[C@H]1C(=O)NC1:C(C):C:C:C:C:1C,0.0,CCCCN1CCCC[C@H]1C(=O)Nc1c(C)cccc1C
CC(C)(C)OC(=O)N1C[C@@H](F)C[C@H]1C(=O)O,0.0,CC(C)(C)OC(=O)N1C[C@@H](F)C[C@H]1C(=O)O
O=C(OCC1CO1)C1CCCCC1C(=O)OCC1CO1,1.0,O=C(OCC1CO1)C1CCCCC1C(=O)OCC1CO1
OC1:N:C(O):N:C(O):N:1,0.0,Oc1nc(O)nc(O)n1
N#CC1(O)CCCCC1,0.0,N#CC1(O)CCCCC1
CCOC(=O)C1:N:C:N2:C:1CN(C)C(=O)C1:C:C(F):C:C:C:12,0.0,CCOC(=O)c1ncn2c1CN(C)C(=O)c1cc(F)ccc1-2
CNCCC(OC1:C:C:C(C(F)(F)F):C:C:1)C1:C:C:C:C:C:1,0.0,CNCCC(Oc1ccc(C(F)(F)F)cc1)c1ccccc1
C[C@]12C[C@H](O)[C@@]3(F)[C@@H](CCC4=CC(=O)CC[C@@]43C)[C@@H]1CC[C@]2(O)C(=O)CO,0.0,C[C@]12CCC(=O)C=C1CC[C@H]1[C@@H]3CC[C@](O)(C(=O)CO)[C@@]3(C)C[C@H](O)[C@@]12F
CCCCCCCCCCCCCCCCCCOCC(O)CO,0.0,CCCCCCCCCCCCCCCCCCOCC(O)CO
CSCCC=O,0.0,CSCCC=O
CC(C)(C)C(=O)Cl,0.0,CC(C)(C)C(=O)Cl
CCCCC(CC)COC(=O)Cl,0.0,CCCCC(CC)COC(=O)Cl
CCCCC(CC)C(=O)[O-],0.0,CCCCC(CC)C(=O)[O-]
BrC1CCC(Br)C(Br)CCC(Br)C(Br)CCC1Br,1.0,BrC1CCC(Br)C(Br)CCC(Br)C(Br)CCC1Br
COCN(COC)C1:N:C(N(COC)COC):N:C(N(COC)COC):N:1,0.0,COCN(COC)c1nc(N(COC)COC)nc(N(COC)COC)n1
O=CC1:C:C:C:C(Br):C:1,0.0,O=Cc1cccc(Br)c1
C/C=C/C=C/C(=O)[O-],0.0,C/C=C/C=C/C(=O)[O-]
CC1:C:C(C):N:C(NC2:C:C:C:C:C:2):N:1,0.0,Cc1cc(C)nc(Nc2ccccc2)n1
NC1:C:N:N(C2:C:C:C:C:C:2):C(=O):C:1Cl,0.0,Nc1cnn(-c2ccccc2)c(=O)c1Cl
CCOC(=O)COC1:C:C(C2:N:N(C):C(OC(F)F):C:2Cl):C(F):C:C:1Cl,0.0,CCOC(=O)COc1cc(-c2nn(C)c(OC(F)F)c2Cl)c(F)cc1Cl
CCCCCC=CCC(=O)OC,0.0,CCCCCC=CCC(=O)OC
CCCCCCCCC(=O)OCC,0.0,CCCCCCCCC(=O)OCC
CCCCCCCC#N,0.0,CCCCCCCC#N
CCCCCCCCCCCCCC(=O)OCC,0.0,CCCCCCCCCCCCCC(=O)OCC
CCCCCCC(O)CCOC(C)=O,0.0,CCCCCCC(O)CCOC(C)=O
C=CCCCCCCCCO,0.0,C=CCCCCCCCCO
O=C([O-])C1:C:C:C2:C(:C:1):N:C(C(=O)NC1CCN(C3CC3)CC1):N:2CC1:C:C(C2:C:C:C(Cl):S:2):O:N:1,0.0,O=C([O-])c1ccc2c(c1)nc(C(=O)NC1CCN(C3CC3)CC1)n2Cc1cc(-c2ccc(Cl)s2)on1
NC1:N:C(N):C(C2:C:C:C:C:C:2):S:1,0.0,Nc1nc(N)c(-c2ccccc2)s1
CC1:C:C:C:C(C):C:1NC(=O)CN(CC(=O)O)CC(=O)O,0.0,Cc1cccc(C)c1NC(=O)CN(CC(=O)O)CC(=O)O
CCCCCCCCCCCCCCCC[N+]1:C:C:C:C:C:1,1.0,CCCCCCCCCCCCCCCC[n+]1ccccc1
CCCCCCCCCCCCCCCCN,0.0,CCCCCCCCCCCCCCCCN
COC1:C:C:C(C(=O)N2CCN(CC(=O)N3CCOCC3)CC2):C:C:1,0.0,COc1ccc(C(=O)N2CCN(CC(=O)N3CCOCC3)CC2)cc1
COC1:C:C(C=C2CCCC(=CC3:C:C:C(O):C(OC):C:3)C2=O):C:C:C:1O,1.0,COc1cc(C=C2CCCC(=Cc3ccc(O)c(OC)c3)C2=O)ccc1O
CNC(=O)NC(O)C(Cl)(Cl)Cl,0.0,CNC(=O)NC(O)C(Cl)(Cl)Cl
CCNC(=O)C1CC(C)CCC1C(C)C,0.0,CCNC(=O)C1CC(C)CCC1C(C)C
CCC1:C:C:C(O):C(OC):C:1,0.0,CCc1ccc(O)c(OC)c1
CC/C=C\CC/C=C/C(OCC)OCC,1.0,CC/C=C\CC/C=C/C(OCC)OCC
CS(=O)(=O)C1:C:C:C(C(=O)C2C(=O)CCCC2=O):C(Cl):C:1COCC(F)(F)F,0.0,CS(=O)(=O)c1ccc(C(=O)C2C(=O)CCCC2=O)c(Cl)c1COCC(F)(F)F
CN(C)C1CSSSC1,1.0,CN(C)C1CSSSC1
C[C@@H](O)C(=O)O,0.0,C[C@@H](O)C(=O)O
OC[C@H]1O[C@@H]2O[C@@H]3[C@@H](CO)O[C@H](O[C@@H]4[C@@H](CO)O[C@H](O[C@@H]5[C@@H](CO)O[C@H](O[C@@H]6[C@@H](CO)O[C@H](O[C@@H]7[C@@H](CO)O[C@H](O[C@@H]8[C@@H](CO)O[C@H](O[C@@H]9[C@@H](CO)O[C@H](O[C@H]1[C@H](O)[C@H]2O)[C@H](O)[C@H]9O)[C@H](O)[C@H]8O)[C@H](O)[C@H]7O)[C@H](O)[C@H]6O)[C@H](O)[C@H]5O)[C@H](O)[C@H]4O)[C@H](O)[C@H]3O,0.0,OC[C@H]1O[C@@H]2O[C@H]3[C@H](O)[C@@H](O)[C@@H](O[C@H]4[C@H](O)[C@@H](O)[C@@H](O[C@H]5[C@H](O)[C@@H](O)[C@@H](O[C@H]6[C@H](O)[C@@H](O)[C@@H](O[C@H]7[C@H](O)[C@@H](O)[C@@H](O[C@H]8[C@H](O)[C@@H](O)[C@@H](O[C@H]9[C@H](O)[C@@H](O)[C@@H](O[C@H]1[C@H](O)[C@H]2O)O[C@@H]9CO)O[C@@H]8CO)O[C@@H]7CO)O[C@@H]6CO)O[C@@H]5CO)O[C@@H]4CO)O[C@@H]3CO
CC1=CC[C@@]23CC1C(C)(C)[C@@H]2CC[C@H]3C,0.0,CC1=CC[C@@]23CC1C(C)(C)[C@@H]2CC[C@H]3C
O=C(OCCCCCOC(=O)C1:C:C:C:C:C:1)C1:C:C:C:C:C:1,0.0,O=C(OCCCCCOC(=O)c1ccccc1)c1ccccc1
CCCCOCCOCCSC#N,0.0,CCCCOCCOCCSC#N
O=C(N[C@H]1CN2CCC1CC2)C1:C:C:C2:C(:C:1)OCCO2,0.0,O=C(N[C@H]1CN2CCC1CC2)c1ccc2c(c1)OCCO2
NC1:N:C(Cl):N:C2:C:1:N:C:N:2[C@H]1C[C@H](O)[C@@H](CO)O1,0.0,Nc1nc(Cl)nc2c1ncn2[C@H]1C[C@H](O)[C@@H](CO)O1
CC[C@H]1OC(=O)[C@H](C)[C@@H](O[C@H]2C[C@@](C)(OC)[C@@H](O)[C@H](C)O2)C(C)[C@@H](O[C@@H]2O[C@H](C)C[C@H](N(C)C)[C@H]2O)[C@](C)(OC)C[C@@H](C)C(=O)[C@H](C)[C@@H](O)[C@]1(C)O,0.0,CC[C@H]1OC(=O)[C@H](C)[C@@H](O[C@H]2C[C@@](C)(OC)[C@@H](O)[C@H](C)O2)C(C)[C@@H](O[C@@H]2O[C@H](C)C[C@H](N(C)C)[C@H]2O)[C@](C)(OC)C[C@@H](C)C(=O)[C@H](C)[C@@H](O)[C@]1(C)O
COC1:C:C(N):C(Cl):C:C:1C(=O)NC1CCN(CCCOC2:C:C:C(F):C:C:2)CC1OC,0.0,COc1cc(N)c(Cl)cc1C(=O)NC1CCN(CCCOc2ccc(F)cc2)CC1OC
CCN1:N:C(C(=O)O):C(=O):C2:C:C3:C(:C:C:2:1)OCO3,0.0,CCn1nc(C(=O)O)c(=O)c2cc3c(cc21)OCO3
C(=C/C1:C:C:C:C:C:1)\CN1CCN(C(C2:C:C:C:C:C:2)C2:C:C:C:C:C:2)CC1,1.0,C(=C\c1ccccc1)/CN1CCN(C(c2ccccc2)c2ccccc2)CC1
BrCCCBr,0.0,BrCCCBr
COC1:C:C:C(C(Cl)=C(C2:C:C:C(OC):C:C:2)C2:C:C:C(OC):C:C:2):C:C:1,0.0,COc1ccc(C(Cl)=C(c2ccc(OC)cc2)c2ccc(OC)cc2)cc1
CCCCCCCCCCCCCOS(=O)(=O)[O-],0.0,CCCCCCCCCCCCCOS(=O)(=O)[O-]
CC1:C:C(C):N:C(NS(=O)(=O)C2:C:C:C(N):C:C:2):N:1,0.0,Cc1cc(C)nc(NS(=O)(=O)c2ccc(N)cc2)n1
O=S(=O)([O-])[O-].[Na+].[Na+],0.0,O=S(=O)([O-])[O-].[Na+].[Na+]
CC1:N:O:C(NS(=O)(=O)C2:C:C:C(N):C:C:2):C:1C,0.0,Cc1noc(NS(=O)(=O)c2ccc(N)cc2)c1C
COC1:C:C([C@H]2OC3:C:C([C@H]4OC5:C:C(O):C:C(O):C:5C(=O)[C@@H]4O):C:C:C:3O[C@@H]2CO):C:C:C:1O,0.0,COc1cc([C@H]2Oc3cc([C@H]4Oc5cc(O)cc(O)c5C(=O)[C@@H]4O)ccc3O[C@@H]2CO)ccc1O
O=S1(=O)CC=CC1,0.0,O=S1(=O)CC=CC1
CCCCC1(COC(=O)CCC(=O)O)C(=O)N(C2:C:C:C:C:C:2)N(C2:C:C:C:C:C:2)C1=O,1.0,CCCCC1(COC(=O)CCC(=O)O)C(=O)N(c2ccccc2)N(c2ccccc2)C1=O
CNCCO,0.0,CNCCO
CN(C)C1:C:C:C2:N:C3:C:C:C(N(C)C):C:C:3:[S+]:C:2:C:1,1.0,CN(C)c1ccc2nc3ccc(N(C)C)cc3[s+]c2c1
C=CCC1:C:C:C(OC):C(OC):C:1,0.0,C=CCc1ccc(OC)c(OC)c1
CCN(CC)CCOC(=O)C1(C2CCCCC2)CCCCC1,0.0,CCN(CC)CCOC(=O)C1(C2CCCCC2)CCCCC1
COC=O,0.0,COC=O
C#C[C@]1(OC(C)=O)CC[C@H]2[C@@H]3CCC4=C/C(=N/O)CC[C@@H]4[C@H]3CC[C@@]21CC,0.0,C#C[C@]1(OC(C)=O)CC[C@H]2[C@@H]3CCC4=C/C(=N/O)CC[C@@H]4[C@H]3CC[C@@]21CC
C[N+]1(CC2COC(C3:C:C:C:C:C:3)(C3CCCCC3)O2)CCCCC1,0.0,C[N+]1(CC2COC(c3ccccc3)(C3CCCCC3)O2)CCCCC1
CC(CC=O)CCCC(C)(C)O,0.0,CC(CC=O)CCCC(C)(C)O
CCCCCCCCO[C@@H]1O[C@H](CO)[C@@H](O)[C@H](O)[C@H]1O,0.0,CCCCCCCCO[C@@H]1O[C@H](CO)[C@@H](O)[C@H](O)[C@H]1O
CCN(CC)CCNC(=O)COC1:C:C:C(OC):C:C:1,0.0,CCN(CC)CCNC(=O)COc1ccc(OC)cc1
CC1:C:C(C2:C:C:C:C:C:2):N:N:C:1NCCN1CCOCC1,0.0,Cc1cc(-c2ccccc2)nnc1NCCN1CCOCC1
CC(=O)OC1:C:C:C2:C(:C:1)CC[C@@H]1[C@@H]2CC[C@]2(C)[C@@H](O)CC[C@@H]12,0.0,CC(=O)Oc1ccc2c(c1)CC[C@@H]1[C@@H]2CC[C@]2(C)[C@@H](O)CC[C@@H]12
CC1:C:C:C(C(=O)C(C)CN2CCCCC2):C:C:1,1.0,Cc1ccc(C(=O)C(C)CN2CCCCC2)cc1
CC(C)COC(=O)CCCCC(=O)OCC(C)C,0.0,CC(C)COC(=O)CCCCC(=O)OCC(C)C
O=C1:S:C2:C:C:C:C:C:2:C(O):C:1C1CC(C2:C:C:C(C3:C:C:C(Br):C:C:3):C:C:2)CC2:C:C:C:C:C:21,1.0,O=c1sc2ccccc2c(O)c1C1CC(c2ccc(-c3ccc(Br)cc3)cc2)Cc2ccccc21
O=[N+]([O-])C1:C:C:C(C=CC2:C:C:C([N+](=O)[O-]):C:C:2S(=O)(=O)[O-]):C(S(=O)(=O)[O-]):C:1,0.0,O=[N+]([O-])c1ccc(C=Cc2ccc([N+](=O)[O-])cc2S(=O)(=O)[O-])c(S(=O)(=O)[O-])c1
CCN(O)CC,0.0,CCN(O)CC
CC1:C:C:C2:C(Cl):C:C(Cl):C(O):C:2:N:1,0.0,Cc1ccc2c(Cl)cc(Cl)c(O)c2n1
COC(=O)CCC1:C:C:C(OCC(O)CNC(C)C):C:C:1,0.0,COC(=O)CCc1ccc(OCC(O)CNC(C)C)cc1
C=CC(=O)NC(C)C,0.0,C=CC(=O)NC(C)C
O=C(NC1:C:C:C:C:C:1SSC1:C:C:C:C:C:1NC(=O)C1:C:C:C:C:C:1)C1:C:C:C:C:C:1,0.0,O=C(Nc1ccccc1SSc1ccccc1NC(=O)c1ccccc1)c1ccccc1
CC(C)C1:C:C:C:C(C(C)C):C:1O,0.0,CC(C)c1cccc(C(C)C)c1O
CC1:C(C(C)C):C(=O):N(C2:C:C:C:C:C:2):N:1C,0.0,Cc1c(C(C)C)c(=O)n(-c2ccccc2)n1C
[O-][Cl+3]([O-])([O-])[O-],0.0,[O-][Cl+3]([O-])([O-])[O-]
CCN(C)N=O,0.0,CCN(C)N=O
CCCCCO,0.0,CCCCCO
O=NN(C1:C:C:C:C:C:1)C1:C:C:C:C:C:1,0.0,O=NN(c1ccccc1)c1ccccc1
O=NC1:C:C:C(NC2:C:C:C:C:C:2):C:C:1,1.0,O=Nc1ccc(Nc2ccccc2)cc1
CCCN(CCC)N=O,0.0,CCCN(CCC)N=O
C[N+](C)(C)C,0.0,C[N+](C)(C)C
O=NN1CCCCCCC1,0.0,O=NN1CCCCCCC1
COC1:C:C(OC):C(OC):C:C:1C=O,0.0,COc1cc(OC)c(OC)cc1C=O
C=C(C)C(=O)OC(C)C,0.0,C=C(C)C(=O)OC(C)C
N=C(N)C1:C:C:C:C:C:1,0.0,N=C(N)c1ccccc1
CCCC[N+](CCCC)(CCCC)CCCC,0.0,CCCC[N+](CCCC)(CCCC)CCCC
CC1CCN(CCCC(=O)C2:C:C:C(F):C:C:2)CC1,0.0,CC1CCN(CCCC(=O)c2ccc(F)cc2)CC1
CC(=O)CC(=O)OC(C)(C)C,0.0,CC(=O)CC(=O)OC(C)(C)C
N=C(N)NN,0.0,N=C(N)NN
CC1:C:C:C(C(N)=O):C:C:1N,0.0,Cc1ccc(C(N)=O)cc1N
ClCCCCCCCl,0.0,ClCCCCCCCl
CN1C(=O)CC(C)(C2:C:C:C:C:C:2)C1=O,0.0,CN1C(=O)CC(C)(c2ccccc2)C1=O
C[C@](N)(CC1:C:C:C(O):C(O):C:1)C(=O)O,0.0,C[C@](N)(Cc1ccc(O)c(O)c1)C(=O)O
CCC(C)NC1:C([N+](=O)[O-]):C:C(C(C)(C)C):C:C:1[N+](=O)[O-],0.0,CCC(C)Nc1c([N+](=O)[O-])cc(C(C)(C)C)cc1[N+](=O)[O-]
C[C@H]1CCC[C@@H](C)N1CCCC(O)(C1:C:C:C:C:C:1)C1:C:C:C:C:N:1,0.0,C[C@@H]1CCC[C@H](C)N1CCCC(O)(c1ccccc1)c1ccccn1
CN1CCN(C2=NC3:C:C:C:C:C:3OC3:C:C:C(Cl):C:C:32)CC1.O=C(O)CCC(=O)O,0.0,CN1CCN(C2=Nc3ccccc3Oc3ccc(Cl)cc32)CC1.O=C(O)CCC(=O)O
NC1:C:C:C2:C:C(S(=O)(=O)O):C:C:C:2:C:1,0.0,Nc1ccc2cc(S(=O)(=O)O)ccc2c1
C1:C:C:C2:C(:C:1):C:C1:C:C:C3:C:C:C:C4:C:C:C:2:C:1:C:3:4,1.0,c1ccc2c(c1)cc1ccc3cccc4ccc2c1c34
NC1:C:C:C(C2:C:C:C(N):C:C:2):C:C:1,1.0,Nc1ccc(-c2ccc(N)cc2)cc1
[Ba+2],0.0,[Ba+2]
C1:C:C:C:C:C:1,0.0,c1ccccc1
O=CC1:C:C:C:C:C:1,0.0,O=Cc1ccccc1
C=CCCC,0.0,C=CCCC
CCOC(=O)CP(=O)(OCC)OCC,0.0,CCOC(=O)CP(=O)(OCC)OCC
O=C(O)COCC(=O)O,0.0,O=C(O)COCC(=O)O
CCCCC,0.0,CCCCC
N#CC(C#N)=C(C#N)C#N,1.0,N#CC(C#N)=C(C#N)C#N
O=C(O)C1:C2:C:C:C:C:C:2:C:C2:C:C:C:C:C:1:2,0.0,O=C(O)c1c2ccccc2cc2ccccc12
O=C(CBr)C1:C:C:C:C:C:1,1.0,O=C(CBr)c1ccccc1
C[N+](C)(C)CC(=O)[O-],0.0,C[N+](C)(C)CC(=O)[O-]
COC1:C:C:C(C=O):C:C:1O,0.0,COc1ccc(C=O)cc1O
CCN(CC)CCNC(=O)C1:C:C:C(N):C:C:1,0.0,CCN(CC)CCNC(=O)c1ccc(N)cc1
O=C1:[NH]:[NH]:C2:C:C:C:C:C:1:2,0.0,O=c1[nH][nH]c2ccccc12
O=C1C(I)=CC(=C(C2:C:C(I):C([O-]):C(I):C:2)C2:C:C:C:C:C:2C(=O)[O-])C=C1I,1.0,O=C1C(I)=CC(=C(c2cc(I)c([O-])c(I)c2)c2ccccc2C(=O)[O-])C=C1I
CN(CCOC1:C:C:C(CC2SC(=O)NC2=O):C:C:1)C1:C:C:C:C:N:1,1.0,CN(CCOc1ccc(CC2SC(=O)NC2=O)cc1)c1ccccn1
CNC(=O)N(C1:C:C:C:C:C:1)C1:C:C:C:C:C:1,0.0,CNC(=O)N(c1ccccc1)c1ccccc1
CN(CCO)CCO,0.0,CN(CCO)CCO
CC1CCCC1,1.0,CC1CCCC1
C=CC(=O)NCNC(=O)C=C,1.0,C=CC(=O)NCNC(=O)C=C
C[C@H](CN1CCOCC1)C(C(=O)N1CCCC1)(C1:C:C:C:C:C:1)C1:C:C:C:C:C:1,0.0,C[C@H](CN1CCOCC1)C(C(=O)N1CCCC1)(c1ccccc1)c1ccccc1
NC1:C:C:C:C:C:1C1:C:C:C:C:C:1,0.0,Nc1ccccc1-c1ccccc1
CC1:C:C:C(C(=O)C2:C:C:C:C:C:2):C:C:1,0.0,Cc1ccc(C(=O)c2ccccc2)cc1
CC(C)(C)C1:C:C(C(C)(C)C):C(O):C(C(C)(C)C):C:1,0.0,CC(C)(C)c1cc(C(C)(C)C)c(O)c(C(C)(C)C)c1
CCCCS,0.0,CCCCS
CC[C@H](O)C(C[C@H](C)N(C)C)(C1:C:C:C:C:C:1)C1:C:C:C:C:C:1,0.0,CC[C@H](O)C(C[C@H](C)N(C)C)(c1ccccc1)c1ccccc1
BrC1:C(NC2=NCCN2):C:C:C2:N:C:C:N:C:1:2,0.0,Brc1c(NC2=NCCN2)ccc2nccnc12
C[C@]12C=CC3=C4CCC(=O)C=C4CC[C@H]3[C@@H]1CC[C@@H]2O,1.0,C[C@]12C=CC3=C4CCC(=O)C=C4CC[C@H]3[C@@H]1CC[C@@H]2O
COC1:C:C:C(C(=O)C2:C:C:C(C):C:C:2):C(O):C:1,0.0,COc1ccc(C(=O)c2ccc(C)cc2)c(O)c1
CCCCNC(=O)NS(=O)(=O)C1:C:C:C(C):C:C:1,0.0,CCCCNC(=O)NS(=O)(=O)c1ccc(C)cc1
CCCCCCCC(=O)OCC(O)CO,0.0,CCCCCCCC(=O)OCC(O)CO
CCCCCCCCCCCCCC(=O)OCC(O)CO,0.0,CCCCCCCCCCCCCC(=O)OCC(O)CO
CC1:C:C:C(S(=O)(=O)NC(=O)NN2CCCCCC2):C:C:1,0.0,Cc1ccc(S(=O)(=O)NC(=O)NN2CCCCCC2)cc1
C=CCN(CC=C)C(=O)C(Cl)Cl,0.0,C=CCN(CC=C)C(=O)C(Cl)Cl
CCCCCCCCCCCCCCCCO,1.0,CCCCCCCCCCCCCCCCO
C=CCC1:C:C:C(OC):C:C:1,0.0,C=CCc1ccc(OC)cc1
C=CC(=O)OC,0.0,C=CC(=O)OC
O=C1C2:C:C:C:C(O):C:2C(=O)C2:C(O):C:C(CO):C:C:21,1.0,O=C1c2cccc(O)c2C(=O)c2c(O)cc(CO)cc21
C1CSCCS1,0.0,C1CSCCS1
CN(C)C(=O)C(C1:C:C:C:C:C:1)C1:C:C:C:C:C:1,1.0,CN(C)C(=O)C(c1ccccc1)c1ccccc1
OC[C@H]1O[C@@H]2O[C@@H]3[C@@H](CO)O[C@H](O[C@@H]4[C@@H](CO)O[C@H](O[C@@H]5[C@@H](CO)O[C@H](O[C@@H]6[C@@H](CO)O[C@H](O[C@@H]7[C@@H](CO)O[C@H](O[C@H]1[C@H](O)[C@H]2O)[C@H](O)[C@H]7O)[C@H](O)[C@H]6O)[C@H](O)[C@H]5O)[C@H](O)[C@H]4O)[C@H](O)[C@H]3O,1.0,OC[C@H]1O[C@@H]2O[C@H]3[C@H](O)[C@@H](O)[C@@H](O[C@H]4[C@H](O)[C@@H](O)[C@@H](O[C@H]5[C@H](O)[C@@H](O)[C@@H](O[C@H]6[C@H](O)[C@@H](O)[C@@H](O[C@H]7[C@H](O)[C@@H](O)[C@@H](O[C@H]1[C@H](O)[C@H]2O)O[C@@H]7CO)O[C@@H]6CO)O[C@@H]5CO)O[C@@H]4CO)O[C@@H]3CO
CCCCCC[C@@H](O)C/C=C\CCCCCCCC(=O)OC,0.0,CCCCCC[C@@H](O)C/C=C\CCCCCCCC(=O)OC
NC1:N:C:N([C@H]2C[C@H](O)[C@@H](CO)O2):C(=O):N:1,0.0,Nc1ncn([C@H]2C[C@H](O)[C@@H](CO)O2)c(=O)n1
COC(=O)C1:C:C:C(NC(C)=O):C:C:1OC,0.0,COC(=O)c1ccc(NC(C)=O)cc1OC
COC(=O)C1:C:C(Cl):C(NC(C)=O):C:C:1OC,0.0,COC(=O)c1cc(Cl)c(NC(C)=O)cc1OC
NC1:C:C:C([N+](=O)[O-]):C(C(F)(F)F):C:1,0.0,Nc1ccc([N+](=O)[O-])c(C(F)(F)F)c1
CCOC(=O)C1:C:C:C(O):C(O):C:1,0.0,CCOC(=O)c1ccc(O)c(O)c1
OC1(C2:C:C:C(Cl):C:C:2)CCNCC1,0.0,OC1(c2ccc(Cl)cc2)CCNCC1
ClC1:C:C:C:C:C:1N1CCNCC1,1.0,Clc1ccccc1N1CCNCC1
O=C(C1:C:C:C:O:1)N1CCNCC1,0.0,O=C(c1ccco1)N1CCNCC1
CC(=O)C1:C:C:C(O):C(C(N)=O):C:1,0.0,CC(=O)c1ccc(O)c(C(N)=O)c1
CCCC(=O)NC1:C:C:C(O):C(C(C)=O):C:1,0.0,CCCC(=O)Nc1ccc(O)c(C(C)=O)c1
OC1(C2:C:C:C:C:C:2)CCNCC1,0.0,OC1(c2ccccc2)CCNCC1
CC(=O)CC(=O)NC1:C:C:C(C):C:C:1C,0.0,CC(=O)CC(=O)Nc1ccc(C)cc1C
CCOC(=O)C1:C:C:C:C:C:1C,0.0,CCOC(=O)c1ccccc1C
C[Si](C)(C)O[Si](C)(C)O[Si](C)(C)C,0.0,C[Si](C)(C)O[Si](C)(C)O[Si](C)(C)C
CC1:C:C(C):C(N):C(Cl):C:1,0.0,Cc1cc(C)c(N)c(Cl)c1
CCC(C)(C)C1CCC(O)CC1,0.0,CCC(C)(C)C1CCC(O)CC1
CCCOC(=O)C1:C:C:C:C:C:1,0.0,CCCOC(=O)c1ccccc1
CCC(CO)(CO)COCC(CC)(CO)CO,0.0,CCC(CO)(CO)COCC(CC)(CO)CO
N=C1NC(=N)C2:C:C:C:C:C:21,1.0,N=C1NC(=N)c2ccccc21
C=C(C)C(=O)OCCCCOC(=O)C(=C)C,0.0,C=C(C)C(=O)OCCCCOC(=O)C(=C)C
CCCCCCCCCCCC(=O)N(CC)CC,0.0,CCCCCCCCCCCC(=O)N(CC)CC
N#CCCOCCOCCC#N,0.0,N#CCCOCCOCCC#N
C=CC(=O)OCCCCCCCCCC,0.0,C=CC(=O)OCCCCCCCCCC
CC1:C:C:C(N(CCO)CCO):C:C:1,0.0,Cc1ccc(N(CCO)CCO)cc1
CN(C)CCN(C)CCO,0.0,CN(C)CCN(C)CCO
C(COCC1CO1)OCC1CO1,1.0,C(COCC1CO1)OCC1CO1
CCC(=O)NC1:C:C:C:C(N):C:1,0.0,CCC(=O)Nc1cccc(N)c1
O=C(N[C@H]1N=C(C2:C:C:C:C:C:2F)C2:C:C:C:C3:C:2N(CC3)C1=O)C1:C:C2:C:C:C:C:C:2:[NH]:1,0.0,O=C(N[C@H]1N=C(c2ccccc2F)c2cccc3c2N(CC3)C1=O)c1cc2ccccc2[nH]1
CCC(C(=O)NC(=O)NC(C)=O)C1:C:C:C:C:C:1,0.0,CCC(C(=O)NC(=O)NC(C)=O)c1ccccc1
O=C(O)CNC(=O)CNC(=O)CNC(=O)CSC(=O)C1:C:C:C:C:C:1,0.0,O=C(O)CNC(=O)CNC(=O)CNC(=O)CSC(=O)c1ccccc1
NC1:C:C:N(C2CO[C@H](CO)O2):C(=O):N:1,0.0,Nc1ccn(C2CO[C@H](CO)O2)c(=O)n1
CCN1CCN(C2:C:C(C3:C:C:C(F):C:C:3):C3:C(:N:2)CCCCCC3)CC1,0.0,CCN1CCN(c2cc(-c3ccc(F)cc3)c3c(n2)CCCCCC3)CC1
CCOC(=O)OCC/C(SC(=O)OCC)=C(\C)N(C=O)CC1:C:N:C(C):N:C:1N,0.0,CCOC(=O)OCC/C(SC(=O)OCC)=C(\C)N(C=O)Cc1cnc(C)nc1N
CC[C@]1(O)C[C@@H]2CN(CCC3:C(:[NH]:C4:C:C:C:C:C:3:4)[C@@](C(=O)OC)(C3:C:C4:C(:C:C:3OC)N(C)[C@H]3[C@@](O)(C(=O)OC)[C@H](OC(C)=O)[C@]5(CC)C=CCN6CC[C@]43[C@@H]65)C2)C1,1.0,CC[C@]1(O)C[C@@H]2CN(CCc3c([nH]c4ccccc34)[C@@](C(=O)OC)(c3cc4c(cc3OC)N(C)[C@H]3[C@@](O)(C(=O)OC)[C@H](OC(C)=O)[C@]5(CC)C=CCN6CC[C@]43[C@@H]65)C2)C1
OC(CCN1CCCCC1)(C1:C:C:C:C:C:1)C1CC2C=CC1C2,0.0,OC(CCN1CCCCC1)(c1ccccc1)C1CC2C=CC1C2
CCOP(=O)(OCC)OCC,0.0,CCOP(=O)(OCC)OCC
NC1:C:C:C(F):C:C:1,0.0,Nc1ccc(F)cc1
OC1:C:C:C(Cl):C:C:1SC1:C:C(Cl):C:C:C:1O,0.0,Oc1ccc(Cl)cc1Sc1cc(Cl)ccc1O
CCC(C)N1:C(=O):[NH]:C(C):C(Br):C:1=O,0.0,CCC(C)n1c(=O)[nH]c(C)c(Br)c1=O
CCOC1:C:C(OCC):C(C(C)=O):C:C:1OCC,0.0,CCOc1cc(OCC)c(C(C)=O)cc1OCC
CC(=O)OCCOCCOCCOC(C)=O,0.0,CC(=O)OCCOCCOCCOC(C)=O
OCCC(F)(F)C(F)(F)C(F)(F)C(F)(F)C(F)(F)C(F)(F)C(F)(F)C(F)(F)F,0.0,OCCC(F)(F)C(F)(F)C(F)(F)C(F)(F)C(F)(F)C(F)(F)C(F)(F)C(F)(F)F
CN1:C:N:C2:C:1:C(=O):[NH]:C(=O):N:2C,0.0,Cn1cnc2c1c(=O)[nH]c(=O)n2C
OC1:C:C:C2:C:C:C:C:C:2:C:1/N=N/C1:C:C:C:C:C:1,1.0,Oc1ccc2ccccc2c1/N=N/c1ccccc1
NC(=S)NC1:C:C:C:C:C:1,0.0,NC(=S)Nc1ccccc1
CNP(=O)(OC)OC1:C:C:C(C(C)(C)C):C:C:1Cl,1.0,CNP(=O)(OC)Oc1ccc(C(C)(C)C)cc1Cl
CC(=O)NNC1:C:C:C:C:C:1,0.0,CC(=O)NNc1ccccc1
CC(=O)C1C(=O)C=C(C)OC1=O,0.0,CC(=O)C1C(=O)C=C(C)OC1=O
NC1:C:C:C(NC2:C:C:C:C:C:2):C:C:1,1.0,Nc1ccc(Nc2ccccc2)cc1
C/C=C(C(=C/C)/C1:C:C:C(O):C:C:1)\C1:C:C:C(O):C:C:1,1.0,C/C=C(/C(=C/C)c1ccc(O)cc1)c1ccc(O)cc1
NNCCO,0.0,NNCCO
CC1:N:C:C(C[N+]2:C:S:C(CCO):C:2C):C(N):N:1,0.0,Cc1ncc(C[n+]2csc(CCO)c2C)c(N)n1
CCOC1:C:C:C(NC(=O)CC(C)O):C:C:1,0.0,CCOc1ccc(NC(=O)CC(C)O)cc1
CCOP(=S)(OCC)SCSCC,0.0,CCOP(=S)(OCC)SCSCC
CCN1CCCC(OC(=O)C(C2:C:C:C:C:C:2)C2:C:C:C:C:C:2)C1,0.0,CCN1CCCC(OC(=O)C(c2ccccc2)c2ccccc2)C1
CCOCC(C)O,0.0,CCOCC(C)O
CCCCC(CC)CN1CN(CC(CC)CCCC)CC(C)(N)C1,0.0,CCCCC(CC)CN1CN(CC(CC)CCCC)CC(C)(N)C1
CN(C)CCCN,0.0,CN(C)CCCN
O=C1CCCC2:C:C:C:C:C:21,0.0,O=C1CCCc2ccccc21
OC1CCCC2:C:C:C:C:C:21,0.0,OC1CCCc2ccccc21
C1:C:C:C(N=NNC2:C:C:C:C:C:2):C:C:1,1.0,c1ccc(N=NNc2ccccc2)cc1
O=C(O)C1(C(=O)NC2:C:C:C(Cl):C:C:2Cl)CC1,1.0,O=C(O)C1(C(=O)Nc2ccc(Cl)cc2Cl)CC1
COC(C)OC,0.0,COC(C)OC
CCC1:C:C:C(C(C2:C:C:C(CC):C:C:2)C(Cl)Cl):C:C:1,0.0,CCc1ccc(C(c2ccc(CC)cc2)C(Cl)Cl)cc1
CC(O)C1:C:C:C:C:C:1,0.0,CC(O)c1ccccc1
ClC1:C:C:C:C(C2:C:C(Cl):C:C(Cl):C:2):C:1,0.0,Clc1cccc(-c2cc(Cl)cc(Cl)c2)c1
ClC1:C:C:C:C:C:1C1:N:N:C(C2:C:C:C:C:C:2Cl):N:N:1,0.0,Clc1ccccc1-c1nnc(-c2ccccc2Cl)nn1
CCOC1:C:C:C(NC(N)=O):C:C:1,0.0,CCOc1ccc(NC(N)=O)cc1
CCOC1:C:C:C:C:C:1C(N)=O,0.0,CCOc1ccccc1C(N)=O
C=CC(=O)OCC,0.0,C=CC(=O)OCC
CN1CCCC1=O,0.0,CN1CCCC1=O
CNC1:N:C:N:C2:[NH]:C:N:C:1:2,1.0,CNc1ncnc2[nH]cnc12
CCOC(=O)C(C)OC1:C:C:C(OC2:C:N:C3:C:C(Cl):C:C:C:3:N:2):C:C:1,0.0,CCOC(=O)C(C)Oc1ccc(Oc2cnc3cc(Cl)ccc3n2)cc1
COP(=S)(OC)OC1:C:C:C([N+](=O)[O-]):C:C:1,0.0,COP(=S)(OC)Oc1ccc([N+](=O)[O-])cc1
CC(=O)C1:C:C:C:C:C:1,0.0,CC(=O)c1ccccc1
CC(C)N(CCO)C(C)C,0.0,CC(C)N(CCO)C(C)C
CCC(C)=NO,0.0,CCC(C)=NO
CCC(=O)CC,0.0,CCC(=O)CC
CC[N+](CC)(CC)CCOC1:C:C:C:C(OCC[N+](CC)(CC)CC):C:1OCC[N+](CC)(CC)CC,0.0,CC[N+](CC)(CC)CCOc1cccc(OCC[N+](CC)(CC)CC)c1OCC[N+](CC)(CC)CC
CCCC(C)CC,0.0,CCCC(C)CC
O=C(Cl)C1:C:C(Cl):C:C(Cl):C:1,0.0,O=C(Cl)c1cc(Cl)cc(Cl)c1
COC(=O)C1:C:C:C:C(Cl):C:1,0.0,COC(=O)c1cccc(Cl)c1
C=C(C)C(=O)OCCN(C)C,0.0,C=C(C)C(=O)OCCN(C)C
CC1:C:C(=O):N:C(C(C)C):[NH]:1,0.0,Cc1cc(=O)nc(C(C)C)[nH]1
CC1(C)CC(N)CC(C)(CN)C1,0.0,CC1(C)CC(N)CC(C)(CN)C1
CCCOCCO,0.0,CCCOCCO
COC(=O)CCS,0.0,COC(=O)CCS
OC[C@H]1O[C@@H](N2:C:N:C3:C(S):N:C:N:C:3:2)[C@H](O)[C@@H]1O,1.0,OC[C@H]1O[C@@H](n2cnc3c(S)ncnc32)[C@H](O)[C@@H]1O
CC1(C)CO[C@@H](CC(=O)O)CN1,0.0,CC1(C)CO[C@@H](CC(=O)O)CN1
NC(=O)C1:N:C:N([C@@H]2O[C@H](CO)[C@@H](O)[C@H]2O):C:1N,0.0,NC(=O)c1ncn([C@@H]2O[C@H](CO)[C@@H](O)[C@H]2O)c1N
N=C(N)NN.N=C(N)NN,0.0,N=C(N)NN.N=C(N)NN
CCC(COC(=O)C1:C:C(OC):C(OC):C(OC):C:1)(C1:C:C:C:C:C:1)N(C)C,1.0,CCC(COC(=O)c1cc(OC)c(OC)c(OC)c1)(c1ccccc1)N(C)C
CC[C@H](NC(C)C)[C@H](O)C1:C:C:C(O):C2:[NH]:C(=O):C:C:C:1:2,0.0,CC[C@H](NC(C)C)[C@H](O)c1ccc(O)c2[nH]c(=O)ccc12
CCCCCCC1(C)CCC(=O)O1,0.0,CCCCCCC1(C)CCC(=O)O1
CCCCCC/C=C/C(=O)OC,0.0,CCCCCC/C=C/C(=O)OC
CCCCCCCC(=O)OCCCCCC,0.0,CCCCCCCC(=O)OCCCCCC
CCCCCCCC/C=C\CCCCCCCC(=O)OCC,0.0,CCCCCCCC/C=C\CCCCCCCC(=O)OCC
CCN(CC)CC1CCCCN1CC(=O)N1C2:C:C:C:C:C:2C(=O)NC2:C:C:C:N:C:21,0.0,CCN(CC)CC1CCCCN1CC(=O)N1c2ccccc2C(=O)Nc2cccnc21
CC1(C)OC2:C:C:C(C#N):C:C:2[C@@H](N2CCCC2=O)[C@@H]1O,0.0,CC1(C)Oc2ccc(C#N)cc2[C@@H](N2CCCC2=O)[C@@H]1O
O=C(O)CCCCCCC(=O)O,0.0,O=C(O)CCCCCCC(=O)O
CCCN1C=CN(C)C1,0.0,CCCN1C=CN(C)C1
CC1:C:C:C:C:C:1/N=N/C1:C:C:C(/N=N/C2:C(O):C:C:C3:C:C:C:C:C:2:3):C(C):C:1,1.0,Cc1ccccc1/N=N/c1ccc(/N=N/c2c(O)ccc3ccccc23)c(C)c1
CCCCCCCCCCCCCBr,0.0,CCCCCCCCCCCCCBr
CC1:N:C:S:C:1CCCl,0.0,Cc1ncsc1CCCl
ClC1:C:C:C:C(Cl):C:1N=C1NCCN1,0.0,Clc1cccc(Cl)c1N=C1NCCN1
NC1:C:C:C2:C:C:C:C:C:2:C:1S(=O)(=O)O,1.0,Nc1ccc2ccccc2c1S(=O)(=O)O
O=[N+]([O-])C1:C:C:C(Cl):C:C:1,0.0,O=[N+]([O-])c1ccc(Cl)cc1
CCCCOC(O)CC,0.0,CCCCOC(O)CC
CCCCCCCCCCCCOS(=O)(=O)[O-],0.0,CCCCCCCCCCCCOS(=O)(=O)[O-]
CCCCC(CC)COS(=O)(=O)[O-],0.0,CCCCC(CC)COS(=O)(=O)[O-]
CCOC(=O)C1=NOC(C2:C:C:C:C:C:2)(C2:C:C:C:C:C:2)C1,0.0,CCOC(=O)C1=NOC(c2ccccc2)(c2ccccc2)C1
CC(C)(C)C(O)/C(=C\C1:C:C:C(Cl):C:C:1Cl)N1:C:N:C:N:1,1.0,CC(C)(C)C(O)/C(=C\c1ccc(Cl)cc1Cl)n1cncn1
CC1:C:C([N+](=O)[O-]):C:C:C:1N,0.0,Cc1cc([N+](=O)[O-])ccc1N
CC1:C(N):C:C:C:C:1[N+](=O)[O-],0.0,Cc1c(N)cccc1[N+](=O)[O-]
CCOC(=O)C1(C2:C:C:C:C:C:2)CCN(CCC2:C:C:C(N):C:C:2)CC1,0.0,CCOC(=O)C1(c2ccccc2)CCN(CCc2ccc(N)cc2)CC1
CCCCC(=O)O[C@]1(C(=O)CO)[C@H](C)C[C@H]2[C@@H]3CCC4=CC(=O)C=C[C@]4(C)[C@@]3(F)[C@@H](O)C[C@@]21C,0.0,CCCCC(=O)O[C@]1(C(=O)CO)[C@H](C)C[C@H]2[C@@H]3CCC4=CC(=O)C=C[C@]4(C)[C@@]3(F)[C@@H](O)C[C@@]21C
CC(C)(CO)[C@@H](O)C(=O)NCCCO,0.0,CC(C)(CO)[C@@H](O)C(=O)NCCCO
CC(=O)OCC(=O)[C@@]1(O)[C@H](C)C[C@H]2[C@@H]3CCC4=CC(=O)C=C[C@]4(C)[C@@]3(F)[C@@H](O)C[C@@]21C,0.0,CC(=O)OCC(=O)[C@@]1(O)[C@H](C)C[C@H]2[C@@H]3CCC4=CC(=O)C=C[C@]4(C)[C@@]3(F)[C@@H](O)C[C@@]21C
C/C=C(\C)C(=O)OC/C=C(\C)CCC=C(C)C,0.0,C/C=C(\C)C(=O)OC/C=C(\C)CCC=C(C)C
N[C@@H](CC1:C:C:C(OC2:C:C(I):C(O):C(I):C:2):C(I):C:1)C(=O)O,0.0,N[C@@H](Cc1ccc(Oc2cc(I)c(O)c(I)c2)c(I)c1)C(=O)O
O=C(C=CC1:C:C:C:C:C:1)OCCCC1:C:C:C:C:C:1,0.0,O=C(C=Cc1ccccc1)OCCCc1ccccc1
CC1=C(C=O)C(C)(C)CCC1,0.0,CC1=C(C=O)C(C)(C)CCC1
CCCCCOC(=O)CCCC,0.0,CCCCCOC(=O)CCCC
CCCC1:C:C:C:C:C:1,0.0,CCCc1ccccc1
CC(C)=CC(=O)O,0.0,CC(C)=CC(=O)O
CN1CCCC1,0.0,CN1CCCC1
N=C(NCCCCCCNC(=N)NC(=N)NC1:C:C:C(Cl):C:C:1)NC(=N)NC1:C:C:C(Cl):C:C:1,1.0,N=C(NCCCCCCNC(=N)NC(=N)Nc1ccc(Cl)cc1)NC(=N)Nc1ccc(Cl)cc1
CC(=O)NC1:C:C([As](=O)(O)O):C:C:C:1O,0.0,CC(=O)Nc1cc([As](=O)(O)O)ccc1O
CCCCCC(C)N.CCCCCC(C)N,0.0,CCCCCC(C)N.CCCCCC(C)N
OCC1:C:C:C:C:C:1O,0.0,OCc1ccccc1O
CC=CC=CCOC(=O)C(C)C,1.0,CC=CC=CCOC(=O)C(C)C
OC1:C(Br):C:C(Br):C2:C:C:C:N:C:1:2,1.0,Oc1c(Br)cc(Br)c2cccnc12
CNCCCN1C2:C:C:C:C:C:2CCC2:C:C:C:C:C:21,0.0,CNCCCN1c2ccccc2CCc2ccccc21
CCC(C)OC(=O)N1CCCCC1CCO,0.0,CCC(C)OC(=O)N1CCCCC1CCO
CCCCCC1CCC(=O)O1,0.0,CCCCCC1CCC(=O)O1
CC/C=C\CCOC(C)OCC,0.0,CC/C=C\CCOC(C)OCC
CCCOC1:C:C:C(C(=O)OCCN(CC)CC):C:C:1N,0.0,CCCOc1ccc(C(=O)OCCN(CC)CC)cc1N
COC(=O)C(Cl)C(=O)OC,1.0,COC(=O)C(Cl)C(=O)OC
CC(C)(C)C1:C:C:C(O):C(O):C:1,1.0,CC(C)(C)c1ccc(O)c(O)c1
CC(C)(C)N,0.0,CC(C)(C)N
O=C1CCCCCCCCCCCN1,0.0,O=C1CCCCCCCCCCCN1
CC1:C:C:C:C(C(=O)O):C:1O,0.0,Cc1cccc(C(=O)O)c1O
NCCOCCO,0.0,NCCOCCO
[S-]C1:C:C:C:C:C:1,0.0,[S-]c1ccccc1
CC(C)(C)C1:C:C:C(C=O):C:C:1,0.0,CC(C)(C)c1ccc(C=O)cc1
CC[N+]1(CC)CCC(=C(C2:C:C:C:C:C:2)C2:C:C:C:C:C:2)C1C,0.0,CC[N+]1(CC)CCC(=C(c2ccccc2)c2ccccc2)C1C
CC(=O)OCC(=O)[C@@]1(O)CC[C@H]2[C@@H]3CCC4=CC(=O)C=C[C@]4(C)[C@H]3[C@@H](O)C[C@@]21C,0.0,CC(=O)OCC(=O)[C@@]1(O)CC[C@H]2[C@@H]3CCC4=CC(=O)C=C[C@]4(C)[C@H]3[C@@H](O)C[C@@]21C
CC(C)(C)CC(=O)OCC(=O)[C@@]1(O)CC[C@H]2[C@@H]3CCC4=CC(=O)C=C[C@]4(C)[C@H]3[C@@H](O)C[C@@]21C,0.0,CC(C)(C)CC(=O)OCC(=O)[C@@]1(O)CC[C@H]2[C@@H]3CCC4=CC(=O)C=C[C@]4(C)[C@H]3[C@@H](O)C[C@@]21C
O=C1C2:C(O):C:C:C:C:2CC2:C:C:C:C(O):C:21,0.0,O=C1c2c(O)cccc2Cc2cccc(O)c21
COC1:C:C:C(N):C:C:1,0.0,COc1ccc(N)cc1
CC(C)C1:C:C:C:C(C(C)C):C:1N,0.0,CC(C)c1cccc(C(C)C)c1N
NC1:C:C:C(S(=O)(=O)O):C(N):C:1,0.0,Nc1ccc(S(=O)(=O)O)c(N)c1
C=CCCCCCCCCC=O,0.0,C=CCCCCCCCCC=O
CCO[Si](OCC)(OCC)C1:C:C:C:C:C:1,0.0,CCO[Si](OCC)(OCC)c1ccccc1
C=CCOC1:N:C(OCC=C):N:C(OCC=C):N:1,0.0,C=CCOc1nc(OCC=C)nc(OCC=C)n1
NCCOS(=O)(=O)O,0.0,NCCOS(=O)(=O)O
CC1:C:C:C(C(=O)C2:C:C:C(CC(=O)[O-]):N:2C):C:C:1,0.0,Cc1ccc(C(=O)c2ccc(CC(=O)[O-])n2C)cc1
CO[C@@]1(NC(=O)C(C(=O)[O-])C2:C:C:C(O):C:C:2)C(=O)N2C(C(=O)[O-])=C(CSC3:N:N:N:N:3C)CO[C@@H]21,0.0,CO[C@@]1(NC(=O)C(C(=O)[O-])c2ccc(O)cc2)C(=O)N2C(C(=O)[O-])=C(CSc3nnnn3C)CO[C@@H]21
NC(CO)(CO)CO.O=C(C1:C:C:C:C:C:1)C1:C:C:C2:N:1CC[C@H]2C(=O)O,0.0,NC(CO)(CO)CO.O=C(c1ccccc1)c1ccc2n1CC[C@H]2C(=O)O
CCOC(=O)C1:C:C:C(OC(=O)CCCCCNC(=N)N):C:C:1,0.0,CCOC(=O)c1ccc(OC(=O)CCCCCNC(=N)N)cc1
CC(C)OC(=O)COC1:C:C:C(Cl):C:C:1Cl,0.0,CC(C)OC(=O)COc1ccc(Cl)cc1Cl
CCCCC(CC)COC(=O)COC1:C:C:C(Cl):C:C:1Cl,0.0,CCCCC(CC)COC(=O)COc1ccc(Cl)cc1Cl
O=S(=O)(OC1:C:C:C(Cl):C:C:1Cl)C1:C:C:C:C:C:1,0.0,O=S(=O)(Oc1ccc(Cl)cc1Cl)c1ccccc1
CN(C)C(=O)NC1:C:C:C(Cl):C(Cl):C:1,0.0,CN(C)C(=O)Nc1ccc(Cl)c(Cl)c1
CC(OC1:C:C:C(Cl):C:C:1Cl)C(=O)O,0.0,CC(Oc1ccc(Cl)cc1Cl)C(=O)O
CCCCOC(=O)COC1:C:C:C(Cl):C:C:1Cl,0.0,CCCCOC(=O)COc1ccc(Cl)cc1Cl
O=C(O)COC1:C:C:C(Cl):C:C:1Cl,0.0,O=C(O)COc1ccc(Cl)cc1Cl
CN1:C:N:C([N+](=O)[O-]):C:1SC1:N:C:N:C2:N:C:[NH]:C:1:2,1.0,Cn1cnc([N+](=O)[O-])c1Sc1ncnc2nc[nH]c12
[N-]=[N+]=CC(=O)OC[C@H](N)C(=O)O,0.0,[N-]=[N+]=CC(=O)OC[C@H](N)C(=O)O
COP(=O)(OC)OC=C(Cl)Cl,1.0,COP(=O)(OC)OC=C(Cl)Cl
CC(Cl)CCl,0.0,CC(Cl)CCl
CC(C)N(C)C,0.0,CC(C)N(C)C
CN(C)CCCNCCCN,1.0,CN(C)CCCNCCCN
CCN1:C:C:[N+](C):C:1,0.0,CCn1cc[n+](C)c1
COC1:C:C:C(CC2:N:C:C:C3:C:C(OC):C(OC):C:C:2:3):C:C:1OC,1.0,COc1ccc(Cc2nccc3cc(OC)c(OC)cc23)cc1OC
CC(C)CC(C)(C1:C:C:C(O):C:C:1)C1:C:C:C(O):C:C:1,1.0,CC(C)CC(C)(c1ccc(O)cc1)c1ccc(O)cc1
ClC1:S:C(Cl):C(Cl):C:1Cl,0.0,Clc1sc(Cl)c(Cl)c1Cl
ClC=CCl,0.0,ClC=CCl
O=C1:[N-]:C(=O):N(Cl):C(=O):N:1Cl,0.0,O=c1[n-]c(=O)n(Cl)c(=O)n1Cl
O=[N+]([O-])C1:C:C:C:C(Cl):C:1Cl,0.0,O=[N+]([O-])c1cccc(Cl)c1Cl
O=[N+]([O-])C1:C:C:C(Cl):C(Cl):C:1,0.0,O=[N+]([O-])c1ccc(Cl)c(Cl)c1
CCCCCCCC/C=C/CCCOC(C)=O,0.0,CCCCCCCC/C=C/CCCOC(C)=O
NCCNC(=O)C1:C:C:C(Cl):C:N:1,0.0,NCCNC(=O)c1ccc(Cl)cn1
O=C(O)CN1:C(C(=O)NC2:N:C(C3:C:C:C:C:C:3Cl):C:S:2):C:C2:C:C:C:C:C:2:1,1.0,O=C(O)Cn1c(C(=O)Nc2nc(-c3ccccc3Cl)cs2)cc2ccccc21
NC1:C2:C(:N:C3:C:1CCC3)CCCC2,0.0,Nc1c2c(nc3c1CCC3)CCCC2
O=C(N/N=C/C1:C:C:C([N+](=O)[O-]):O:1)C1:C:C([N+](=O)[O-]):C:C([N+](=O)[O-]):C:1O,1.0,O=C(N/N=C/c1ccc([N+](=O)[O-])o1)c1cc([N+](=O)[O-])cc([N+](=O)[O-])c1O
C1:C:C:C(OCC2:C:C:C(CCCN3CCOCC3):C:C:2):C:C:1,1.0,c1ccc(OCc2ccc(CCCN3CCOCC3)cc2)cc1
CC1:C(Cl):C(=O):O:C2:C:C(OP(=O)(OCCCl)OCCCl):C:C:C:1:2,0.0,Cc1c(Cl)c(=O)oc2cc(OP(=O)(OCCCl)OCCCl)ccc12
CC(=O)NC1:C:C:C(OCCOCCOC2:C:C:C(NC(C)=O):C:C:2):C:C:1,0.0,CC(=O)Nc1ccc(OCCOCCOc2ccc(NC(C)=O)cc2)cc1
CCN(CC)C(=O)SCC1:C:C:C(Cl):C:C:1,0.0,CCN(CC)C(=O)SCc1ccc(Cl)cc1
[TlH2+],0.0,[TlH2+]
OC1:C:C:C(CC2:C:C:C(O):C:C:2):C:C:1,1.0,Oc1ccc(Cc2ccc(O)cc2)cc1
COC(=O)NC(=S)NC1:C:C:C:C:C:1NC(=S)NC(=O)OC,0.0,COC(=O)NC(=S)Nc1ccccc1NC(=S)NC(=O)OC
C1:C:C:[CH-]:C:1.C1:C:C:[CH-]:C:1.[Fe+2],0.0,[Fe+2].c1cc[cH-]c1.c1cc[cH-]c1
CC(C)(C)C1:C:C(CCC(=O)NN):C:C(C(C)(C)C):C:1O,0.0,CC(C)(C)c1cc(CCC(=O)NN)cc(C(C)(C)C)c1O
C=C(C)C(=O)OCCCCCCCCCCCCCCCCCC,0.0,C=C(C)C(=O)OCCCCCCCCCCCCCCCCCC
CC(=O)OC1CCC(C(C)(C)C)CC1,0.0,CC(=O)OC1CCC(C(C)(C)C)CC1
CC1:C:C(C2:C:C:C(N):C(C):C:2):C:C:C:1N,1.0,Cc1cc(-c2ccc(N)c(C)c2)ccc1N
CC(C)OP(C)(=O)OC(C)C,0.0,CC(C)OP(C)(=O)OC(C)C
CC1=C(C)S(=O)(=O)CCS1(=O)=O,1.0,CC1=C(C)S(=O)(=O)CCS1(=O)=O
COS(=O)(=O)OC,0.0,COS(=O)(=O)OC
CNC,0.0,CNC
CCCCCCCCCCCCCCCCCC(=O)OCC(CC)CCCC,0.0,CCCCCCCCCCCCCCCCCC(=O)OCC(CC)CCCC
CCCCCCCCCCCCCCCCCC(=O)OCCCCCCCCCCCCCC(C)C,0.0,CCCCCCCCCCCCCCCCCC(=O)OCCCCCCCCCCCCCC(C)C
CC(C)(CO)[C@@H](O)C(=O)NCCC(=O)[O-],0.0,CC(C)(CO)[C@@H](O)C(=O)NCCC(=O)[O-]
CCCCOCCOC(=O)C1:C:C:C:C:C:1C(=O)OCCOCCCC,0.0,CCCCOCCOC(=O)c1ccccc1C(=O)OCCOCCCC
C1=CCC(C2:C:C:C:C:C:2)CC1,0.0,C1=CCC(c2ccccc2)CC1
CC1:C:C:C(C2:C:C:C:C:C:2):C:C:1,0.0,Cc1ccc(-c2ccccc2)cc1
CCC12COCN1COC2,0.0,CCC12COCN1COC2
COC(=O)C1:C:C(S(N)(=O)=O):C:C:C:1OC,0.0,COC(=O)c1cc(S(N)(=O)=O)ccc1OC
CCCCC(CC)CNC(=O)CC(C)OC(=O)CCC(=O)O,0.0,CCCCC(CC)CNC(=O)CC(C)OC(=O)CCC(=O)O
COC(=O)NC1:N:C2:C:C(C(=O)C3CC3):C:C:C:2:[NH]:1,0.0,COC(=O)Nc1nc2cc(C(=O)C3CC3)ccc2[nH]1
O=C1NC2:C:C(Cl):C:C:C:2OC2:C:C:C:C:C:21,1.0,O=C1Nc2cc(Cl)ccc2Oc2ccccc21
NC1:C(I):C:C(I):C(C(=O)N(CCC(=O)O)C2:C:C:C:C:C:2):C:1I,0.0,Nc1c(I)cc(I)c(C(=O)N(CCC(=O)O)c2ccccc2)c1I
CNC(=O)C1:C:N:N(C2:N:C(N):C3:N:C:N([C@@H]4O[C@H](CO)[C@@H](O)[C@H]4O):C:3:N:2):C:1,0.0,CNC(=O)c1cnn(-c2nc(N)c3ncn([C@@H]4O[C@H](CO)[C@@H](O)[C@H]4O)c3n2)c1
O=C1:C(O):C(C2:C:C:C(O):C:C:2O):O:C2:C:C(O):C:C(O):C:1:2,0.0,O=c1c(O)c(-c2ccc(O)cc2O)oc2cc(O)cc(O)c12
CC1:C:C:C(N2:N:C(C(C)(C)C):C:C:2NC(=O)NC2:C:C:C(OCCN3CCOCC3):C3:C:C:C:C:C:2:3):C:C:1,0.0,Cc1ccc(-n2nc(C(C)(C)C)cc2NC(=O)Nc2ccc(OCCN3CCOCC3)c3ccccc23)cc1
CC(=O)NC(CCC(N)=O)C(=O)O,0.0,CC(=O)NC(CCC(N)=O)C(=O)O
C1:C:C:C(C2:N:N:N:[NH]:2):C:C:1,0.0,c1ccc(-c2nnn[nH]2)cc1
O=C(NC1:C:C:C(Cl):C(Cl):C:1)C1CC1,1.0,O=C(Nc1ccc(Cl)c(Cl)c1)C1CC1
CCCCCCCCP(=O)(O)O,0.0,CCCCCCCCP(=O)(O)O
C1:C:C(CCCC2:C:C:N:C:C:2):C:C:N:1,0.0,c1cc(CCCc2ccncc2)ccn1
C[C@]12CC[C@@H]3[C@H]4CCC(=O)C=C4CC[C@H]3[C@@H]1CC[C@@H]2OC(=O)CCC1CCCCC1,1.0,C[C@]12CC[C@H]3[C@@H](CCC4=CC(=O)CC[C@@H]43)[C@@H]1CC[C@@H]2OC(=O)CCC1CCCCC1
CC1:C(F):C:C2:C(=O):C(C(=O)O):C:N3:C:2:C:1CCC3C,0.0,Cc1c(F)cc2c(=O)c(C(=O)O)cn3c2c1CCC3C
COCCOCC(OC)OC,0.0,COCCOCC(OC)OC
C1:C:C:C(N2CCNCC2):C:C:1,0.0,c1ccc(N2CCNCC2)cc1
CC(=O)O[C@H]1CC[C@@]2(C)C(=CC[C@H]3[C@@H]4CC=C(C(C)=O)[C@@]4(C)CC[C@@H]32)C1,1.0,CC(=O)O[C@H]1CC[C@@]2(C)C(=CC[C@@H]3[C@@H]2CC[C@]2(C)C(C(C)=O)=CC[C@@H]32)C1
CN(C)C(=O)CNC(=O)CC1:C:C:C:C:C:1,0.0,CN(C)C(=O)CNC(=O)Cc1ccccc1
CCOC(=O)C1:C:C:C(NC(=O)CN2CCCCC2):C:C:1,0.0,CCOC(=O)c1ccc(NC(=O)CN2CCCCC2)cc1
CC(C(O)C1:C:C:C:C:C:1)N(C)CCOC(C1:C:C:C:C:C:1)C1:C:C:C:C:C:1,0.0,CC(C(O)c1ccccc1)N(C)CCOC(c1ccccc1)c1ccccc1
CC(=O)O[C@@H]1C(=O)O[C@H]2[C@@H](OC(C)=O)C(=O)O[C@@H]12,1.0,CC(=O)O[C@@H]1C(=O)O[C@@H]2[C@H]1OC(=O)[C@@H]2OC(C)=O
N[C@H]1CN(C2:C(F):C:C3:C(=O):C(C(=O)O):C:N(C4C[C@H]4F):C:3:C:2Cl)CC12CC2,0.0,N[C@H]1CN(c2c(F)cc3c(=O)c(C(=O)O)cn(C4C[C@H]4F)c3c2Cl)CC12CC2
CN(CC1(C)CCCO1)S(=O)(=O)C1:C:C:C(Cl):C(S(N)(=O)=O):C:1,0.0,CN(CC1(C)CCCO1)S(=O)(=O)c1ccc(Cl)c(S(N)(=O)=O)c1
C=CCOC1:C:C(Cl):C:C:C:1C(=O)NCCN(CC)CC,0.0,C=CCOc1cc(Cl)ccc1C(=O)NCCN(CC)CC
CC1:C:C:C2:C(:N:1)OC1:C:C:C(C(C)C(=O)OCC(=O)N(C)C):C:C:1C2,0.0,Cc1ccc2c(n1)Oc1ccc(C(C)C(=O)OCC(=O)N(C)C)cc1C2
O=[N+]([O-])C1:C:C:C(Cl):C(Cl):C:1Cl,1.0,O=[N+]([O-])c1ccc(Cl)c(Cl)c1Cl
O=[N+]([O-])C1:C:C(Cl):C(Cl):C:C:1Cl,1.0,O=[N+]([O-])c1cc(Cl)c(Cl)cc1Cl
C=CC1CC2C=CC1C2,0.0,C=CC1CC2C=CC1C2
O=[N+]([O-])C1:C(Cl):C:C(Cl):C:C:1Cl,0.0,O=[N+]([O-])c1c(Cl)cc(Cl)cc1Cl
OC1:C:C(Cl):C:C(Cl):C:1Cl,1.0,Oc1cc(Cl)cc(Cl)c1Cl
OC1:C(Cl):C:C:C(Cl):C:1Cl,1.0,Oc1c(Cl)ccc(Cl)c1Cl
C=C(Cl)CCl,0.0,C=C(Cl)CCl
ClC1:N:C2:C:C:C:C:C:2:N:C:1Cl,0.0,Clc1nc2ccccc2nc1Cl
OC(CCl)CCl,0.0,OC(CCl)CCl
CC(C)(OOC(C)(C)C1:C:C:C:C:C:1)C1:C:C:C:C:C:1,0.0,CC(C)(OOC(C)(C)c1ccccc1)c1ccccc1
ClC(Cl)C1:C:C:C:C:C:1,0.0,ClC(Cl)c1ccccc1
O=C1:C:C(C2:C:C:C:C:C:2):O:C2:C:C:C:C:C:1:2,1.0,O=c1cc(-c2ccccc2)oc2ccccc12
CC1:C:C(C):C(O):C(C):C:1,0.0,Cc1cc(C)c(O)c(C)c1
C1CCC(NC2CCCCC2)CC1,0.0,C1CCC(NC2CCCCC2)CC1
Cl[Ba]Cl,0.0,[Cl][Ba][Cl]
O=C(O)C1:N:C(Cl):C(Cl):C(Cl):C:1Cl,1.0,O=C(O)c1nc(Cl)c(Cl)c(Cl)c1Cl
O=C(O)CP(=O)(O)O,0.0,O=C(O)CP(=O)(O)O
CN(C)CCC=C1C2:C:C:C:C:C:2C=CC2:C:C:C:C:C:21,0.0,CN(C)CCC=C1c2ccccc2C=Cc2ccccc21
O=C([O-])CC(O)(CC(=O)O)C(=O)[O-],0.0,O=C([O-])CC(O)(CC(=O)O)C(=O)[O-]
NC1:C:C:C(C2:C:C:C:C:C:2):C:C:1,1.0,Nc1ccc(-c2ccccc2)cc1
NCCCCCC(=O)O,0.0,NCCCCCC(=O)O
NCC1(CC(=O)O)CCCCC1,0.0,NCC1(CC(=O)O)CCCCC1
NC1:N:C:[NH]:N:1,0.0,Nc1nc[nH]n1
CC1CCCCC1NC(=O)NC1:C:C:C:C:C:1,0.0,CC1CCCCC1NC(=O)Nc1ccccc1
CCNP(=S)(OC)O/C(C)=C/C(=O)OC(C)C,0.0,CCNP(=S)(OC)O/C(C)=C/C(=O)OC(C)C
CC1:N:C2:S:C:C:N:2:C(=O):C:1CCN1CCC(=C(C2:C:C:C(F):C:C:2)C2:C:C:C(F):C:C:2)CC1,1.0,Cc1nc2sccn2c(=O)c1CCN1CCC(=C(c2ccc(F)cc2)c2ccc(F)cc2)CC1
CC1:C:C(O):C:C:C:1O,1.0,Cc1cc(O)ccc1O
CC1:C:C:C:C2:C:C:C:C:C:1:2,0.0,Cc1cccc2ccccc12
O=C1CCCCCO1,0.0,O=C1CCCCCO1
O=C(Cl)OCC1:C:C:C:C:C:1,0.0,O=C(Cl)OCc1ccccc1
CN1CCN2C3:C:C:C:C:C:3CC3:C:C:C:C:C:3C2C1,0.0,CN1CCN2c3ccccc3Cc3ccccc3C2C1
C[C@](N)(CC1:C:C:C(O):C:C:1)C(=O)O,0.0,C[C@](N)(Cc1ccc(O)cc1)C(=O)O
CC(C)(C(=O)C1:C:C:C:N:C:1)C1:C:C:C:N:C:1,0.0,CC(C)(C(=O)c1cccnc1)c1cccnc1
CN1C(CCl)NC2:C:C(Cl):C(S(N)(=O)=O):C:C:2S1(=O)=O,1.0,CN1C(CCl)Nc2cc(Cl)c(S(N)(=O)=O)cc2S1(=O)=O
C1:C:C:C2:[NH]:C:N:C:2:C:1,0.0,c1ccc2[nH]cnc2c1
CC1:C:C:C:C:C:1O,0.0,Cc1ccccc1O
CCN(CCO)C1:C:C:C:C(C):C:1,0.0,CCN(CCO)c1cccc(C)c1
CCN(CC)C1:C:C:C:C:C:1,0.0,CCN(CC)c1ccccc1
CC(=O)CC(=O)C1:C:C:C:C:C:1,0.0,CC(=O)CC(=O)c1ccccc1
C1CCC(C2CCCCC2)CC1,0.0,C1CCC(C2CCCCC2)CC1
O=C(/C=C/C=C/C1:C:C:C2:C(:C:1)OCO2)N1CCCCC1,1.0,O=C(/C=C/C=C/c1ccc2c(c1)OCO2)N1CCCCC1
CC(C)=CCCC(C)=CC=O,0.0,CC(C)=CCCC(C)=CC=O
O=CC=CC1:C:C:C:C:C:1,0.0,O=CC=Cc1ccccc1
O=C/C=C/C1:C:C:C:C:C:1,0.0,O=C/C=C/c1ccccc1
CC(C)SCC1:C:C:C:O:1,0.0,CC(C)SCc1ccco1
ClC(Cl)Cl,0.0,ClC(Cl)Cl
COC(=O)CCSCCC(=O)OC,0.0,COC(=O)CCSCCC(=O)OC
CC(=O)O[Si](C)(OC(C)=O)OC(C)=O,0.0,CC(=O)O[Si](C)(OC(C)=O)OC(C)=O
ClC(Br)Br,0.0,ClC(Br)Br
CC(C)(CCl)C(=O)Cl,0.0,CC(C)(CCl)C(=O)Cl
ClCC1:C:C:C:C:N:1,0.0,ClCc1ccccn1
ClCC1:C:C:C:N:C:1,0.0,ClCc1cccnc1
C[C@H]1O[C@H](O[C@@H]2[C@@H](CO)O[C@H](O[C@@H]3[C@@H](CO)O[C@@H](O)[C@H](O)[C@H]3O)[C@H](O)[C@H]2O)[C@H](O)[C@@H](O)[C@@H]1N[C@H]1C=C(CO)[C@@H](O)[C@H](O)[C@H]1O,0.0,C[C@H]1O[C@H](O[C@H]2[C@H](O)[C@@H](O)[C@@H](O[C@H]3[C@H](O)[C@@H](O)[C@H](O)O[C@@H]3CO)O[C@@H]2CO)[C@H](O)[C@@H](O)[C@@H]1N[C@H]1C=C(CO)[C@@H](O)[C@H](O)[C@H]1O
C/C=C1\[C@H]2C=C(C)C[C@]1(N)C1:C:C:C(=O):[NH]:C:1C2,0.0,C/C=C1\[C@H]2C=C(C)C[C@]1(N)c1ccc(=O)[nH]c1C2
COC1:C:C(C):C:C:C:1C(C)C,0.0,COc1cc(C)ccc1C(C)C
CCCC1CCC(=O)O1,0.0,CCCC1CCC(=O)O1
O=CCCC1:C:C:C:C:C:1,0.0,O=CCCc1ccccc1
CC(C)C1:C:C:C(C(=O)N=C(N)N):C:C:1S(C)(=O)=O,0.0,CC(C)c1ccc(C(=O)N=C(N)N)cc1S(C)(=O)=O
CC1CCC(=O)O1,0.0,CC1CCC(=O)O1
N#C[C@@H]1C[C@@H]2C[C@@H]2N1C(=O)[C@@H](N)C12CC3CC(CC(O)(C3)C1)C2,0.0,N#C[C@@H]1C[C@@H]2C[C@@H]2N1C(=O)[C@@H](N)C12CC3CC(CC(O)(C3)C1)C2
CC1CC(O)CC(C)(C)C1,0.0,CC1CC(O)CC(C)(C)C1
NC(=O)NC(N)=O,0.0,NC(=O)NC(N)=O
CC(C)CC(C)O,0.0,CC(C)CC(C)O
CC1COC(=O)O1,0.0,CC1COC(=O)O1
CC(=O)OC1:C:C:C(C(=C2CCCCC2)C2:C:C:C(OC(C)=O):C:C:2):C:C:1,1.0,CC(=O)Oc1ccc(C(=C2CCCCC2)c2ccc(OC(C)=O)cc2)cc1
NS(=O)(=O)C1:C:C2:C(:C:C:1Cl)NC(CC1CCCC1)NS2(=O)=O,0.0,NS(=O)(=O)c1cc2c(cc1Cl)NC(CC1CCCC1)NS2(=O)=O
CC(C)NCC(O)C1:C:C:C:C:C:1Cl,0.0,CC(C)NCC(O)c1ccccc1Cl
CCCC1:N:C(C):C2:C(=O):N:C(C3:C:C(S(=O)(=O)N4CCN(CC)CC4):C:C:C:3OCC):[NH]:N:1:2.O=C(O)CC(O)(CC(=O)O)C(=O)O,1.0,CCCc1nc(C)c2c(=O)nc(-c3cc(S(=O)(=O)N4CCN(CC)CC4)ccc3OCC)[nH]n12.O=C(O)CC(O)(CC(=O)O)C(=O)O
C[C@H]1COC2:C(C3(N)CC3):C(F):C:C3:C(=O):C(C(=O)O):C:N1:C:2:3,0.0,C[C@H]1COc2c(C3(N)CC3)c(F)cc3c(=O)c(C(=O)O)cn1c23
CNC1CCCN(C2:C(F):C:C3:C(=O):C(C(=O)O):C:N(C4CC4):C:3:C:2OC)C1,0.0,CNC1CCCN(c2c(F)cc3c(=O)c(C(=O)O)cn(C4CC4)c3c2OC)C1
COC1:C:C:C(C(=O)NCC2:C:C:C(OCCN(C)C):C:C:2):C:C:1OC,0.0,COc1ccc(C(=O)NCc2ccc(OCCN(C)C)cc2)cc1OC
C=COCCCCO,0.0,C=COCCCCO
NCC(=O)O,0.0,NCC(=O)O
OCC1CO1,0.0,OCC1CO1
CCCCOC(=O)C1:C:C:C:C:C:1,0.0,CCCCOC(=O)c1ccccc1
CC1:C(Cl):C:C:C:C:1Cl,0.0,Cc1c(Cl)cccc1Cl
CCC1COC(=O)O1,0.0,CCC1COC(=O)O1
CC1:C:C(C(C)(C)C):C(O):C(C):C:1CC1=NCCN1,0.0,Cc1cc(C(C)(C)C)c(O)c(C)c1CC1=NCCN1
CC(=O)O[C@H](CC(=O)[O-])C[N+](C)(C)C,0.0,CC(=O)O[C@H](CC(=O)[O-])C[N+](C)(C)C
CC(C)COP(=O)(OCC(C)C)OCC(C)C,0.0,CC(C)COP(=O)(OCC(C)C)OCC(C)C
O=C(O)C(C1:C:C:C(Cl):C:C:1)C1:C:C:C(Cl):C:C:1,0.0,O=C(O)C(c1ccc(Cl)cc1)c1ccc(Cl)cc1
N=C(N)NCCN1CCCCCCC1,0.0,N=C(N)NCCN1CCCCCCC1
CCOC1:C:C:C:C:C:1O,0.0,CCOc1ccccc1O
CC(C)C(=O)OCCOC1:C:C:C:C:C:1,0.0,CC(C)C(=O)OCCOc1ccccc1
C=C(C)[C@H]1CN[C@H](C(=O)O)[C@H]1CC(=O)O,0.0,C=C(C)[C@H]1CN[C@H](C(=O)O)[C@H]1CC(=O)O
CC1:C:C:C:C:C:1C,0.0,Cc1ccccc1C
CN(C)CC[C@@H](C1:C:C:C(Cl):C:C:1)C1:C:C:C:C:N:1,0.0,CN(C)CC[C@@H](c1ccc(Cl)cc1)c1ccccn1
C1:C:C:C(C(O[C@H]2CCCN(CCC3:C:C:C4:C(:C:3)OCO4)C2)C2:C:C:C:C:C:2):C:C:1,0.0,c1ccc(C(O[C@H]2CCCN(CCc3ccc4c(c3)OCO4)C2)c2ccccc2)cc1
OC[C@H]1O[C@@H](OCCC2:C:C:C(O):C:C:2)[C@H](O)[C@@H](O)[C@@H]1O,0.0,OC[C@H]1O[C@@H](OCCc2ccc(O)cc2)[C@H](O)[C@@H](O)[C@@H]1O
C[C@@H](C1=C(CCN(C)C)CC2:C:C:C:C:C:21)C1:C:C:C:C:N:1,0.0,C[C@@H](C1=C(CCN(C)C)Cc2ccccc21)c1ccccn1
CC(C)OC(=O)C1:C:C2:C(OCC(O)CNC(C)(C)C):C:C:C:C:2:[NH]:1,0.0,CC(C)OC(=O)c1cc2c(OCC(O)CNC(C)(C)C)cccc2[nH]1
CC1=NN(C2:C:C:C(S(=O)(=O)O):C:C:2)C(=O)C1,0.0,CC1=NN(c2ccc(S(=O)(=O)O)cc2)C(=O)C1
FC(F)(F)C(=NOCC1OCCO1)C1:C:C:C(Cl):C:C:1,0.0,FC(F)(F)C(=NOCC1OCCO1)c1ccc(Cl)cc1
CN(C)CC1:C:C(C(C)(C)C):C(O):C(C(C)(C)C):C:1,1.0,CN(C)Cc1cc(C(C)(C)C)c(O)c(C(C)(C)C)c1
CC1CC(=O)CC(C)(C)C1,0.0,CC1CC(=O)CC(C)(C)C1
CCN1:C2:C:C:C:C:C:2:C2:C:C([N+](=O)[O-]):C:C:C:2:1,0.0,CCn1c2ccccc2c2cc([N+](=O)[O-])ccc21
CCC1:C:C:C2:C(:C:1)C(=O)C1:C:C:C:C:C:1C2=O,1.0,CCc1ccc2c(c1)C(=O)c1ccccc1C2=O
CC(C)(C1CCC(O)CC1)C1CCC(O)CC1,0.0,CC(C)(C1CCC(O)CC1)C1CCC(O)CC1
CCC(C)(C)C1:C:C(O):C(C(C)(C)CC):C:C:1O,1.0,CCC(C)(C)c1cc(O)c(C(C)(C)CC)cc1O
C=C(C)C(=O)OC1CC(C)CC(C)(C)C1,0.0,C=C(C)C(=O)OC1CC(C)CC(C)(C)C1
CN1[C@H]2C[C@H](OC(=O)[C@H](CO)C3:C:C:C:C:C:3)C[C@@H]1[C@H]1O[C@@H]21,0.0,CN1[C@@H]2C[C@@H](OC(=O)[C@H](CO)c3ccccc3)C[C@H]1[C@@H]1O[C@@H]12
C=CCC1:C:C:C2:C(:C:1)OCO2,0.0,C=CCc1ccc2c(c1)OCO2
CC(C)(C)NCC(O)C1:C:C:C(O):C(CO):C:1,0.0,CC(C)(C)NCC(O)c1ccc(O)c(CO)c1
O=C(O)C1:C:C(/N=N/C2:C:C:C(S(=O)(=O)NC3:C:C:C:C:N:3):C:C:2):C:C:C:1O,0.0,O=C(O)c1cc(/N=N/c2ccc(S(=O)(=O)Nc3ccccn3)cc2)ccc1O
O=C1NS(=O)(=O)C2:C:C:C:C:C:21,0.0,O=C1NS(=O)(=O)c2ccccc21
O=C1[N-]S(=O)(=O)C2:C:C:C:C:C:21,0.0,O=C1[N-]S(=O)(=O)c2ccccc21
C=CCCCCCCCCCCCC,0.0,C=CCCCCCCCCCCCC
NC(=O)[O-],0.0,NC(=O)[O-]
CC(C)(CO)COC(=O)C(C)(C)CO,0.0,CC(C)(CO)COC(=O)C(C)(C)CO
O=C(O)C[C@H](NC(=O)OCC1:C:C:C:C:C:1)C(=O)O,1.0,O=C(O)C[C@H](NC(=O)OCc1ccccc1)C(=O)O
CC(=O)C=CC1=C(C)CCCC1(C)C,0.0,CC(=O)C=CC1=C(C)CCCC1(C)C
ClC1:C:C:C2:C(:C:1)CCC1:C:C:C:N:C:1C2=C1CCNCC1,0.0,Clc1ccc2c(c1)CCc1cccnc1C2=C1CCNCC1
O=C(NC1:C:C:C:C:C:1)C1:C:C:C:C:C:1O,1.0,O=C(Nc1ccccc1)c1ccccc1O
CCOC(=O)C1:C:C:C:C:C:1C(=O)OCC,0.0,CCOC(=O)c1ccccc1C(=O)OCC
CCCCOC(=O)C1:C:C:C:C:C:1C(=O)OCCCC,0.0,CCCCOC(=O)c1ccccc1C(=O)OCCCC
NC(=O)C1:C:C:C:C:C:1N,0.0,NC(=O)c1ccccc1N
NC1:C:C:C(/N=N\C2:C:C:C:C:C:2):C(N):C:1,1.0,Nc1ccc(/N=N\c2ccccc2)c(N)c1
CC1CC(OC(=O)C(O)C2:C:C:C:C:C:2)CC(C)(C)N1C,0.0,CC1CC(OC(=O)C(O)c2ccccc2)CC(C)(C)N1C
C1:C:C:C2:C(:C:1):[NH]:C1:C:N:C:C:C:1:2,0.0,c1ccc2c(c1)[nH]c1cnccc12
O=C(OOC(=O)C1:C:C:C:C:C:1)C1:C:C:C:C:C:1,0.0,O=C(OOC(=O)c1ccccc1)c1ccccc1
NC(=O)N=NC(N)=O,0.0,NC(=O)N=NC(N)=O
COC1:C:C:C(N=[N+]([O-])C2:C:C:C(OC):C:C:2):C:C:1,1.0,COc1ccc(N=[N+]([O-])c2ccc(OC)cc2)cc1
[O-][N+](=NC1:C:C:C:C:C:1)C1:C:C:C:C:C:1,1.0,[O-][N+](=Nc1ccccc1)c1ccccc1
ClC(Cl)=C(Cl)C(Cl)=C(Cl)Cl,0.0,ClC(Cl)=C(Cl)C(Cl)=C(Cl)Cl
ClC1:C(Cl):C(Cl):C(Cl):C(Cl):C:1Cl,0.0,Clc1c(Cl)c(Cl)c(Cl)c(Cl)c1Cl
CCOC(=O)CC(C)=O,0.0,CCOC(=O)CC(C)=O
C1CCCNCCC1,0.0,C1CCCNCCC1
CCCCC(CC)COC(=O)/C=C\C(=O)OCC(CC)CCCC,1.0,CCCCC(CC)COC(=O)/C=C\C(=O)OCC(CC)CCCC
Cl[C@H]1[C@H](Cl)[C@@H](Cl)[C@@H](Cl)[C@H](Cl)[C@H]1Cl,0.0,Cl[C@H]1[C@H](Cl)[C@@H](Cl)[C@@H](Cl)[C@H](Cl)[C@H]1Cl
CC(C)(O)C#CC(C)(C)O,0.0,CC(C)(O)C#CC(C)(C)O
CC(=O)[O-].CC(=O)[O-].[Mg+2],0.0,CC(=O)[O-].CC(=O)[O-].[Mg+2]
O=C(O)CNCC(=O)O,0.0,O=C(O)CNCC(=O)O
ClC(Cl)(Cl)C(Cl)(Cl)Cl,0.0,ClC(Cl)(Cl)C(Cl)(Cl)Cl
CN1CCN(C2=NC3:C:C(F):C:C:C:3CC3:C:C:C:C:C:32)CC1,0.0,CN1CCN(C2=Nc3cc(F)ccc3Cc3ccccc32)CC1
C=CCCC(=O)O,0.0,C=CCCC(=O)O
CN=C=O,0.0,CN=C=O
[Na]I,0.0,[Na][I]
C[N+](C)(C)CC1:C:C:C:C:C:1,0.0,C[N+](C)(C)Cc1ccccc1
COC1:C:C:C:C(C=O):C:1,0.0,COc1cccc(C=O)c1
C[N+](C)(C)CC(=O)O,0.0,C[N+](C)(C)CC(=O)O
CC1:C:C:C:C:C:1CCl,0.0,Cc1ccccc1CCl
CCC(C)C1:C:C:C:C(C(C)CC):C:1O,0.0,CCC(C)c1cccc(C(C)CC)c1O
CCCC[N+](C)(CCCC)CCCC,0.0,CCCC[N+](C)(CCCC)CCCC
CC(=O)CC(C1:C:C:C:C:C:1)C1:C(O):C2:C:C:C:C:C:2:O:C:1=O,0.0,CC(=O)CC(c1ccccc1)c1c(O)c2ccccc2oc1=O
O=C1C2:C:C:C:C:C:2CCC2:C:C:C:C:C:21,0.0,O=C1c2ccccc2CCc2ccccc21
BrCCCCCBr,0.0,BrCCCCCBr
NCCC1:C:C:C(O):C:C:1,0.0,NCCc1ccc(O)cc1
NCC(O)C1:C:C:C(O):C:C:1,0.0,NCC(O)c1ccc(O)cc1
O=CNNC=O,0.0,O=CNNC=O
CCNC(=S)NCC,0.0,CCNC(=S)NCC
CC/C(=C(/CC)C1:C:C:C(O):C:C:1)C1:C:C:C(O):C:C:1,1.0,CC/C(=C(/CC)c1ccc(O)cc1)c1ccc(O)cc1
CCOC(=O)/C=C\C(=O)OCC,1.0,CCOC(=O)/C=C\C(=O)OCC
CCN(C=O)CC,0.0,CCN(C=O)CC
OCCOCCO,0.0,OCCOCCO
CC(C)(C)S,0.0,CC(C)(C)S
O=C(OCC1:C:C:C:C:C:1)C1:C:C:C(O):C:C:1,0.0,O=C(OCc1ccccc1)c1ccc(O)cc1
CCCCC(CC)COC(=O)C1:C:C:C(O):C:C:1,0.0,CCCCC(CC)COC(=O)c1ccc(O)cc1
CC(=O)C1:C:C:C(Cl):C(Cl):C:1Cl,0.0,CC(=O)c1ccc(Cl)c(Cl)c1Cl
CCCCCCCOC(=O)C1:C:C:C(O):C:C:1,0.0,CCCCCCCOC(=O)c1ccc(O)cc1
CC(C)COC(=O)C1:C:C:C:C:C:1C(=O)OCC(C)C,0.0,CC(C)COC(=O)c1ccccc1C(=O)OCC(C)C
CC(C)CCCCCCOC(=O)C1:C:C:C:C:C:1C(=O)OCCCCCCC(C)C,0.0,CC(C)CCCCCCOC(=O)c1ccccc1C(=O)OCCCCCCC(C)C
CCOC(=O)C=CC1:C:C:C:C:C:1,0.0,CCOC(=O)C=Cc1ccccc1
COC(=O)C1:C:C:C(O):C:C:1,0.0,COC(=O)c1ccc(O)cc1
CCOC(=O)C1:C:C:C(O):C:C:1,0.0,CCOC(=O)c1ccc(O)cc1
NCCC1:C:N:C:[NH]:1,0.0,NCCc1cnc[nH]1
CCCCCCCC/C=C\CCCCCCCC(=O)O,0.0,CCCCCCCC/C=C\CCCCCCCC(=O)O
CN1C(=O)C(C)(C2=CCCCC2)C(=O)N=C1O,0.0,CN1C(=O)C(C)(C2=CCCCC2)C(=O)N=C1O
C=CCCCCCC,0.0,C=CCCCCCC
C1:C:C:C2:C(:C:1)CCCC2C1=NCCN1,0.0,c1ccc2c(c1)CCCC2C1=NCCN1
CC(CN(C)C)CN1C2:C:C:C:C:C:2CCC2:C:C:C:C:C:21,0.0,CC(CN(C)C)CN1c2ccccc2CCc2ccccc21
CC1=C2[C@H]3OC(=O)[C@@H](C)[C@@H]3CC[C@@]2(C)C=CC1=O,0.0,CC1=C2[C@H]3OC(=O)[C@@H](C)[C@@H]3CC[C@@]2(C)C=CC1=O
C[C@H]1[C@H]2[C@H](C[C@H]3[C@@H]4CC[C@H]5C[C@@H](O)CC[C@]5(C)[C@H]4CC(=O)[C@@]32C)O[C@]12CC[C@@H](C)CO2,0.0,C[C@@H]1CC[C@@]2(OC1)O[C@H]1C[C@H]3[C@@H]4CC[C@H]5C[C@@H](O)CC[C@]5(C)[C@H]4CC(=O)[C@]3(C)[C@H]1[C@@H]2C
C1:C:C:C2:S:C(SSN3CCOCC3):N:C:2:C:1,0.0,c1ccc2sc(SSN3CCOCC3)nc2c1
N#CC1:N:N(C2:C(Cl):C:C(C(F)(F)F):C:C:2Cl):C(N):C:1S(=O)C(F)(F)F,1.0,N#Cc1nn(-c2c(Cl)cc(C(F)(F)F)cc2Cl)c(N)c1S(=O)C(F)(F)F
CC(C)C(=O)NC1:C:C:C([N+](=O)[O-]):C(C(F)(F)F):C:1,1.0,CC(C)C(=O)Nc1ccc([N+](=O)[O-])c(C(F)(F)F)c1
O=C1NC2NC(=O)NC2N1,0.0,O=C1NC2NC(=O)NC2N1
CC1(C)O[C@@H]2C[C@H]3[C@@H]4CCC5=CC(=O)C=C[C@]5(C)[C@H]4[C@@H](O)C[C@]3(C)[C@]2(C(=O)CO)O1,0.0,CC1(C)O[C@@H]2C[C@H]3[C@@H]4CCC5=CC(=O)C=C[C@]5(C)[C@H]4[C@@H](O)C[C@]3(C)[C@]2(C(=O)CO)O1
C[C@H]1CN(C2:C(F):C(F):C3:C(=O):C(C(=O)O):C:N(C4CC4):C:3:C:2F)C[C@@H](C)N1,1.0,C[C@@H]1CN(c2c(F)c(F)c3c(=O)c(C(=O)O)cn(C4CC4)c3c2F)C[C@H](C)N1
COC1:C:C:C(CC2:C:N:C(N):N:C:2N):C:C:1OC,0.0,COc1ccc(Cc2cnc(N)nc2N)cc1OC
O=C1C2:C:C:C:C:C:2C(=O)C2:C:C(O):C:C:C:21,1.0,O=C1c2ccccc2C(=O)c2cc(O)ccc21
CCNC1:N:C(NC(C)(C)C):N:C(SC):N:1,1.0,CCNc1nc(NC(C)(C)C)nc(SC)n1
CNC(=O)N(C)C1:N:N:C(C(C)(C)C):S:1,0.0,CNC(=O)N(C)c1nnc(C(C)(C)C)s1
CC1:[NH]:C(=O):N(C(C)(C)C):C(=O):C:1Cl,0.0,Cc1[nH]c(=O)n(C(C)(C)C)c(=O)c1Cl
CCCCC(C#N)(CN1:C:N:C:N:1)C1:C:C:C(Cl):C:C:1,0.0,CCCCC(C#N)(Cn1cncn1)c1ccc(Cl)cc1
O=C([O-])CF,0.0,O=C([O-])CF
CCCCOCC(C)OCC(C)O,0.0,CCCCOCC(C)OCC(C)O
C=CC(=O)OCCOCC(CC)(COCCOC(=O)C=C)COCCOC(=O)C=C,1.0,C=CC(=O)OCCOCC(CC)(COCCOC(=O)C=C)COCCOC(=O)C=C
C=CC(=O)OCCCCCC(C)C,0.0,C=CC(=O)OCCCCCC(C)C
Cl/C=C/Cl,0.0,Cl/C=C/Cl
O=C(O)CCCOC1:C:C:C(Cl):C:C:1Cl,0.0,O=C(O)CCCOc1ccc(Cl)cc1Cl
C=CC1:C:C:C(C):C:C:1,0.0,C=Cc1ccc(C)cc1
OCC(Cl)CCl,0.0,OCC(Cl)CCl
OCCN1C[C@H](O)[C@@H](O)[C@H](O)[C@H]1CO,0.0,OCCN1C[C@H](O)[C@@H](O)[C@H](O)[C@H]1CO
CCCCOC(=O)CC(CC(=O)OCCCC)(OC(C)=O)C(=O)OCCCC,0.0,CCCCOC(=O)CC(CC(=O)OCCCC)(OC(C)=O)C(=O)OCCCC
O=C(O)C1:C:C:C:C(C(F)(F)F):C:1,0.0,O=C(O)c1cccc(C(F)(F)F)c1
COC(=O)C1:C:C:C(OC):C:C:1,0.0,COC(=O)c1ccc(OC)cc1
COC(OC)OC,0.0,COC(OC)OC
NC1:C:C:C(Cl):C:C:1[N+](=O)[O-],0.0,Nc1ccc(Cl)cc1[N+](=O)[O-]
CN(C)CCN(CC1:C:C:C:S:1)C1:C:C:C:C:N:1.CN(C)CCN(CC1:C:C:C:S:1)C1:C:C:C:C:N:1,0.0,CN(C)CCN(Cc1cccs1)c1ccccn1.CN(C)CCN(Cc1cccs1)c1ccccn1
CCCC(=O)OCCC(C)CCC=C(C)C,0.0,CCCC(=O)OCCC(C)CCC=C(C)C
C=CCC1:C:C:C(OC(=O)CC2:C:C:C:C:C:2):C(OC):C:1,0.0,C=CCc1ccc(OC(=O)Cc2ccccc2)c(OC)c1
CC1:C:C:C(OC(=O)CC(C)C):C:C:1,0.0,Cc1ccc(OC(=O)CC(C)C)cc1
CCC(C)C1N=C(C)C(C)S1,0.0,CCC(C)C1N=C(C)C(C)S1
CC1:N:C2:C:C:C(Cl):C:C:2:[NH]:1,0.0,Cc1nc2ccc(Cl)cc2[nH]1
N[C@@H](CCC(=O)O)C(=O)O,0.0,N[C@@H](CCC(=O)O)C(=O)O
CCCC(=O)OC/C=C(\C)CCC=C(C)C,0.0,CCCC(=O)OC/C=C(\C)CCC=C(C)C
CC(C)(C)OC(=O)C1:C:C:C:C:C:1C(=O)O,0.0,CC(C)(C)OC(=O)c1ccccc1C(=O)O
COC1:C:C(/C=C/C(N)=O):C:C(OC):C:1OC,0.0,COc1cc(/C=C/C(N)=O)cc(OC)c1OC
CCOC1:N:C(=O):C(F):C:[NH]:1,0.0,CCOc1nc(=O)c(F)c[nH]1
N#CC1(C2:C:C:C(F):C:C:2)CCC(=O)CC1,0.0,N#CC1(c2ccc(F)cc2)CCC(=O)CC1
CC1:C:C:C(C(C)OC(=O)C2(C)CCC(C(=O)O)C2(C)C):C:C:1.OCCNCCO,0.0,Cc1ccc(C(C)OC(=O)C2(C)CCC(C(=O)O)C2(C)C)cc1.OCCNCCO
NC1:N:C:N:C2:C:1:N:C:N:2CC1:C(F):C:C:C:C:1Cl,0.0,Nc1ncnc2c1ncn2Cc1c(F)cccc1Cl
COCCC1:C:C:C(OCC2CO2):C:C:1,0.0,COCCc1ccc(OCC2CO2)cc1
C#CC1:C:C:C(C2:C:C:C:C:C:2F):C:C:1,0.0,C#Cc1ccc(-c2ccccc2F)cc1
C[C@H]1C[C@H]2[C@@H]3CCC4=CC(=O)C=C[C@]4(C)[C@@]3(Cl)[C@@H](O)C[C@]2(C)[C@@]1(O)C(=O)CO,0.0,C[C@H]1C[C@H]2[C@@H]3CCC4=CC(=O)C=C[C@]4(C)[C@@]3(Cl)[C@@H](O)C[C@]2(C)[C@@]1(O)C(=O)CO
CP(=O)([O-])OCCC[Si](O)(O)O,0.0,CP(=O)([O-])OCCC[Si](O)(O)O
N#CC1:C:C:C(CC(=O)C2:C:C:C:C(C(F)(F)F):C:2):C:C:1,0.0,N#Cc1ccc(CC(=O)c2cccc(C(F)(F)F)c2)cc1
O=C(C1:C:C:C(O):C:C:1)C1:C:C:C(O):C:C:1O,0.0,O=C(c1ccc(O)cc1)c1ccc(O)cc1O
OCCC1CCCCN1,0.0,OCCC1CCCCN1
CC(C)(O)C(=O)C1:C:C:C:C:C:1,0.0,CC(C)(O)C(=O)c1ccccc1
CCCCOC(=O)C(C)OC(=O)CCC,0.0,CCCCOC(=O)C(C)OC(=O)CCC
COC(C=C(C)CCC=C(C)C)OC,0.0,COC(C=C(C)CCC=C(C)C)OC
CCC(=O)OC(C)(C)C1CC=C(C)CC1,0.0,CCC(=O)OC(C)(C)C1CC=C(C)CC1
C=C[Si](OC(=C)C)(OC(=C)C)OC(=C)C,0.0,C=C[Si](OC(=C)C)(OC(=C)C)OC(=C)C
O=S(=O)(O)NC1CCCCC1,0.0,O=S(=O)(O)NC1CCCCC1
C/C=C(C(=C/C)/C1:C:C:C(OC(C)=O):C:C:1)\C1:C:C:C(OC(C)=O):C:C:1,1.0,C/C=C(/C(=C/C)c1ccc(OC(C)=O)cc1)c1ccc(OC(C)=O)cc1
NC1:C:C:C(C(=O)N2CC3CC(CN(CC4:C:C:C:C:C:4)C3)C2):C:C:1,0.0,Nc1ccc(C(=O)N2CC3CC(CN(Cc4ccccc4)C3)C2)cc1
CC(C)(C)C1:C:C:C(OP(=O)(OC2:C:C:C:C:C:2)OC2:C:C:C:C:C:2):C:C:1,1.0,CC(C)(C)c1ccc(OP(=O)(Oc2ccccc2)Oc2ccccc2)cc1
CC1:O:C(=O):O:C:1COC(=O)[C@@H]1N2C(=O)[C@@H](NC(=O)[C@H](N)C3:C:C:C:C:C:3)[C@H]2SC1(C)C,0.0,Cc1oc(=O)oc1COC(=O)[C@@H]1N2C(=O)[C@@H](NC(=O)[C@H](N)c3ccccc3)[C@H]2SC1(C)C
CC#C[C@]1(O)CC[C@H]2[C@@H]3C[C@H](C)C4=CC(=O)CC[C@]4(C)[C@H]3CC[C@@]21C,1.0,CC#C[C@]1(O)CC[C@H]2[C@@H]3C[C@H](C)C4=CC(=O)CC[C@]4(C)[C@H]3CC[C@@]21C
CCOC(=O)C(=O)CCCCCCl,0.0,CCOC(=O)C(=O)CCCCCCl
NC1:C:C:C(Cl):C:C:1C(=O)C1:C:C:C:C:C:1F,1.0,Nc1ccc(Cl)cc1C(=O)c1ccccc1F
CC1:N:C(N):N:C(N):C:1C1:C:C:C(Cl):C(Cl):C:1,1.0,Cc1nc(N)nc(N)c1-c1ccc(Cl)c(Cl)c1
CC(C)(C)C1:C:C:C(OCC2CO2):C:C:1,0.0,CC(C)(C)c1ccc(OCC2CO2)cc1
CC(=O)[C@H]1CC[C@H]2[C@@H]3C=CC4=CC(=O)CC[C@@]4(C)[C@@H]3CC[C@]12C,1.0,CC(=O)[C@H]1CC[C@H]2[C@@H]3C=CC4=CC(=O)CC[C@@]4(C)[C@@H]3CC[C@]12C
CN1:C(=O):C2:C(:N:C:N:2CC(O)CO):N(C):C:1=O,0.0,Cn1c(=O)c2c(ncn2CC(O)CO)n(C)c1=O
C=CN1CCCC1=O,0.0,C=CN1CCCC1=O
OCC(CO)N[C@H]1C[C@](O)(CO)[C@@H](O)[C@H](O)[C@H]1O,1.0,OCC(CO)N[C@H]1C[C@](O)(CO)[C@@H](O)[C@H](O)[C@H]1O
C1CCCCCCCCCCC1,0.0,C1CCCCCCCCCCC1
CC1:C:C:C:C(C):C:1,0.0,Cc1cccc(C)c1
CC1:C:C:C(N):C(C):C:1,0.0,Cc1ccc(N)c(C)c1
OC1:C:C:C:C(Cl):C:1,0.0,Oc1cccc(Cl)c1
O=C(O)C1:C:C(C(=O)O):C:C(S(=O)(=O)[O-]):C:1,0.0,O=C(O)c1cc(C(=O)O)cc(S(=O)(=O)[O-])c1
NC1:C(S(=O)(=O)[O-]):C:C(Br):C2:C:1C(=O)C1:C:C:C:C:C:1C2=O,1.0,Nc1c(S(=O)(=O)[O-])cc(Br)c2c1C(=O)c1ccccc1C2=O
CC(C)CCON=O,0.0,CC(C)CCON=O
O=CC1:C:C:C:C:C:1[N+](=O)[O-],0.0,O=Cc1ccccc1[N+](=O)[O-]
O=CC1:C:C:C([N+](=O)[O-]):C:C:1,0.0,O=Cc1ccc([N+](=O)[O-])cc1
COC1:C:C(OC):N:C(OC2:C:C:C:C(OC3:N:C(OC):C:C(OC):N:3):C:2C(=O)[O-]):N:1,0.0,COc1cc(OC)nc(Oc2cccc(Oc3nc(OC)cc(OC)n3)c2C(=O)[O-])n1
CC(C)=C[C@@H]1[C@@H](C(=O)OCC2:C:O:C(CC3:C:C:C:C:C:3):C:2)C1(C)C,0.0,CC(C)=C[C@@H]1[C@@H](C(=O)OCc2coc(Cc3ccccc3)c2)C1(C)C
CCCCC1:O:C2:C:C:C(NS(C)(=O)=O):C:C:2:C:1C(=O)C1:C:C:C(OCCCN(CCCC)CCCC):C:C:1,0.0,CCCCc1oc2ccc(NS(C)(=O)=O)cc2c1C(=O)c1ccc(OCCCN(CCCC)CCCC)cc1
C[C@H]1NCC2:C:C(C3:C:C:C4:C(=O):C(C(=O)O):C:N(C5CC5):C:4:C:3OC(F)F):C:C:C:21,0.0,C[C@H]1NCc2cc(-c3ccc4c(=O)c(C(=O)O)cn(C5CC5)c4c3OC(F)F)ccc21
CNC(=O)CN(CCN(CCN(CC(=O)[O-])CC(=O)NC)CC(=O)[O-])CC(=O)[O-].[Gd+3],0.0,CNC(=O)CN(CCN(CCN(CC(=O)[O-])CC(=O)NC)CC(=O)[O-])CC(=O)[O-].[Gd+3]
COC(=O)C1=C(C)NC(C)=C(C(=O)OCC(C)=O)C1C1:C:C:C:C:C:1[N+](=O)[O-],0.0,COC(=O)C1=C(C)NC(C)=C(C(=O)OCC(C)=O)C1c1ccccc1[N+](=O)[O-]
COC1:C:C:C(C(=O)N2CCCC2=O):C:C:1,0.0,COc1ccc(C(=O)N2CCCC2=O)cc1
CC(N)C(=O)OC(C)(C)CC1:C:C:C(Cl):C:C:1,0.0,CC(N)C(=O)OC(C)(C)Cc1ccc(Cl)cc1
CC1=C(C)C(=O)C(CCCCC#CCCCC#CCO)=C(C)C1=O,1.0,CC1=C(C)C(=O)C(CCCCC#CCCCC#CCO)=C(C)C1=O
C=CCC1:C:C:C:C:C:1OCC(O)CNC(C)C,0.0,C=CCc1ccccc1OCC(O)CNC(C)C
CC(C)(C)C1:N:N:C(NS(=O)(=O)C2:C:C:C:C:C:2):S:1,1.0,CC(C)(C)c1nnc(NS(=O)(=O)c2ccccc2)s1
CC1:C:C:C2:C(:C:1N)C(=O)C1:C:C:C:C:C:1C2=O,1.0,Cc1ccc2c(c1N)C(=O)c1ccccc1C2=O
CCN1:C2:C:C:C:C:C:2:C2:C:C(N):C:C:C:2:1,1.0,CCn1c2ccccc2c2cc(N)ccc21
CCOC1:C:C:C(NC(C)=O):C:C:1N,0.0,CCOc1ccc(NC(C)=O)cc1N
NC1:N:N:C(C2:C:C:C([N+](=O)[O-]):O:2):O:1,1.0,Nc1nnc(-c2ccc([N+](=O)[O-])o2)o1
CC(=O)C1:C:C:C(OCC(=O)N2CCCCC2):C:C:1,0.0,CC(=O)c1ccc(OCC(=O)N2CCCCC2)cc1
C/C(=N\O)C1:C:C:C(OCC(=O)N2CCCCC2):C:C:1,0.0,C/C(=N\O)c1ccc(OCC(=O)N2CCCCC2)cc1
O=C(O)CCCCCCNC1C2:C:C:C:C:C:2CCC2:C:C:C:C:C:21,0.0,O=C(O)CCCCCCNC1c2ccccc2CCc2ccccc21
CCCOC(=O)CC1:C:C:C(OCC(=O)N(CC)CC):C(OC):C:1,0.0,CCCOC(=O)Cc1ccc(OCC(=O)N(CC)CC)c(OC)c1
COC1:C:C:C2:C(C(=O)C3:C:C:C(Cl):C:C:3):C(C):N(CC(=O)O):C:2:C:1,0.0,COc1ccc2c(C(=O)c3ccc(Cl)cc3)c(C)n(CC(=O)O)c2c1
CC1:N:C([N+](=O)[O-]):C:N:1C1:C:C:C([N+](=O)[O-]):C:C:1,0.0,Cc1nc([N+](=O)[O-])cn1-c1ccc([N+](=O)[O-])cc1
O=[Mo](=O)=O,0.0,[O]=[Mo](=[O])=[O]
CCOP(=S)(S)OCC,0.0,CCOP(=S)(S)OCC
CCCCCCCC/C=C\CCCCCCCC(N)=O,0.0,CCCCCCCC/C=C\CCCCCCCC(N)=O
CC1:C:C(=O):[NH]:C(=S):[NH]:1,0.0,Cc1cc(=O)[nH]c(=S)[nH]1
C[C@@H]1C[C@H]2[C@@H]3CCC4=CC(=O)C=C[C@]4(C)[C@@]3(Cl)[C@@H](O)C[C@]2(C)[C@@]1(OC(=O)C1:C:C:C:O:1)C(=O)CCl,1.0,C[C@@H]1C[C@H]2[C@@H]3CCC4=CC(=O)C=C[C@]4(C)[C@@]3(Cl)[C@@H](O)C[C@]2(C)[C@@]1(OC(=O)c1ccco1)C(=O)CCl
CCC(C)(C)C1:C:C:C(O):C:C:1,0.0,CCC(C)(C)c1ccc(O)cc1
CC1:C(N):C:C:C:C:1Cl,0.0,Cc1c(N)cccc1Cl
CC1:C:C:C(Cl):C:C:1,0.0,Cc1ccc(Cl)cc1
CC(C)(C1:C:C(Cl):C(O):C(Cl):C:1)C1:C:C(Cl):C(O):C(Cl):C:1,1.0,CC(C)(c1cc(Cl)c(O)c(Cl)c1)c1cc(Cl)c(O)c(Cl)c1
NC1:C:C:C(Br):C:C:1,0.0,Nc1ccc(Br)cc1
CCCCOC(=O)CCCCC(=O)OCCCC,0.0,CCCCOC(=O)CCCCC(=O)OCCCC
CC1:C:C:C(O):C(C):C:1,0.0,Cc1ccc(O)c(C)c1
COC1:C:C:C(CCN(C)CCCN2CCC3:C:C(OC):C(OC):C:C:3CC2=O):C:C:1OC,0.0,COc1ccc(CCN(C)CCCN2CCc3cc(OC)c(OC)cc3CC2=O)cc1OC
CC1:C:C:C(O):C:C:1,0.0,Cc1ccc(O)cc1
CC1:C:C:C(C):C:C:1,0.0,Cc1ccc(C)cc1
COC1:C:C:C(S(=O)(=O)N2C3:C:C:C(Cl):C:C:3[C@@](O)(C3:C:C:C:C:C:3Cl)[C@H]2C(=O)N2CCC[C@@H]2C(N)=O):C:C:1OC,0.0,COc1ccc(S(=O)(=O)N2c3ccc(Cl)cc3[C@@](O)(c3ccccc3Cl)[C@H]2C(=O)N2CCC[C@@H]2C(N)=O)cc1OC
O=[PH](OC1:C:C:C:C:C:1)OC1:C:C:C:C:C:1,0.0,O=[PH](Oc1ccccc1)Oc1ccccc1
C[NH+](C)CCC(C1:C:C:C(Cl):C:C:1)C1:C:C:C:C:N:1,0.0,C[NH+](C)CCC(c1ccc(Cl)cc1)c1ccccn1
CCCNC(=O)NS(=O)(=O)C1:C:C:C(Cl):C:C:1,0.0,CCCNC(=O)NS(=O)(=O)c1ccc(Cl)cc1
C[N+](C)(C)CCO,0.0,C[N+](C)(C)CCO
O=[Cr]O[Cr]=O,0.0,[O]=[Cr][O][Cr]=[O]
[Cr+3],0.0,[Cr+3]
O=C1C2:C:C:C:C(O):C:2C(=O)C2:C(O):C:C:C:C:21,1.0,O=C1c2cccc(O)c2C(=O)c2c(O)cccc21
CN/C(=N\C#N)NCCSCC1:N:C:[NH]:C:1C,0.0,CN/C(=N\C#N)NCCSCc1nc[nH]c1C
CCCCNS(=O)(=O)C1:C:C:C:C:C:1,0.0,CCCCNS(=O)(=O)c1ccccc1
C=C(C)C1:C:C:C:C(C(=C)C):C:1,0.0,C=C(C)c1cccc(C(=C)C)c1
CC=CC(=O)O,0.0,CC=CC(=O)O
CC1OC(=O)C(C)OC1=O,0.0,CC1OC(=O)C(C)OC1=O
NC1:C:C:C(N):C2:C:1C(=O)C1:C:C:C:C:C:1C2=O,1.0,Nc1ccc(N)c2c1C(=O)c1ccccc1C2=O
OCCCCCO,0.0,OCCCCCO
CC(C)(C)C1:C:C([N+](=O)[O-]):C:C([N+](=O)[O-]):C:1O,1.0,CC(C)(C)c1cc([N+](=O)[O-])cc([N+](=O)[O-])c1O
CNC(=N)NC(=O)NC1:C(C):C:C:C:C:1C,0.0,CNC(=N)NC(=O)Nc1c(C)cccc1C
CC(C(=O)O)C1:C:C:C2:C(:C:1)CC(=O)C1:C:C:C:C:C:1S2,0.0,CC(C(=O)O)c1ccc2c(c1)CC(=O)c1ccccc1S2
COC1:C:C2:N:C(N3CCN(C(=O)C4:C:C:C:O:4)CC3):N:C(N):C:2:C:C:1OC,0.0,COc1cc2nc(N3CCN(C(=O)c4ccco4)CC3)nc(N)c2cc1OC
[NH3+]C1:C:C:C:C:C:1,0.0,[NH3+]c1ccccc1
NC(=S)C1:C(Cl):C:C:C:C:1Cl,0.0,NC(=S)c1c(Cl)cccc1Cl
CC(C)C1:C:C:C(S(=O)(=O)[O-]):C:C:1,0.0,CC(C)c1ccc(S(=O)(=O)[O-])cc1
CCCCCCCCCCCC(=O)OCC(C)OC(=O)CCCCC(=O)O,0.0,CCCCCCCCCCCC(=O)OCC(C)OC(=O)CCCCC(=O)O
CCCCCCCCCCCCCCCS(=O)(=O)OC1:C:C:C:C:C:1,0.0,CCCCCCCCCCCCCCCS(=O)(=O)Oc1ccccc1
CC[C@H](C)C(=O)O[C@H]1C[C@H](O)C=C2C=C[C@H](C)[C@H](CC[C@@H](O)C[C@@H](O)CC(=O)[O-])[C@H]21,0.0,CC[C@H](C)C(=O)O[C@H]1C[C@H](O)C=C2C=C[C@H](C)[C@H](CC[C@@H](O)C[C@@H](O)CC(=O)[O-])[C@H]21
NC[C@H]1O[C@H](O[C@@H]2[C@@H](N)C[C@@H](N)[C@H](O[C@H]3O[C@H](CO)[C@@H](O)[C@H](N)[C@H]3O)[C@H]2O)[C@H](O)[C@@H](O)[C@@H]1O,0.0,NC[C@H]1O[C@H](O[C@H]2[C@H](O)[C@@H](O[C@H]3O[C@H](CO)[C@@H](O)[C@H](N)[C@H]3O)[C@H](N)C[C@@H]2N)[C@H](O)[C@@H](O)[C@@H]1O
COC1:C:C2:C(:C:C:1OC)[C@@]13CCN4CC5=CCO[C@H]6CC(=O)N2[C@H]1[C@H]6[C@H]5C[C@H]43,0.0,COc1cc2c(cc1OC)[C@@]13CCN4CC5=CCO[C@H]6CC(=O)N2[C@H]1[C@H]6[C@H]5C[C@H]43
C1:C:C:[N+]2:C(:C:1)C1:C:C:C:C:[N+]:1CC2,1.0,c1cc[n+]2c(c1)-c1cccc[n+]1CC2
C[C@H](CCC(=O)O)[C@H]1CC[C@H]2[C@@H]3C(=O)C[C@@H]4CC(=O)CC[C@]4(C)[C@H]3CC(=O)[C@@]21C,0.0,C[C@H](CCC(=O)O)[C@H]1CC[C@H]2[C@@H]3C(=O)C[C@@H]4CC(=O)CC[C@]4(C)[C@H]3CC(=O)[C@]12C
COCCOCCOCCOC,0.0,COCCOCCOCCOC
C[N+](C)(C)CCCCCCCCCC[N+](C)(C)C,0.0,C[N+](C)(C)CCCCCCCCCC[N+](C)(C)C
CC1:C:C:C:C:C:1Br,0.0,Cc1ccccc1Br
CC(O)CCCCN1:C(=O):C2:C(:N:C:N:2C):N(C):C:1=O,0.0,CC(O)CCCCn1c(=O)c2c(ncn2C)n(C)c1=O
CC1:C:C:C(C(=O)NC2:C:C:C(S(=O)(=O)O):C3:C:C(S(=O)(=O)O):C:C(S(=O)(=O)O):C:2:3):C:C:1NC(=O)C1:C:C:C:C(NC(=O)NC2:C:C:C:C(C(=O)NC3:C:C(C(=O)NC4:C:C:C(S(=O)(=O)O):C5:C:C(S(=O)(=O)O):C:C(S(=O)(=O)O):C:4:5):C:C:C:3C):C:2):C:1,0.0,Cc1ccc(C(=O)Nc2ccc(S(=O)(=O)O)c3cc(S(=O)(=O)O)cc(S(=O)(=O)O)c23)cc1NC(=O)c1cccc(NC(=O)Nc2cccc(C(=O)Nc3cc(C(=O)Nc4ccc(S(=O)(=O)O)c5cc(S(=O)(=O)O)cc(S(=O)(=O)O)c45)ccc3C)c2)c1
COC1:C:C(C(C)C):C2:C(:C:1)S(=O)(=O)N(COC1:C:C(=O):N3:C:C:C:C(OCCN4CCCCC4):C:3:N:1)C2=O,1.0,COc1cc(C(C)C)c2c(c1)S(=O)(=O)N(COc1cc(=O)n3cccc(OCCN4CCCCC4)c3n1)C2=O
CCOC(=O)COC1:C:C:C2:C(:C:1)CC(NCC(O)C1:C:C:C:C(Cl):C:1)CC2,0.0,CCOC(=O)COc1ccc2c(c1)CC(NCC(O)c1cccc(Cl)c1)CC2
CNC(=O)OC1:C:C:C:C(C(C)C):C:1,0.0,CNC(=O)Oc1cccc(C(C)C)c1
COC(=O)C1:C:C(OC2:C:C:C(Cl):C:C:2Cl):C:C:C:1[N+](=O)[O-],0.0,COC(=O)c1cc(Oc2ccc(Cl)cc2Cl)ccc1[N+](=O)[O-]
N[C@@H](CSSC[C@H](N)C(=O)O)C(=O)O,0.0,N[C@@H](CSSC[C@H](N)C(=O)O)C(=O)O
CCC(=O)NC1:C:C:C(O):C:C:1,0.0,CCC(=O)Nc1ccc(O)cc1
CN(C)CCCN1C2:C:C:C:C:C:2SC2:C:C:C:C:C:21,0.0,CN(C)CCCN1c2ccccc2Sc2ccccc21
CC(=O)N1C[C@H](O)C[C@H]1C(=O)O,0.0,CC(=O)N1C[C@H](O)C[C@H]1C(=O)O
C[C@@H](O)[C@H](N)C(=O)O,0.0,C[C@@H](O)[C@H](N)C(=O)O
CC(=O)OC1:C:C(C(C)C):C(OCCN(C)C):C:C:1C,0.0,CC(=O)Oc1cc(C(C)C)c(OCCN(C)C)cc1C
CCN(CC)CCNC(C(=O)OCCC(C)C)C1:C:C:C:C:C:1,0.0,CCN(CC)CCNC(C(=O)OCCC(C)C)c1ccccc1
CCNC(=O)/C=C/C1:C:C:C:C(Br):C:1,0.0,CCNC(=O)/C=C/c1cccc(Br)c1
CN(C)C1:C:C:C(SC#N):C:C:1,0.0,CN(C)c1ccc(SC#N)cc1
CC1:C:C:C:C(OCC(O)CNC(C)(C)C):C:1C,0.0,Cc1cccc(OCC(O)CNC(C)(C)C)c1C
CCCCCCCCCCCCCCCC(=O)NCCO,0.0,CCCCCCCCCCCCCCCC(=O)NCCO
CCCCCCC1CCCC(=O)O1,0.0,CCCCCCC1CCCC(=O)O1
CC(CC=O)C1:C:C:C:C:C:1,0.0,CC(CC=O)c1ccccc1
C1CNCCN1,0.0,C1CNCCN1
CCOC(=O)CCC1:C:C:C:C:C:1,0.0,CCOC(=O)CCc1ccccc1
CCOC(=O)CC(=O)C1:C:C:C:C:C:1,0.0,CCOC(=O)CC(=O)c1ccccc1
CCCCCC#CC(=O)OC,0.0,CCCCCC#CC(=O)OC
CCC(=O)OC(C)C1:C:C:C:C:C:1,0.0,CCC(=O)OC(C)c1ccccc1
CC1:C:C:C:C2:N:C:C:N:C:1:2,0.0,Cc1cccc2nccnc12
C/C=C/C=C/C(=O)O,0.0,C/C=C/C=C/C(=O)O
CCN(CC)C(=S)[S-],1.0,CCN(CC)C(=S)[S-]
[O-]C1:C(Cl):C:C(Cl):C:C:1SC1:C:C(Cl):C:C(Cl):C:1[O-],0.0,[O-]c1c(Cl)cc(Cl)cc1Sc1cc(Cl)cc(Cl)c1[O-]
BrC1:C:C(Br):C(OC2:C:C(Br):C(Br):C:C:2Br):C:C:1Br,0.0,Brc1cc(Br)c(Oc2cc(Br)c(Br)cc2Br)cc1Br
CC(C)NCC(O)C1:C:C:C(NS(C)(=O)=O):C:C:1,0.0,CC(C)NCC(O)c1ccc(NS(C)(=O)=O)cc1
CCC(OCCCOC)OC(C)=O,0.0,CCC(OCCCOC)OC(C)=O
CC1:C:S:C:N:1,0.0,Cc1cscn1
NC1CCCCC1N,0.0,NC1CCCCC1N
O=C(Cl)C1:C(Cl):C(Cl):C(C(=O)Cl):C(Cl):C:1Cl,0.0,O=C(Cl)c1c(Cl)c(Cl)c(C(=O)Cl)c(Cl)c1Cl
C[Sn](C)(Cl)Cl,1.0,[CH3][Sn]([CH3])([Cl])[Cl]
CCCCC(CC)C(=O)Cl,0.0,CCCCC(CC)C(=O)Cl
CCOCCC(=O)OCC,0.0,CCOCCC(=O)OCC
CN(N=O)C1:C:C:C:C:C:1,0.0,CN(N=O)c1ccccc1
O=NN1CCOCC1,0.0,O=NN1CCOCC1
O=NN1CCNCC1,0.0,O=NN1CCNCC1
OC(CCN1CCCCC1)(C1:C:C:C:C:C:1)C1CCCCC1,0.0,OC(CCN1CCCCC1)(c1ccccc1)C1CCCCC1
CC1:C:C:C(S(=O)(=O)N[C@@H](CCCCN)C(=O)CCl):C:C:1,0.0,Cc1ccc(S(=O)(=O)N[C@@H](CCCCN)C(=O)CCl)cc1
CN(C)CCCN1C2:C:C:C:C:C:2SC2:C:C:C(C(F)(F)F):C:C:21,0.0,CN(C)CCCN1c2ccccc2Sc2ccc(C(F)(F)F)cc21
CC(C)(C)NCC(O)C1:C:C:C:C:C:1Cl,0.0,CC(C)(C)NCC(O)c1ccccc1Cl
O=S1OCCO1,0.0,O=S1OCCO1
OCC(O)CCl,0.0,OCC(O)CCl
COC(C)(C)CCO,0.0,COC(C)(C)CCO
OCC(O)CO,0.0,OCC(O)CO
O=S(=O)(O)C1:C:C:C(O):C2:N:C:C:C:C:1:2,1.0,O=S(=O)(O)c1ccc(O)c2ncccc12
CC1:C:C:C(S(=O)(=O)O):C:C:1.O,0.0,Cc1ccc(S(=O)(=O)O)cc1.O
COC(OC)(C(=O)C1:C:C:C:C:C:1)C1:C:C:C:C:C:1,0.0,COC(OC)(C(=O)c1ccccc1)c1ccccc1
CC(C1:C:C:C(O):C:C:1)(C1:C:C:C(O):C:C:1)C1:C:C:C(O):C:C:1,1.0,CC(c1ccc(O)cc1)(c1ccc(O)cc1)c1ccc(O)cc1
C1:C:C:C2:C(:C:1):C:C:C1:C:C3:C(:C:C:C4:C:C:C:C:C:4:3):C:C:1:2,1.0,c1ccc2c(c1)ccc1cc3c(ccc4ccccc43)cc12
NC1:C:C:C(O):C(N):C:1,0.0,Nc1ccc(O)c(N)c1
NC1:C:C:C(NC(=O)C2:C:C:C(N):C:C:2):C:C:1,0.0,Nc1ccc(NC(=O)c2ccc(N)cc2)cc1
CCOP(=S)(OCC)OC1:C:C(C):N:C(C(C)C):N:1,0.0,CCOP(=S)(OCC)Oc1cc(C)nc(C(C)C)n1
CN1C(=O)CN=C(C2:C:C:C:C:C:2)C2:C:C(Cl):C:C:C:21,0.0,CN1C(=O)CN=C(c2ccccc2)c2cc(Cl)ccc21
CC(C)(C)C(=O)O,0.0,CC(C)(C)C(=O)O
CC(C)(CO)[N+](=O)[O-],0.0,CC(C)(CO)[N+](=O)[O-]
CCCCCCCCCCCCS,0.0,CCCCCCCCCCCCS
ClC1:C:C:C(COC(CN2:C:C:N:C:2)C2:C:C:C(Cl):C:C:2Cl):C:C:1,0.0,Clc1ccc(COC(Cn2ccnc2)c2ccc(Cl)cc2Cl)cc1
CSC1=N[C@@](C)(C2:C:C:C:C:C:2)C(=O)N1NC1:C:C:C:C:C:1,1.0,CSC1=N[C@@](C)(c2ccccc2)C(=O)N1Nc1ccccc1
C[N+]1(C)CCC(OC(=O)C(O)(C2:C:C:C:C:C:2)C2CCCC2)C1,0.0,C[N+]1(C)CCC(OC(=O)C(O)(c2ccccc2)C2CCCC2)C1
CCC1(C2:C:C:C:C:C:2)CCC(=O)NC1=O,0.0,CCC1(c2ccccc2)CCC(=O)NC1=O
N[C@@H](CCC(=O)N[C@@H](CS)C(=O)NCC(=O)O)C(=O)O,0.0,N[C@@H](CCC(=O)N[C@@H](CS)C(=O)NCC(=O)O)C(=O)O
OCCN(CCO)C1:C:C:C:C(Cl):C:1,0.0,OCCN(CCO)c1cccc(Cl)c1
CCOC(=O)C1CC(=O)C(=C(O)C2CC2)C(=O)C1,0.0,CCOC(=O)C1CC(=O)C(=C(O)C2CC2)C(=O)C1
CC(C)=CC1C(C(=O)OC(C#N)C2:C:C:C:C(OC3:C:C:C:C:C:3):C:2)C1(C)C,0.0,CC(C)=CC1C(C(=O)OC(C#N)c2cccc(Oc3ccccc3)c2)C1(C)C
COC1:C:C:C:C:C:1NC(=O)CC(C)=O,1.0,COc1ccccc1NC(=O)CC(C)=O
CN1:C:N:C2:C(=O):N:C(N):[NH]:C:2:1,0.0,Cn1cnc2c(=O)nc(N)[nH]c21
N=C(N)NC(=N)N1CCOCC1,0.0,N=C(N)NC(=N)N1CCOCC1
CC(=O)[C@H]1CC[C@H]2[C@@H]3C[C@H](C)C4=CC(=O)CC[C@]4(C)[C@H]3[C@@H](O)C[C@]12C,0.0,CC(=O)[C@H]1CC[C@H]2[C@@H]3C[C@H](C)C4=CC(=O)CC[C@]4(C)[C@H]3[C@@H](O)C[C@]12C
CCN(CCCCOC(=O)C1:C:C:C(OC):C(OC):C:1)C(C)CC1:C:C:C(OC):C:C:1,0.0,CCN(CCCCOC(=O)c1ccc(OC)c(OC)c1)C(C)Cc1ccc(OC)cc1
CCCCC1:C:C2:C:C:C:C:C:2:C(OCCN(C)C):N:1,0.0,CCCCc1cc2ccccc2c(OCCN(C)C)n1
CCCN(CCC1:C:C:C:S:1)[C@H]1CCC2:C(O):C:C:C:C:2C1,0.0,CCCN(CCc1cccs1)[C@H]1CCc2c(O)cccc2C1
CC1=CC(=O)[C@H]2C[C@@H]1C2(C)C,0.0,CC1=CC(=O)[C@H]2C[C@@H]1C2(C)C
NC1:C(Cl):C(F):N:C(OCC(=O)O):C:1Cl,0.0,Nc1c(Cl)c(F)nc(OCC(=O)O)c1Cl
CO/N=C(/C1=NOCCO1)C1:C:C:C:C:C:1OC1:N:C:N:C(OC2:C:C:C:C:C:2Cl):C:1F,1.0,CO/N=C(/C1=NOCCO1)c1ccccc1Oc1ncnc(Oc2ccccc2Cl)c1F
O=C(NN=CC1:C:C:C([N+](=O)[O-]):O:1)C1:C:C:C(O):C:C:1,1.0,O=C(NN=Cc1ccc([N+](=O)[O-])o1)c1ccc(O)cc1
CC1:C:C:C(C(C)C):C(O):C:1,0.0,Cc1ccc(C(C)C)c(O)c1
O=C1:C:C:[NH]:C(=S):[NH]:1,0.0,O=c1cc[nH]c(=S)[nH]1
CC(=O)OCCOC(C)=O,0.0,CC(=O)OCCOC(C)=O
CCCCCCCC,0.0,CCCCCCCC
N=C1NC(=N)C2:C:C3:C:C:C:C:C:3:C:C:21,1.0,N=C1NC(=N)c2cc3ccccc3cc21
C1=CCCC=CCC1,0.0,C1=CCCC=CCC1
CCCCCCCCCCCC(=O)OC,0.0,CCCCCCCCCCCC(=O)OC
N#C[S-],0.0,N#C[S-]
CC(N)=S,0.0,CC(N)=S
COC1:C:C:C:C:C:1N1CCNCC1,0.0,COc1ccccc1N1CCNCC1
NC1:C:C:C:C:C:1NC1:C:C:C:C:C:1,1.0,Nc1ccccc1Nc1ccccc1
CCC[N+]1(C)CCCC1,0.0,CCC[N+]1(C)CCCC1
CCCCCCCCCCCCCCCCI,0.0,CCCCCCCCCCCCCCCCI
O=[N+]([O-])C1:C:C:C2:[NH]:N:C:C:2:C:1,0.0,O=[N+]([O-])c1ccc2[nH]ncc2c1
CCC(C)(C)CC,0.0,CCC(C)(C)CC
CN1CC(=O)N=C1NC(=O)NC1:C:C:C:C(Cl):C:1,0.0,CN1CC(=O)N=C1NC(=O)Nc1cccc(Cl)c1
C=CCCC=C,0.0,C=CCCC=C
BrCCOC1:C:C:C:C:C:1,0.0,BrCCOc1ccccc1
CC(=O)O[C@@H]1C[C@H]2CC[C@]1(C)C2(C)C,0.0,CC(=O)O[C@@H]1C[C@H]2CC[C@]1(C)C2(C)C
CC1(C)[C@@H]2CC[C@@]1(C)[C@H](O)C2,0.0,CC1(C)[C@@H]2CC[C@@]1(C)[C@H](O)C2
COP(N)(=S)OC1:C:C:C:C:C:1C(=O)OC(C)C,0.0,COP(N)(=S)Oc1ccccc1C(=O)OC(C)C
CCC(=O)O[C@@H]1C[C@H]2CC[C@]1(C)C2(C)C,0.0,CCC(=O)O[C@@H]1C[C@H]2CC[C@]1(C)C2(C)C
CC(C)CCCCCOC(=O)C1:C:C:C:C:C:1C(=O)OCCCCCC(C)C,0.0,CC(C)CCCCCOC(=O)c1ccccc1C(=O)OCCCCCC(C)C
CCCCCCCCCC(CC)C1:C:C:C(S(=O)(=O)O):C:C:1.OCCN(CCO)CCO,0.0,CCCCCCCCCC(CC)c1ccc(S(=O)(=O)O)cc1.OCCN(CCO)CCO
CC(C)CC(C)(C)C,0.0,CC(C)CC(C)(C)C
CCCSC(=O)N(CCC)CCC,0.0,CCCSC(=O)N(CCC)CCC
COC1:C(Cl):C:C:C(Cl):C:1C(=O)O,0.0,COc1c(Cl)ccc(Cl)c1C(=O)O
BrC1:C:C:C(OC2:C:C:C(Br):C:C:2):C:C:1,0.0,Brc1ccc(Oc2ccc(Br)cc2)cc1
ClC(Cl)(Br)Br,0.0,ClC(Cl)(Br)Br
BrC1:C:C:C(Br):C:C:1,0.0,Brc1ccc(Br)cc1
OC1CCCCC1C1:C:C:C:C:C:1,0.0,OC1CCCCC1c1ccccc1
O=S(=O)([O-])C1:C:C:C2:C:C:C:C:C:2:C:1,0.0,O=S(=O)([O-])c1ccc2ccccc2c1
CCC(C)COC(=O)CC(C)C,0.0,CCC(C)COC(=O)CC(C)C
CC1:C:C:C:C:C:1OCC(=O)O,0.0,Cc1ccccc1OCC(=O)O
CC=CC(=O)CCCC,0.0,CC=CC(=O)CCCC
CCCCCC(CC)OC(=O)CCCOC1:C:C:C(Cl):C:C:1Cl,0.0,CCCCCC(CC)OC(=O)CCCOc1ccc(Cl)cc1Cl
C/C=C(\C)C(=O)OCC1:C:C:C:C:C:1,0.0,C/C=C(\C)C(=O)OCc1ccccc1
CC(=O)OC1:C:C:C([N+](=O)[O-]):C:C:1CCl,0.0,CC(=O)Oc1ccc([N+](=O)[O-])cc1CCl
CSCCCN=C=S,1.0,CSCCCN=C=S
CC1=NC(C)OC1C,1.0,CC1=NC(C)OC1C
O=C(O)C1:C:C:C(O):N:C:1,0.0,O=C(O)c1ccc(O)nc1
CN1CCC(N(CC2:C:C:C:C:C:2)C2:C:C:C:C:C:2)CC1,0.0,CN1CCC(N(Cc2ccccc2)c2ccccc2)CC1
CC1:C:C:C2:C:C:C(Cl):C:C:2:N:1,0.0,Cc1ccc2ccc(Cl)cc2n1
CC(C)(C)C1:C:C:C:C:C:1,0.0,CC(C)(C)c1ccccc1
O=C1CCCC=CCCCCCCCCCC1,0.0,O=C1CCCC=CCCCCCCCCCC1
CCOC(=O)COC1:C:C:C(C):C:C:1,0.0,CCOC(=O)COc1ccc(C)cc1
C[C@@H]1C[C@H]2[C@@H]3CCC4=CC(=O)C=C[C@]4(C)[C@@]3(F)[C@@H](O)C[C@]2(C)[C@@]1(O)C(=O)COP(=O)([O-])[O-],0.0,C[C@@H]1C[C@H]2[C@@H]3CCC4=CC(=O)C=C[C@]4(C)[C@@]3(F)[C@@H](O)C[C@]2(C)[C@@]1(O)C(=O)COP(=O)([O-])[O-]
CC(C)(O)C#N,0.0,CC(C)(O)C#N
NO,0.0,NO
[NH3+]O.[NH3+]O,0.0,[NH3+]O.[NH3+]O
NCCNCCO,0.0,NCCNCCO
OC1:C:C:C2:C:C(SSC3:C:C:C4:C:C(O):C:C:C:4:C:3):C:C:C:2:C:1,1.0,Oc1ccc2cc(SSc3ccc4cc(O)ccc4c3)ccc2c1
Cl[V](Cl)(C1C=CC=C1)C1C=CC=C1,1.0,[Cl][V]([Cl])([CH]1C=CC=C1)[CH]1C=CC=C1
COC1:C:C:C2:[NH]:C(SCC3:N:C:C(C):C(OC):C:3C):N:C:2:C:1,0.0,COc1ccc2[nH]c(SCc3ncc(C)c(OC)c3C)nc2c1
NS(=O)(=O)C1:C:C(C(=O)NN2C[C@H]3[C@H]4CCC(C4)[C@H]3C2):C:C:C:1Cl,0.0,NS(=O)(=O)c1cc(C(=O)NN2C[C@H]3[C@H]4CCC(C4)[C@H]3C2)ccc1Cl
CN(C)CCN1CCN(C2:C:C:C:C(Cl):C:2)C1=O,0.0,CN(C)CCN1CCN(c2cccc(Cl)c2)C1=O
CCCCCCCCCOCC1CO1,0.0,CCCCCCCCCOCC1CO1
CC(C)NCCCC1(C(N)=O)C2:C:C:C:C:C:2C2:C:C:C:C:C:21,0.0,CC(C)NCCCC1(C(N)=O)c2ccccc2-c2ccccc21
N#CCC1:C:C:C:C:C:1[N+](=O)[O-],0.0,N#CCc1ccccc1[N+](=O)[O-]
O=[N+]([O-])C1:C:C:C(CCO):C:C:1,0.0,O=[N+]([O-])c1ccc(CCO)cc1
O=[N+]([O-])C1:C:C:C:C(O):C:1,1.0,O=[N+]([O-])c1cccc(O)c1
CC1:C:C:C2:C:C:C:C:C:2:C:1[N+](=O)[O-],0.0,Cc1ccc2ccccc2c1[N+](=O)[O-]
O=[N+]([O-])C1:C:C:C:C:C:1CCO,0.0,O=[N+]([O-])c1ccccc1CCO
O=C1CCCC(=O)C1,0.0,O=C1CCCC(=O)C1
COC1:C:C(/C=C/C(=O)CC(=O)/C=C/C2:C:C:C(O):C(OC):C:2):C:C:C:1O,1.0,COc1cc(/C=C/C(=O)CC(=O)/C=C/c2ccc(O)c(OC)c2)ccc1O
CCOC(N)=O,0.0,CCOC(N)=O
NC(N)=O,0.0,NC(N)=O
COC1:C:C:C:C:C:1N1CCN(CCCNC2:C:C(=O):N(C):C(=O):N:2C)CC1,0.0,COc1ccccc1N1CCN(CCCNc2cc(=O)n(C)c(=O)n2C)CC1
O=C1:C:C:[NH]:C(=O):[NH]:1,0.0,O=c1cc[nH]c(=O)[nH]1
CCC1:C:C:C(Br):C:C:1,0.0,CCc1ccc(Br)cc1
CCCC[Sn](Cl)(Cl)Cl,1.0,CCC[CH2][Sn]([Cl])([Cl])[Cl]
O=C(O)C1:C:C:C2:C:C(C(=O)O):C:C:C:2:C:1,0.0,O=C(O)c1ccc2cc(C(=O)O)ccc2c1
CO/C=C(/C(=O)OC)C1:C:C:C:C:C:1OC1:C:C(OC2:C:C:C:C:C:2C#N):N:C:N:1,1.0,CO/C=C(/C(=O)OC)c1ccccc1Oc1cc(Oc2ccccc2C#N)ncn1
CCCOCC(C)O,0.0,CCCOCC(C)O
CCCCCCC(CO)CCCC,0.0,CCCCCCC(CO)CCCC
O=C([O-])C1:C:C(C(=O)O):C:C(S(=O)(=O)O):C:1,0.0,O=C([O-])c1cc(C(=O)O)cc(S(=O)(=O)O)c1
CO/N=C(/C(=O)N[C@@H]1C(=O)N2C(C(=O)[O-])=C(C[N+]3:C:C:N4:N:C:C:C:C:4:3)CS[C@H]12)C1:N:S:C(N):N:1,0.0,CO/N=C(/C(=O)N[C@@H]1C(=O)N2C(C(=O)[O-])=C(C[n+]3ccn4ncccc43)CS[C@H]12)c1nsc(N)n1
COC(C)CCO,0.0,COC(C)CCO
CO/N=C(/C(=O)N[C@@H]1C(=O)N2C(C(=O)OCOC(=O)C(C)(C)C)=C(C)CS[C@H]12)C1:C:S:C(N):N:1,0.0,CO/N=C(/C(=O)N[C@@H]1C(=O)N2C(C(=O)OCOC(=O)C(C)(C)C)=C(C)CS[C@H]12)c1csc(N)n1
CN(CC1:C:C:C(C(C)(C)C):C:C:1)CC1:C:C:C:C2:C:C:C:C:C:1:2,0.0,CN(Cc1ccc(C(C)(C)C)cc1)Cc1cccc2ccccc12
CCCCOC(=O)CCCCCCCC(=O)OCCCC,0.0,CCCCOC(=O)CCCCCCCC(=O)OCCCC
C=CCBr,0.0,C=CCBr
CCC1(C2=NCCN2)CC2:C:C:C:C:C:2O1,0.0,CCC1(C2=NCCN2)Cc2ccccc2O1
CSC1:C:C:C(C(=O)C2:[NH]:C(=O):[NH]:C:2C):C:C:1,0.0,CSc1ccc(C(=O)c2[nH]c(=O)[nH]c2C)cc1
CN(C)CC/C=C1\C2:C:C:C:C:C:2COC2:C:C:C:C:C:21,0.0,CN(C)CC/C=C1\c2ccccc2COc2ccccc21
CN(C)CCOC(=O)COC1:C:C:C(Cl):C:C:1,0.0,CN(C)CCOC(=O)COc1ccc(Cl)cc1
CN(C(=O)CCCOC1:C:C:C2:[NH]:C(=O):C:C:C:2:C:1)C1CCCCC1,0.0,CN(C(=O)CCCOc1ccc2[nH]c(=O)ccc2c1)C1CCCCC1
N=C(N)NC(=N)NCCC1:C:C:C:C:C:1,1.0,N=C(N)NC(=N)NCCc1ccccc1
C=CCOC(=O)CCCCCCCC,0.0,C=CCOC(=O)CCCCCCCC
COC1:C:C([N+](=O)[O-]):C:C:C:1N,0.0,COc1cc([N+](=O)[O-])ccc1N
C=CCNC(N)=S,0.0,C=CCNC(N)=S
CC(C)C(O)C(C)(C)CO,0.0,CC(C)C(O)C(C)(C)CO
CCCCCCCCCC(=O)O[C@H]1CC[C@H]2[C@@H]3CCC4=CC(=O)CC[C@@H]4[C@H]3CC[C@]12C,0.0,CCCCCCCCCC(=O)O[C@H]1CC[C@H]2[C@@H]3CCC4=CC(=O)CC[C@@H]4[C@H]3CC[C@]12C
C[C@]12CC[C@@H]3[C@H]4CCC(=O)C=C4CC[C@H]3[C@@H]1CC[C@@H]2O,1.0,C[C@]12CC[C@H]3[C@@H](CCC4=CC(=O)CC[C@@H]43)[C@@H]1CC[C@@H]2O
CCCC1:C2:O:C(C(=O)O):C:C(=O):C:2:C:C2:C(=O):C:C(C(=O)O):N(CC):C:1:2,0.0,CCCc1c2oc(C(=O)O)cc(=O)c2cc2c(=O)cc(C(=O)O)n(CC)c12
CCO[Si](CCC1CCC2OC2C1)(OCC)OCC,0.0,CCO[Si](CCC1CCC2OC2C1)(OCC)OCC
CCOC(=O)C1:C:C:C(N(C)C):C:C:1,0.0,CCOC(=O)c1ccc(N(C)C)cc1
CC(C)C(=O)OCCC1:C:C:C:C:C:1,0.0,CC(C)C(=O)OCCc1ccccc1
CC(=O)OCC=CC1:C:C:C:C:C:1,0.0,CC(=O)OCC=Cc1ccccc1
OCCC1:C:C:C:C:N:1,0.0,OCCc1ccccn1
CCNC1:C:C:C:C(C):C:1,0.0,CCNc1cccc(C)c1
C1:C:C:C(OC2:C:C:C:C:C:2):C:C:1,0.0,c1ccc(Oc2ccccc2)cc1
CNC1:C:C:C:C:C:1,0.0,CNc1ccccc1
N#CC1:C:C:C:C:N:1,0.0,N#Cc1ccccn1
ON=C1CCCCC1,0.0,ON=C1CCCCC1
O=C(O)C1:C:C:C:C:C:1C(=O)OCC1:C:C:C:C:C:1,0.0,O=C(O)c1ccccc1C(=O)OCc1ccccc1
O=C(OC1:C:C:C:C:C:1)C1:C:C:C2:C:C:C:C:C:2:C:1O,0.0,O=C(Oc1ccccc1)c1ccc2ccccc2c1O
COC1:C:C:C(C(=O)C2:C:C:C(OC):C:C:2O):C(O):C:1,0.0,COc1ccc(C(=O)c2ccc(OC)cc2O)c(O)c1
O=[N+]([O-])C1:C:C:C(OC2:C:C:C([N+](=O)[O-]):C:C:2):C:C:1,0.0,O=[N+]([O-])c1ccc(Oc2ccc([N+](=O)[O-])cc2)cc1
CC(=O)/C=C/C1C(C)=CCCC1(C)C,0.0,CC(=O)/C=C/C1C(C)=CCCC1(C)C
O=C1:C:C:C2:C:C:C:C:C:2:O:1,0.0,O=c1ccc2ccccc2o1
COC1:C:C:C(N):C(C):C:1,0.0,COc1ccc(N)c(C)c1
CC(=O)OCCC(C)CC(C)(C)C,0.0,CC(=O)OCCC(C)CC(C)(C)C
[Co+2],1.0,[Co+2]
COC1:C:C:C2:C3:C:1O[C@H]1[C@@H](O)C=C[C@H]4[C@@H](C2)N(C)CC[C@]314,1.0,COc1ccc2c3c1O[C@H]1[C@@H](O)C=C[C@H]4[C@@H](C2)N(C)CC[C@@]341
CCCCCCCCCCCC(=O)OCC(O)CO,0.0,CCCCCCCCCCCC(=O)OCC(O)CO
CCOP(=S)(OCC)OC1:C:C:C2:C(C):C(Cl):C(=O):O:C:2:C:1,0.0,CCOP(=S)(OCC)Oc1ccc2c(C)c(Cl)c(=O)oc2c1
CCCC1:C(OCCCCC2:N:N:N:[NH]:2):C:C:C(C(C)=O):C:1O,0.0,CCCc1c(OCCCCc2nnn[nH]2)ccc(C(C)=O)c1O
CCCC[N+]1:C:C:C:C(C):C:1,1.0,CCCC[n+]1cccc(C)c1
O=C1C2:C:C:C:C:C:2C(=O)C2:C:C(Cl):C:C:C:21,0.0,O=C1c2ccccc2C(=O)c2cc(Cl)ccc21
CC1:N:C2:C:C:C:C:C:2:S:1,0.0,Cc1nc2ccccc2s1
O=CC=C(C1:C:C:C:C:C:1)C1:C:C:C:C:C:1,1.0,O=CC=C(c1ccccc1)c1ccccc1
O=C(/C=C/C1:C:C:C([N+](=O)[O-]):C:C:1)C1:C:C:C:C:C:1,0.0,O=C(/C=C/c1ccc([N+](=O)[O-])cc1)c1ccccc1
CCC1(C2:C:N:C:[NH]:2)CC2:C:C:C:C:C:2C1,0.0,CCC1(c2cnc[nH]2)Cc2ccccc2C1
CCCN1:C:C:[N+](C):C:1,0.0,CCCn1cc[n+](C)c1
CCCCC=O,0.0,CCCCC=O
O=C(O)CCCC(=O)O,0.0,O=C(O)CCCC(=O)O
CCN1CCCC1CNC(=O)C1:C:C(S(N)(=O)=O):C:C:C:1OC,0.0,CCN1CCCC1CNC(=O)c1cc(S(N)(=O)=O)ccc1OC
O=C1OC2(C3:C:C(Br):C(O):C(Br):C:3OC3:C2:C:C(Br):C(O):C:3Br)C2:C(Cl):C(Cl):C(Cl):C(Cl):C:21,0.0,O=C1OC2(c3cc(Br)c(O)c(Br)c3Oc3c2cc(Br)c(O)c3Br)c2c(Cl)c(Cl)c(Cl)c(Cl)c21
CC(C)CCCCCCCOC(=O)C1:C:C:C:C:C:1C(=O)OCCCCCCCC(C)C,0.0,CC(C)CCCCCCCOC(=O)c1ccccc1C(=O)OCCCCCCCC(C)C
CC(=O)C1:C:C:C(C(C)=O):C:C:1,0.0,CC(=O)c1ccc(C(C)=O)cc1
CCCCCCCCCOC(=O)C1:C:C:C:C:C:1C(=O)OCCCCCCCCC,0.0,CCCCCCCCCOC(=O)c1ccccc1C(=O)OCCCCCCCCC
CN(C)C1:C:C:N:C:C:1,0.0,CN(C)c1ccncc1
CCC1:N:N(C):C(C(=O)NCC2:C:C:C(C(C)(C)C):C:C:2):C:1Cl,1.0,CCc1nn(C)c(C(=O)NCc2ccc(C(C)(C)C)cc2)c1Cl
O=C(C1:C:C:C(Cl):C:C:1)C1:C:C:C(Cl):C:C:1,0.0,O=C(c1ccc(Cl)cc1)c1ccc(Cl)cc1
C#C[C@]1(O)CC[C@H]2[C@@H]3CCC4:C:C(OC):C:C:C:4[C@H]3CC[C@@]21C,1.0,C#C[C@]1(O)CC[C@H]2[C@@H]3CCc4cc(OC)ccc4[C@H]3CC[C@@]21C
C=C(C#N)C(=O)OCC,0.0,C=C(C#N)C(=O)OCC
CC1:C(C2:C:C:C:N:C:2):C2:C:C:C:C:C:2:N:1CCCCC(=O)O,0.0,Cc1c(-c2cccnc2)c2ccccc2n1CCCCC(=O)O
O=C(O)C1(C2:C:C:C3:C(:C:2)OC[C@H](CC2:C:C:C(C4:C:C:C:C:C:4):C:C:2)[C@H]3O)CCCC1,1.0,O=C(O)C1(c2ccc3c(c2)OC[C@H](Cc2ccc(-c4ccccc4)cc2)[C@H]3O)CCCC1
CC1:O:C(C2:C:C:C:C:C:2):N:C:1CCOC1:C:C:C:C2:C:1:C:C:N:2CCC(=O)O,1.0,Cc1oc(-c2ccccc2)nc1CCOc1cccc2c1ccn2CCC(=O)O
CC1:C:C(NC(=O)C(=O)O):C:C(C):C:1OC1:C:C:C(O):C2:C:1CCC2,0.0,Cc1cc(NC(=O)C(=O)O)cc(C)c1Oc1ccc(O)c2c1CCC2
CNC(=O)[C@H]1O[C@@H](N2:C:N:C3:C(NCC4:C:C(Cl):C:C:C:4OCC4:C:C(C):N:O:4):N:C:N:C:3:2)[C@H](O)[C@@H]1N,0.0,CNC(=O)[C@H]1O[C@@H](n2cnc3c(NCc4cc(Cl)ccc4OCc4cc(C)no4)ncnc32)[C@H](O)[C@@H]1N
NC(=O)N(O)[C@@H]1C=C[C@H](OC2:C:C:C:C(OC3:C:C:C(F):C:C:3):C:2)C1,1.0,NC(=O)N(O)[C@@H]1C=C[C@H](Oc2cccc(Oc3ccc(F)cc3)c2)C1
O=C1NC(=O)C(C2:C:C:C:C:C:2)(C2:C:C:C:C:C:2)N1,0.0,O=C1NC(=O)C(c2ccccc2)(c2ccccc2)N1
O=C(O)CCNC(=O)C1:C:C:C(/N=N/C2:C:C:C(O):C(C(=O)O):C:2):C:C:1,0.0,O=C(O)CCNC(=O)c1ccc(/N=N/c2ccc(O)c(C(=O)O)c2)cc1
CC(C)C(Br)C(=O)NC(N)=O,1.0,CC(C)C(Br)C(=O)NC(N)=O
CN1CCC[C@H]1C1:C:C:C:N:C:1,0.0,CN1CCC[C@H]1c1cccnc1
CC1:C(N(C)CS(=O)(=O)[O-]):C(=O):N(C2:C:C:C:C:C:2):N:1C,0.0,Cc1c(N(C)CS(=O)(=O)[O-])c(=O)n(-c2ccccc2)n1C
CCN(CC)C(=O)/C(C#N)=C/C1:C:C(O):C(O):C([N+](=O)[O-]):C:1,1.0,CCN(CC)C(=O)/C(C#N)=C/c1cc(O)c(O)c([N+](=O)[O-])c1
NC1:N:C(Cl):N:C2:C:1:N:C:N:2[C@@H]1O[C@H](CO)[C@@H](O)[C@@H]1F,1.0,Nc1nc(Cl)nc2c1ncn2[C@@H]1O[C@H](CO)[C@@H](O)[C@@H]1F
O=C(CS(=O)CC1:C:C:C:O:1)NC/C=C\COC1:C:C(CN2CCCCC2):C:C:N:1,0.0,O=C(CS(=O)Cc1ccco1)NC/C=C\COc1cc(CN2CCCCC2)ccn1
CN1C[C@@H]2C[C@H]1CN2C1:C:C2:C(:C:C:1F):C(=O):C(C(=O)O):C:N:2C1CC1,0.0,CN1C[C@@H]2C[C@H]1CN2c1cc2c(cc1F)c(=O)c(C(=O)O)cn2C1CC1
CN(CCOC1:C:C:C(NS(C)(=O)=O):C:C:1)CCC1:C:C:C(NS(C)(=O)=O):C:C:1,0.0,CN(CCOc1ccc(NS(C)(=O)=O)cc1)CCc1ccc(NS(C)(=O)=O)cc1
C=C(C)C1CC=C(C)C(=O)C1,0.0,C=C(C)C1CC=C(C)C(=O)C1
CC1:C:C:C:C:C:1S,0.0,Cc1ccccc1S
O=C1CCCCC1C1CCCCC1,0.0,O=C1CCCCC1C1CCCCC1
C[C@H]1C[C@H]2[C@@H]3CCC4=CC(=O)C=C[C@]4(C)[C@@]3(F)[C@@H](O)C[C@]2(C)[C@@]1(O)C(=O)COP(=O)([O-])[O-],0.0,C[C@H]1C[C@H]2[C@@H]3CCC4=CC(=O)C=C[C@]4(C)[C@@]3(F)[C@@H](O)C[C@]2(C)[C@@]1(O)C(=O)COP(=O)([O-])[O-]
CCC(=O)C1CC(C(C)C)CC=C1C,0.0,CCC(=O)C1CC(C(C)C)CC=C1C
CC(C)=CCOC(=O)C1:C:C:C:C:C:1,0.0,CC(C)=CCOC(=O)c1ccccc1
COC1:C:C(CCC(C)=O):C:C:C:1O,0.0,COc1cc(CCC(C)=O)ccc1O
OC[C@H](O)[C@@H](O)[C@@H](O)[C@H](O)CO,0.0,OC[C@@H](O)[C@H](O)[C@H](O)[C@@H](O)CO
N[C@H](C(=O)O)C1:C:C:C(O):C:C:1,0.0,N[C@H](C(=O)O)c1ccc(O)cc1
O=C(O)C1:C:C:C(O):C(O):C:1,0.0,O=C(O)c1ccc(O)c(O)c1
O=C1C2:C:C:C:C:C:2C(=O)C2:C(O):C(O):C:C(O):C:21,1.0,O=C1c2ccccc2C(=O)c2c(O)c(O)cc(O)c21
CCC1:N:C(N):N:C(N):C:1C1:C:C:C(Cl):C:C:1,1.0,CCc1nc(N)nc(N)c1-c1ccc(Cl)cc1
O=C1:C(O):C(C2:C:C:C(O):C(O):C:2):O:C2:C:C(O):C:C(O):C:1:2,1.0,O=c1c(O)c(-c2ccc(O)c(O)c2)oc2cc(O)cc(O)c12
NC(=O)C1(N2CCCCC2)CCN(CCCC(=O)C2:C:C:C(F):C:C:2)CC1,0.0,NC(=O)C1(N2CCCCC2)CCN(CCCC(=O)c2ccc(F)cc2)CC1
O=C(CCCl)NCC1:C:C:C:C:C:1,0.0,O=C(CCCl)NCc1ccccc1
CC(C)CCCC(C)NCCC(C)C,0.0,CC(C)CCCC(C)NCCC(C)C
CCCCCCCCCCN1:C:C:[N+](C):C:1,1.0,CCCCCCCCCCn1cc[n+](C)c1
O=S(=O)([O-])CO,0.0,O=S(=O)([O-])CO
C=CCCCCCCCC,0.0,C=CCCCCCCCC
O=C1CCCCCCCCCCC1,1.0,O=C1CCCCCCCCCCC1
O=[N+]([O-])C1:C:C:C(NC2:C:C:C:C:C:2):C:C:1,0.0,O=[N+]([O-])c1ccc(Nc2ccccc2)cc1
O=[N+]([O-])C1:C:C:C([O-]):C:C:1,0.0,O=[N+]([O-])c1ccc([O-])cc1
C1:C:C(N(CC2CO2)CC2CO2):C:C:C:1CC1:C:C:C(N(CC2CO2)CC2CO2):C:C:1,1.0,c1cc(N(CC2CO2)CC2CO2)ccc1Cc1ccc(N(CC2CO2)CC2CO2)cc1
CC(=O)NC1:C:C:C(S(N)(=O)=O):C:C:1,0.0,CC(=O)Nc1ccc(S(N)(=O)=O)cc1
O=C(OCC1:C:C:C:C:C:1)C1:C:C:C:C:C:1O,0.0,O=C(OCc1ccccc1)c1ccccc1O
O=C(CC1:C:C:C:C:C:1)OCC1:C:C:C:C:C:1,0.0,O=C(Cc1ccccc1)OCc1ccccc1
N#CC1(N)CCCCC1,0.0,N#CC1(N)CCCCC1
O=C1CCCCCN1SSN1CCCCCC1=O,0.0,O=C1CCCCCN1SSN1CCCCCC1=O
CCOC(=O)NNC1:C:C:C(N(CC)CC(C)O):N:N:1,0.0,CCOC(=O)NNc1ccc(N(CC)CC(C)O)nn1
COC(=O)CC#N,0.0,COC(=O)CC#N
CC(C)CCCCCCN,0.0,CC(C)CCCCCCN
CC(C)NC(=O)NC(C)C,0.0,CC(C)NC(=O)NC(C)C
C=CCOCC(O)CO,0.0,C=CCOCC(O)CO
CC(=O)C1:C:C:C(C):C:C:1,0.0,CC(=O)c1ccc(C)cc1
O=C(O)C1:C:C(O):C2:C:C:C:C:C:2:C:1O,1.0,O=C(O)c1cc(O)c2ccccc2c1O
O=S(=O)(O)CCCN1CCOCC1,0.0,O=S(=O)(O)CCCN1CCOCC1
CCCCNC1:C:C:C:C:C:1,0.0,CCCCNc1ccccc1
FC(F)(F)C1:C:C:C(Cl):C:C:1Cl,0.0,FC(F)(F)c1ccc(Cl)cc1Cl
OC1:C:C:C(SC2:C:C:C(O):C:C:2):C:C:1,1.0,Oc1ccc(Sc2ccc(O)cc2)cc1
O=C(C1:C:C:C(O):C:C:1)C1:C:C:C(Cl):C:C:1,1.0,O=C(c1ccc(O)cc1)c1ccc(Cl)cc1
C=CC(=O)OCCCCCCCC(C)C,0.0,C=CC(=O)OCCCCCCCC(C)C
CCCCC(CC)COC(=O)CC#N,0.0,CCCCC(CC)COC(=O)CC#N
CCCCN(CCCC)CCCC,0.0,CCCCN(CCCC)CCCC
CC1=C(C(=O)O)N2C(=O)[C@@H](NC(=O)[C@H](N)C3:C:C:C(O):C:C:3)[C@H]2SC1,1.0,CC1=C(C(=O)O)N2C(=O)[C@@H](NC(=O)[C@H](N)c3ccc(O)cc3)[C@H]2SC1
N[C@@H](C(=O)N[C@@H]1C(=O)N2C(C(=O)O)=C(Cl)CS[C@H]12)C1:C:C:C:C:C:1,0.0,N[C@@H](C(=O)N[C@@H]1C(=O)N2C(C(=O)O)=C(Cl)CS[C@H]12)c1ccccc1
O=NN(CCCl)C(=O)NCCCl,1.0,O=NN(CCCl)C(=O)NCCCl
CCCCNC(=O)NS(=O)(=O)C1:C:C:C(N):C:C:1,0.0,CCCCNC(=O)NS(=O)(=O)c1ccc(N)cc1
CC1(C2:C:C:C:C:C:2)OC(C(=O)O)=CC1=O,0.0,CC1(c2ccccc2)OC(C(=O)O)=CC1=O
COC1:C:C(N):C(Cl):C:C:1C(=O)NC1CN2CCC1CC2,0.0,COc1cc(N)c(Cl)cc1C(=O)NC1CN2CCC1CC2
CCN1CCC[C@H]1CNC(=O)C1:C(O):C(Cl):C:C(Cl):C:1OC,0.0,CCN1CCC[C@H]1CNC(=O)c1c(O)c(Cl)cc(Cl)c1OC
CN(C(=O)C1:C(O):C2:C:C:C:C:C:2:N(C):C:1=O)C1:C:C:C:C:C:1,0.0,CN(C(=O)c1c(O)c2ccccc2n(C)c1=O)c1ccccc1
CC(N/C(=N\C#N)NC1:C:C:N:C:C:1)C(C)(C)C,0.0,CC(N/C(=N\C#N)Nc1ccncc1)C(C)(C)C
CC(CC1:C:C:C:C:C:1)(NC(=O)CN)C1:C:C:C:C:C:1,0.0,CC(Cc1ccccc1)(NC(=O)CN)c1ccccc1
CCO[Si](OCC)(OCC)OCC,0.0,CCO[Si](OCC)(OCC)OCC
O=C1C2:C:C:C:C:C:2S(=O)(=O)N1CCCCN1CCN(C2:N:C:C:C:N:2)CC1,0.0,O=C1c2ccccc2S(=O)(=O)N1CCCCN1CCN(c2ncccn2)CC1
O=CC1:C:C:C:O:1,0.0,O=Cc1ccco1
C1:C:C:O:C:1,0.0,c1ccoc1
CCCCCCCCCCCCC1CO1,0.0,CCCCCCCCCCCCC1CO1
COC1:C:C:C:C:C:1O,0.0,COc1ccccc1O
C=CC1CO1,0.0,C=CC1CO1
NS(=O)(=O)C1:C:C(C(=O)O):C(NCC2:C:C:C:O:2):C:C:1Cl,0.0,NS(=O)(=O)c1cc(C(=O)O)c(NCc2ccco2)cc1Cl
CCCCC1=NC2(CCCC2)C(=O)N1CC1:C:C:C(C2:C:C:C:C:C:2C2:N:N:N:[NH]:2):C:C:1,0.0,CCCCC1=NC2(CCCC2)C(=O)N1Cc1ccc(-c2ccccc2-c2nnn[nH]2)cc1
CC(C)CC(C)N,0.0,CC(C)CC(C)N
COCC(=O)NC1:C(I):C(C(=O)NCC(O)CO):C(I):C(C(=O)N(C)CC(O)CO):C:1I,0.0,COCC(=O)Nc1c(I)c(C(=O)NCC(O)CO)c(I)c(C(=O)N(C)CC(O)CO)c1I
CCCCCCCCSCCO,0.0,CCCCCCCCSCCO
CN[C@H]1[C@@H](O)[C@@H](NC)[C@H](O)[C@H]2O[C@@H]3O[C@H](C)CC(=O)[C@]3(O)O[C@H]12,0.0,CN[C@@H]1[C@H](O)[C@H](NC)[C@H]2O[C@@]3(O)C(=O)C[C@@H](C)O[C@H]3O[C@@H]2[C@H]1O
O=CC1:C:C:C:C:C:1C=O,0.0,O=Cc1ccccc1C=O
CC1:C:C(C):N(CO):N:1,0.0,Cc1cc(C)n(CO)n1
O=C1:O:C(=O):C2:C:C3:C(=O):O:C(=O):C:3:C:C:1:2,1.0,O=c1oc(=O)c2cc3c(=O)oc(=O)c3cc12
CCN1CN(CC)CN(CC)C1,0.0,CCN1CN(CC)CN(CC)C1
CC1:N:C:C([N+](=O)[O-]):N:1CC(O)CCl,0.0,Cc1ncc([N+](=O)[O-])n1CC(O)CCl
COC1:C:C(NS(=O)(=O)C2:C:C:C(N):C:C:2):N:C:N:1,0.0,COc1cc(NS(=O)(=O)c2ccc(N)cc2)ncn1
COC1:C:C(O):C(C(=O)C2:C:C:C:C:C:2):C:C:1S(=O)(=O)O,0.0,COc1cc(O)c(C(=O)c2ccccc2)cc1S(=O)(=O)O
COC(=O)NC1:C:C:C(Cl):C(Cl):C:1,0.0,COC(=O)Nc1ccc(Cl)c(Cl)c1
O=C/C(Cl)=C(/Cl)C(=O)O,1.0,O=C/C(Cl)=C(/Cl)C(=O)O
Cl[C@H]1OCCO[C@@H]1Cl,0.0,Cl[C@H]1OCCO[C@@H]1Cl
C#CC(C)(C)NC(=O)C1:C:C(Cl):C:C(Cl):C:1,0.0,C#CC(C)(C)NC(=O)c1cc(Cl)cc(Cl)c1
NC1:C:C(Cl):C(N):C(Cl):C:1,1.0,Nc1cc(Cl)c(N)c(Cl)c1
NC1:C(Cl):C:C([N+](=O)[O-]):C:C:1Cl,0.0,Nc1c(Cl)cc([N+](=O)[O-])cc1Cl
C=C(C)C(=O)NC1:C:C:C(Cl):C(Cl):C:1,1.0,C=C(C)C(=O)Nc1ccc(Cl)c(Cl)c1
O=C(O)C(Cl)Cl,0.0,O=C(O)C(Cl)Cl
CCCCCC(=O)OCC,0.0,CCCCCC(=O)OCC
CCCCOC(C)=O,0.0,CCCCOC(C)=O
CCCCCCCCCCCCN,0.0,CCCCCCCCCCCCN
CCCCOP(=O)(OCCCC)OCCCC,0.0,CCCCOP(=O)(OCCCC)OCCCC
CC1:C:C2:N:C3:C:C:C(N(C)C):C:C:3:[S+]:C:2:C:C:1N,1.0,Cc1cc2nc3ccc(N(C)C)cc3[s+]c2cc1N
CCC(C)(CCC(C)C)C(=O)O,0.0,CCC(C)(CCC(C)C)C(=O)O
COC(=O)C1=C(C)NC(C)=C(C(=O)OCCC2:C:C:C(N3CCN(C(C4:C:C:C:C:C:4)C4:C:C:C:C:C:4)CC3):C:C:2)C1C1:C:C:C:C([N+](=O)[O-]):C:1,0.0,COC(=O)C1=C(C)NC(C)=C(C(=O)OCCc2ccc(N3CCN(C(c4ccccc4)c4ccccc4)CC3)cc2)C1c1cccc([N+](=O)[O-])c1
CCCCC1:C:C:C:C:C:1,0.0,CCCCc1ccccc1
O=C1:[NH]:C(=O):C2:C:[NH]:N:C:2:[NH]:1,0.0,O=c1[nH]c(=O)c2c[nH]nc2[nH]1
C=CCSSCC=C,0.0,C=CCSSCC=C
C=C(C)C(=O)O[Sn](CCCC)(CCCC)CCCC,1.0,C=C(C)C(=O)[O][Sn]([CH2]CCC)([CH2]CCC)[CH2]CCC
CC(C)CCCC(C)(C)O,0.0,CC(C)CCCC(C)(C)O
CCC/C=C/C=O,0.0,CCC/C=C/C=O
C1=COCCC1,0.0,C1=COCCC1
O=C(O)C1:C:C:C:O:1,0.0,O=C(O)c1ccco1
C=CN1CCCCCC1=O,0.0,C=CN1CCCCCC1=O
CC1:O:C:C:C:1S,1.0,Cc1occc1S
CCCOC(C)=O,0.0,CCCOC(C)=O
CC1:C:C:C2:C(:C:1)CCCN2,0.0,Cc1ccc2c(c1)CCCN2
CC1(C)CCC[C@@]2(C)[C@H]1CC[C@@]1(C)OCC[C@H]21,0.0,CC1(C)CCC[C@]2(C)[C@H]3CCO[C@]3(C)CC[C@@H]12
O=C(COC1:C:C:C(Cl):C:C:1)N1CCN(CC2:C:C:C3:C(:C:2)OCO3)CC1,1.0,O=C(COc1ccc(Cl)cc1)N1CCN(Cc2ccc3c(c2)OCO3)CC1
NNC(=O)OCC1:C:C:C:C:C:1,0.0,NNC(=O)OCc1ccccc1
CC(C)C1:C:C:C(C#N):C:C:1,0.0,CC(C)c1ccc(C#N)cc1
Cl[Yb](Cl)Cl,0.0,[Cl][Yb]([Cl])[Cl]
COC1:C:C(C):C:C(O):C:1,0.0,COc1cc(C)cc(O)c1
C=CC(=O)OCCCCCCOC(=O)C=C,1.0,C=CC(=O)OCCCCCCOC(=O)C=C
C=CC(C)(C)CC(=O)OC,0.0,C=CC(C)(C)CC(=O)OC
CCCCCCOC(=O)C1:C:C:C:C:C:1,0.0,CCCCCCOC(=O)c1ccccc1
C=CCCCC,0.0,C=CCCCC
CCCCCCC1:C:C:C(C2:C:C:C(C#N):C:C:2):C:C:1,0.0,CCCCCCc1ccc(-c2ccc(C#N)cc2)cc1
C=C(C)C(=O)OCCCCCC,0.0,C=C(C)C(=O)OCCCCCC
COC1:C:C:C2:C(:C:1OC)C(=O)O[C@@H]2[C@H]1C2:C:C3:C(:C:C:2CCN1C)OCO3,0.0,COc1ccc2c(c1OC)C(=O)O[C@@H]2[C@H]1c2cc3c(cc2CCN1C)OCO3
O=[N+]([O-])C1:C:C:C:C:C:1C1:C:C:C:C:C:1,0.0,O=[N+]([O-])c1ccccc1-c1ccccc1
N=C(N)N.N=C(N)N.O=C(O)O,0.0,N=C(N)N.N=C(N)N.O=C(O)O
O=[N+]([O-])C1:C:C:C:C:C:1CCl,1.0,O=[N+]([O-])c1ccccc1CCl
O=C(Cl)C1:C:C:C([N+](=O)[O-]):C:C:1,0.0,O=C(Cl)c1ccc([N+](=O)[O-])cc1
O=[N+]([O-])C1:C:C:C:C(CCl):C:1,1.0,O=[N+]([O-])c1cccc(CCl)c1
O=C(Cl)C1:C:C:C:C([N+](=O)[O-]):C:1,0.0,O=C(Cl)c1cccc([N+](=O)[O-])c1
O=C(Cl)C1:C:C:C:C:C:1[N+](=O)[O-],0.0,O=C(Cl)c1ccccc1[N+](=O)[O-]
NC1:C:C:C(S(=O)(=O)[O-]):C:C:1,0.0,Nc1ccc(S(=O)(=O)[O-])cc1
CC1:N:C(N):N:C(N):N:1,0.0,Cc1nc(N)nc(N)n1
O=[N+]([O-])C1:C:C:C:C:C:1NC1:C:C:C:C:C:1,0.0,O=[N+]([O-])c1ccccc1Nc1ccccc1
CCCCCCCCCCCCCCCCC(=O)O,0.0,CCCCCCCCCCCCCCCCC(=O)O
NS(=O)(=O)O,0.0,NS(=O)(=O)O
[PbH2+2],1.0,[PbH2+2]
CCOC(C(=O)OCCN(C)C)(C1:C:C:C:C:C:1)C1:C:C:C:C:C:1,0.0,CCOC(C(=O)OCCN(C)C)(c1ccccc1)c1ccccc1
CC(=O)NC1:C:C:C2:C(:C:1)CC1:C:C:C:C:C:12,1.0,CC(=O)Nc1ccc2c(c1)Cc1ccccc1-2
O=C(C1:C:C:C2:C(:C:1)C(=O)OC2=O)C1:C:C:C2:C(:C:1)C(=O)OC2=O,0.0,O=C(c1ccc2c(c1)C(=O)OC2=O)c1ccc2c(c1)C(=O)OC2=O
CC(C)(C)N(CCO)CCO,0.0,CC(C)(C)N(CCO)CCO
CC(CO)CO,0.0,CC(CO)CO
C=C(C)C(=O)OCCCCCCCCCCCCC,0.0,C=C(C)C(=O)OCCCCCCCCCCCCC
C=C(C)C(=O)OCCC[Si](OC)(OC)OC,0.0,C=C(C)C(=O)OCCC[Si](OC)(OC)OC
C=CC(C)CCC=C(C)C,0.0,C=CC(C)CCC=C(C)C
C=CCCCCCCCCCCC,0.0,C=CCCCCCCCCCCC
CCCCN(CCCC)C(C(N)=O)C1:C:C:C(OC):C:C:1,0.0,CCCCN(CCCC)C(C(N)=O)c1ccc(OC)cc1
CC(=O)O[C@@]12CO[C@@H]1C[C@H](O)[C@@]1(C)C(=O)[C@H](O)C3=C(C)[C@@H](OC(=O)[C@H](O)[C@@H](NC(=O)OC(C)(C)C)C4:C:C:C:C:C:4)C[C@@](O)([C@@H](OC(=O)C4:C:C:C:C:C:4)[C@@H]12)C3(C)C,0.0,CC(=O)O[C@@]12CO[C@@H]1C[C@H](O)[C@@]1(C)C(=O)[C@H](O)C3=C(C)[C@@H](OC(=O)[C@H](O)[C@@H](NC(=O)OC(C)(C)C)c4ccccc4)C[C@@](O)([C@@H](OC(=O)c4ccccc4)[C@H]21)C3(C)C
CCCN(CCC)CCC1:C:[NH]:C2:C:C:C:C:C:1:2,0.0,CCCN(CCC)CCc1c[nH]c2ccccc12
CN(C)CCC1:C:[NH]:C2:C:C:C:C:C:1:2,0.0,CN(C)CCc1c[nH]c2ccccc12
CCN(CC)CCC1:C:[NH]:C2:C:C:C:C:C:1:2.CCN(CC)CCC1:C:[NH]:C2:C:C:C:C:C:1:2,0.0,CCN(CC)CCc1c[nH]c2ccccc12.CCN(CC)CCc1c[nH]c2ccccc12
NC1(C2:C:C:C:C:C:2)CCCCC1,0.0,NC1(c2ccccc2)CCCCC1
COC1:C:C:C2:[NH]:C:C(CCN(C(C)C)C(C)C):C:2:C:1,0.0,COc1ccc2[nH]cc(CCN(C(C)C)C(C)C)c2c1
O=C1O[C@@H]2[C@@H](O)[C@H](O)O[C@@H]2[C@H]1O,0.0,O=C1O[C@@H]2[C@@H](O)[C@H](O)O[C@@H]2[C@H]1O
CN(C)CCC1:C:[NH]:C2:C:C:C:C(OP(=O)(O)O):C:1:2,0.0,CN(C)CCc1c[nH]c2cccc(OP(=O)(O)O)c12
C1:C:C:C(CN2CCNCC2):C:C:1,0.0,c1ccc(CN2CCNCC2)cc1
CN(C)C(=O)C(CCN1CCC(O)(C2:C:C:C(Cl):C:C:2)CC1)(C1:C:C:C:C:C:1)C1:C:C:C:C:C:1,0.0,CN(C)C(=O)C(CCN1CCC(O)(c2ccc(Cl)cc2)CC1)(c1ccccc1)c1ccccc1
CC(C(=O)O)C1:C:C:C(CC2CCCC2=O):C:C:1,0.0,CC(C(=O)O)c1ccc(CC2CCCC2=O)cc1
CC1:C:C:C:C:C:1N1C(=O)C2:C:C(S(N)(=O)=O):C(Cl):C:C:2NC1C,0.0,Cc1ccccc1N1C(=O)c2cc(S(N)(=O)=O)c(Cl)cc2NC1C
CCN(CC)CC(=O)NC1:C(C):C:C:C:C:1C,0.0,CCN(CC)CC(=O)Nc1c(C)cccc1C
C1:C:C:C2:C(:C:1)OCC(C1=NCCN1)O2,1.0,c1ccc2c(c1)OCC(C1=NCCN1)O2
O=C1N(C2:C:C:C:C:C:2)C2:C:C:C:C:C:2C1(CC1:C:C:N:C:C:1)CC1:C:C:N:C:C:1,0.0,O=C1N(c2ccccc2)c2ccccc2C1(Cc1ccncc1)Cc1ccncc1
CCN1:C:C:N:C:1CC1COC2:C:C:C:C:C:2O1,0.0,CCn1ccnc1CC1COc2ccccc2O1
CCN(CC)CCNC(=O)C1:C:C(Cl):C(N):C:C:1OC,0.0,CCN(CC)CCNC(=O)c1cc(Cl)c(N)cc1OC
COC1:C:C:C:C2:C:1:C:C([N+](=O)[O-]):C1:C(C(=O)[O-]):C:C3:C(:C:1:2)OCO3,1.0,COc1cccc2c1cc([N+](=O)[O-])c1c(C(=O)[O-])cc3c(c12)OCO3
COC1:C:C:C:C:C:1N,0.0,COc1ccccc1N
NC1:C:C:C:C:C:1,0.0,Nc1ccccc1
CC(COC1:C:C:C(C(C)(C)C):C:C:1)OS(=O)OCCCl,0.0,CC(COc1ccc(C(C)(C)C)cc1)OS(=O)OCCCl
O=C([O-])C1O[Sb]2OC(=O)C(O2)C(C(=O)[O-])O[Sb]2OC(=O)C1O2,1.0,O=C([O-])C1[O][Sb]2[O]C(=O)C([O]2)C(C(=O)[O-])[O][Sb]2[O]C(=O)C1[O]2
O=C1C2:C:C:C:C:C:2C(=O)C2:C:C:C:C:C:21,0.0,O=C1c2ccccc2C(=O)c2ccccc21
NC1:C:C:C:C:C:1C(=O)O,0.0,Nc1ccccc1C(=O)O
C=CCC1([C@H](C)CCC)C(=O)NC(=O)NC1=O,0.0,C=CCC1([C@H](C)CCC)C(=O)NC(=O)NC1=O
CCN[C@H](C)CC1:C:C:C:C(C(F)(F)F):C:1,0.0,CCN[C@H](C)Cc1cccc(C(F)(F)F)c1
C[C@H](N)C(=O)C1:C:C:C:C:C:1,0.0,C[C@H](N)C(=O)c1ccccc1
CC(CC1:C:C:C:C:C:1)NCCN1:C:N:C2:C:1:C(=O):N(C):C(=O):N:2C,0.0,CC(Cc1ccccc1)NCCn1cnc2c1c(=O)n(C)c(=O)n2C
CCN[C@@H](C)CC1:C:C:C:C:C:1,0.0,CCN[C@@H](C)Cc1ccccc1
CCN[C@@H](C)CC1:C:C:C:C(C(F)(F)F):C:1,0.0,CCN[C@@H](C)Cc1cccc(C(F)(F)F)c1
C[C@H]1N=C(N)O[C@H]1C1:C:C:C:C:C:1,0.0,C[C@H]1N=C(N)O[C@H]1c1ccccc1
C=CCOC(C)=O,0.0,C=CCOC(C)=O
CCN(CC)C(=O)C(Cl)=C(C)OP(=O)(OC)OC,0.0,CCN(CC)C(=O)C(Cl)=C(C)OP(=O)(OC)OC
OC1:C:C:C(C2:C:C:C:C:C:2):C:C:1,1.0,Oc1ccc(-c2ccccc2)cc1
OC1:C:C:C:C:C:1C1:C:C:C:C:C:1,0.0,Oc1ccccc1-c1ccccc1
CC(=O)O[Hg]C1:C:C:C:C:C:1,1.0,CC(=O)[O][Hg][c]1ccccc1
CCCOC(=O)CCCCC(=O)OCCC,0.0,CCCOC(=O)CCCCC(=O)OCCC
O=C1OC(=O)C2:C:C:C:C:C:21,0.0,O=C1OC(=O)c2ccccc21
CCOP(=S)(OC1:C:C:C([N+](=O)[O-]):C:C:1)C1:C:C:C:C:C:1,0.0,CCOP(=S)(Oc1ccc([N+](=O)[O-])cc1)c1ccccc1
NC(=O)C1:C(Cl):C:C:C:C:1Cl,0.0,NC(=O)c1c(Cl)cccc1Cl
CCCCCCCCCCN,0.0,CCCCCCCCCCN
CNC(=O)OC1:C:C:C(N(C)C):C(C):C:1,1.0,CNC(=O)Oc1ccc(N(C)C)c(C)c1
ClC1:N:C(Cl):C(Cl):C(Cl):C:1Cl,1.0,Clc1nc(Cl)c(Cl)c(Cl)c1Cl
NC[C@H](O)C1:C:C:C(O):C(O):C:1,0.0,NC[C@H](O)c1ccc(O)c(O)c1
O=C(C1:C:C:C:C:C:1)C1(O)CCCCC1,0.0,O=C(c1ccccc1)C1(O)CCCCC1
CC(C)OC(=O)C1:C:C:C:C:C:1,0.0,CC(C)OC(=O)c1ccccc1
CCCCNP(N)(N)=S,0.0,CCCCNP(N)(N)=S
CN1CC2:C(N):C:C:C:C:2C(C2:C:C:C:C:C:2)C1,0.0,CN1Cc2c(N)cccc2C(c2ccccc2)C1
CNC(=C[N+](=O)[O-])NCCSCC1:C:S:C(CN(C)C):N:1,0.0,CNC(=C[N+](=O)[O-])NCCSCc1csc(CN(C)C)n1
CN/C=N/C1:C:C:C(C):C:C:1C,0.0,CN/C=N/c1ccc(C)cc1C
CC(C)OC(=O)CCC(=O)OC(C)C,0.0,CC(C)OC(=O)CCC(=O)OC(C)C
O=C1CN=C(C2:C:C:C:C:C:2)C2:C:C([N+](=O)[O-]):C:C:C:2N1,0.0,O=C1CN=C(c2ccccc2)c2cc([N+](=O)[O-])ccc2N1
CCCCCC(=O)O[C@]1(C(C)=O)CC[C@H]2[C@@H]3CCC4=CC(=O)CC[C@]4(C)[C@H]3CC[C@@]21C,1.0,CCCCCC(=O)O[C@]1(C(C)=O)CC[C@H]2[C@@H]3CCC4=CC(=O)CC[C@]4(C)[C@H]3CC[C@@]21C
FC1:C:C:C:C(Cl):C:1CCl,1.0,Fc1cccc(Cl)c1CCl
COC(=O)N/N=C/C1:C:[N+]([O-]):C2:C:C:C:C:C:2:[N+]:1[O-],0.0,COC(=O)N/N=C/c1c[n+]([O-])c2ccccc2[n+]1[O-]
CSC1:C:C:C(C(=O)C(C)(C)N2CCOCC2):C:C:1,0.0,CSc1ccc(C(=O)C(C)(C)N2CCOCC2)cc1
OC[C@H](O)[C@H](O)CO,0.0,OC[C@@H](O)[C@@H](O)CO
ClC1:C:C(Cl):C(C2:C:C(Cl):C(Cl):C:C:2Cl):C:C:1Cl,0.0,Clc1cc(Cl)c(-c2cc(Cl)c(Cl)cc2Cl)cc1Cl
C/C=C/C[C@@H](C)[C@@H](O)[C@H]1C(=O)N[C@@H](CC)C(=O)N(C)CC(=O)N(C)[C@@H](CC(C)C)C(=O)N[C@@H](C(C)C)C(=O)N(C)[C@@H](CC(C)C)C(=O)N[C@@H](C)C(=O)N[C@H](C)C(=O)N(C)[C@@H](CC(C)C)C(=O)N(C)[C@@H](CC(C)C)C(=O)N(C)[C@@H](C(C)C)C(=O)N1C,1.0,C/C=C/C[C@@H](C)[C@@H](O)[C@H]1C(=O)N[C@@H](CC)C(=O)N(C)CC(=O)N(C)[C@@H](CC(C)C)C(=O)N[C@@H](C(C)C)C(=O)N(C)[C@@H](CC(C)C)C(=O)N[C@@H](C)C(=O)N[C@H](C)C(=O)N(C)[C@@H](CC(C)C)C(=O)N(C)[C@@H](CC(C)C)C(=O)N(C)[C@@H](C(C)C)C(=O)N1C
CC(=O)O[C@]1(C(C)=O)CC[C@H]2[C@@H]3C=C(Cl)C4=CC(=O)[C@@H]5C[C@@H]5[C@]4(C)[C@H]3CC[C@@]21C,1.0,CC(=O)O[C@]1(C(C)=O)CC[C@H]2[C@@H]3C=C(Cl)C4=CC(=O)[C@@H]5C[C@@H]5[C@]4(C)[C@H]3CC[C@@]21C
N[C@@H](CS)C(=O)O,0.0,N[C@@H](CS)C(=O)O
C1:C:C:C2:S:C(SNC3CCCCC3):N:C:2:C:1,1.0,c1ccc2sc(SNC3CCCCC3)nc2c1
NC1CCCCC1,0.0,NC1CCCCC1
ON=C1CCCC1,0.0,ON=C1CCCC1
COC1:C:C:C(C(=O)/C(Br)=C\C(=O)[O-]):C:C:1,1.0,COc1ccc(C(=O)/C(Br)=C\C(=O)[O-])cc1
CN(C)N=NC1:N:C:[NH]:C:1C(N)=O,0.0,CN(C)N=Nc1nc[nH]c1C(N)=O
CC(C)(O)C(Cl)(Cl)Cl,0.0,CC(C)(O)C(Cl)(Cl)Cl
O=C1:[NH]:C2:C:C:C:C:C:2:C(=O):N:1CCCl,0.0,O=c1[nH]c2ccccc2c(=O)n1CCCl
CC1=CCC(C(C)C)=CC1,0.0,CC1=CCC(C(C)C)=CC1
CCC(C)CCCC(C)(C)O,0.0,CCC(C)CCCC(C)(C)O
CC1:C:C(Cl):C:C:C:1/N=C/N(C)C,0.0,Cc1cc(Cl)ccc1/N=C/N(C)C
CC(C)N1:C(/C=C/[C@@H](O)C[C@@H](O)CC(=O)[O-]):C(C2:C:C:C(F):C:C:2):C2:C:C:C:C:C:2:1,0.0,CC(C)n1c(/C=C/[C@@H](O)C[C@@H](O)CC(=O)[O-])c(-c2ccc(F)cc2)c2ccccc21
CCOC(CN1CCN(CC(C)C(=O)C2:C:C:C:C:C:2)CC1)C1:C:C:C:C:C:1,1.0,CCOC(CN1CCN(CC(C)C(=O)c2ccccc2)CC1)c1ccccc1
CC1:O:N:C(C2:C:C:C:C:C:2):C:1C1:C:C:C(S(N)(=O)=O):C:C:1,0.0,Cc1onc(-c2ccccc2)c1-c1ccc(S(N)(=O)=O)cc1
CCCSSC(CCO)=C(C)N(C=O)CC1:C:N:C(C):N:C:1N,0.0,CCCSSC(CCO)=C(C)N(C=O)Cc1cnc(C)nc1N
CCOC1:C:C(OCC):C(C(=O)CCC(=O)O):C:C:1OCC,1.0,CCOc1cc(OCC)c(C(=O)CCC(=O)O)cc1OCC
NNC(=O)CP(=O)(C1:C:C:C:C:C:1)C1:C:C:C:C:C:1,0.0,NNC(=O)CP(=O)(c1ccccc1)c1ccccc1
CCN(CC)CCOC1:C:C:C:C:C:1C(=O)CCC1:C:C:C:C:C:1,0.0,CCN(CC)CCOc1ccccc1C(=O)CCc1ccccc1
CCN1:N:C(CC2:C:C:C:C:C:2):C:C:1C1CCN(C[C@H]2C[C@H](N(C)[C@@H](C(=O)O)C(C)C)C[C@@H]2C2:C:C:C:C(F):C:2)CC1,0.0,CCn1nc(Cc2ccccc2)cc1C1CCN(C[C@H]2C[C@H](N(C)[C@@H](C(=O)O)C(C)C)C[C@@H]2c2cccc(F)c2)CC1
CC1:C:C2:C(:C:C:1C(F)(F)F)N(C(=O)NC1:C:C:C(OC3:C:C:C:N:C:3C):N:C:1)CC2,1.0,Cc1cc2c(cc1C(F)(F)F)N(C(=O)Nc1ccc(Oc3cccnc3C)nc1)CC2
NC(=O)C1:N:C(C2:C:C:C:C(C3:C:C(F):C:C:C:3OCC(F)(F)C(F)(F)F):C:2):N:[N-]:1,1.0,NC(=O)c1nc(-c2cccc(-c3cc(F)ccc3OCC(F)(F)C(F)(F)F)c2)n[n-]1
CC1:C:N:C(C(=O)NCCC2:C:C:C(S(=O)(=O)NC(=O)NC3CCCCC3):C:C:2):C:N:1,1.0,Cc1cnc(C(=O)NCCc2ccc(S(=O)(=O)NC(=O)NC3CCCCC3)cc2)cn1
CC1(C)O[C@@H]2C[C@H]3[C@@H]4C[C@H](F)C5=CC(=O)C=C[C@]5(C)[C@@]4(F)[C@@H](O)C[C@]3(C)[C@]2(C(=O)CO)O1,0.0,CC1(C)O[C@@H]2C[C@H]3[C@@H]4C[C@H](F)C5=CC(=O)C=C[C@]5(C)[C@@]4(F)[C@@H](O)C[C@]3(C)[C@]2(C(=O)CO)O1
COC1=C(OC)C(=O)C(CCCCCCCCCCO)=C(C)C1=O,0.0,COC1=C(OC)C(=O)C(CCCCCCCCCCO)=C(C)C1=O
CC(C)OC1:C:C:C2:C(=O):C(C3:C:C:C:C:C:3):C:O:C:2:C:1,1.0,CC(C)Oc1ccc2c(=O)c(-c3ccccc3)coc2c1
C#CC1:C:C:C:C(NC2:N:C:N:C3:C:C(OCCOC):C(OCCOC):C:C:2:3):C:1,1.0,C#Cc1cccc(Nc2ncnc3cc(OCCOC)c(OCCOC)cc23)c1
CC1:C:C:C:C(C):C:1OCC(=O)N[C@@H](CC1:C:C:C:C:C:1)[C@@H](O)C[C@H](CC1:C:C:C:C:C:1)NC(=O)[C@H](C(C)C)N1CCCNC1=O,1.0,Cc1cccc(C)c1OCC(=O)N[C@@H](Cc1ccccc1)[C@@H](O)C[C@H](Cc1ccccc1)NC(=O)[C@H](C(C)C)N1CCCNC1=O
CC1:C:C:C(C2:N:C:C(Cl):C:C:2C2:C:C:C(S(C)(=O)=O):C:C:2):C:N:1,0.0,Cc1ccc(-c2ncc(Cl)cc2-c2ccc(S(C)(=O)=O)cc2)cn1
CC(C)(O)C1:C:C:C:C:C:1CC[C@@H](SCC1(CC(=O)[O-])CC1)C1:C:C:C:C(/C=C/C2:C:C:C3:C:C:C(Cl):C:C:3:N:2):C:1,0.0,CC(C)(O)c1ccccc1CC[C@@H](SCC1(CC(=O)[O-])CC1)c1cccc(/C=C/c2ccc3ccc(Cl)cc3n2)c1
CCCCCOC(=O)NC1:N:C(=O):N([C@@H]2O[C@H](C)[C@@H](O)[C@H]2O):C:C:1F,0.0,CCCCCOC(=O)Nc1nc(=O)n([C@@H]2O[C@H](C)[C@@H](O)[C@H]2O)cc1F
NC[C@H]1CC[C@H](C(=O)OC2:C:C:C(CCC(=O)O):C:C:2)CC1,0.0,NC[C@H]1CC[C@H](C(=O)Oc2ccc(CCC(=O)O)cc2)CC1
NC(CS)C(=O)O,0.0,NC(CS)C(=O)O
N[C@H](CC1:C:[NH]:C2:C:C:C:C:C:1:2)C(=O)O,0.0,N[C@H](Cc1c[nH]c2ccccc12)C(=O)O
CC(C)(C)NC(N)=O,0.0,CC(C)(C)NC(N)=O
CCCCCCCCCCCC[N+](C)(C)C,1.0,CCCCCCCCCCCC[N+](C)(C)C
CC(C)C1:C:C:C(O):C:C:1,0.0,CC(C)c1ccc(O)cc1
CC1:C:C:C:C(N):C:1N,1.0,Cc1cccc(N)c1N
O=C([O-])COC1:C:C:C(Cl):C:C:1Cl,0.0,O=C([O-])COc1ccc(Cl)cc1Cl
CCCCCCCCCCCCCC[N+](C)(C)C,1.0,CCCCCCCCCCCCCC[N+](C)(C)C
CC(C)(N=C=O)C1:C:C:C:C(C(C)(C)N=C=O):C:1,0.0,CC(C)(N=C=O)c1cccc(C(C)(C)N=C=O)c1
CCO[Si](CCCNC(N)=O)(OCC)OCC,0.0,CCO[Si](CCCNC(N)=O)(OCC)OCC
COC(=O)C1:S:C:C:C:1S(N)(=O)=O,0.0,COC(=O)c1sccc1S(N)(=O)=O
NC(=O)CN1CCCC1=O,0.0,NC(=O)CN1CCCC1=O
OC1:C:C:C:C(O):C:1,0.0,Oc1cccc(O)c1
CCCCCCOC(=O)CC,0.0,CCCCCCOC(=O)CC
CC/C=C\CCOC(=O)C(C)C,0.0,CC/C=C\CCOC(=O)C(C)C
CCCCCC(=O)OCCC1:C:C:C:C:C:1,0.0,CCCCCC(=O)OCCc1ccccc1
CC/C=C\CCCCCO,0.0,CC/C=C\CCCCCO
CCCCCC1:C:C:C:C(=O):O:1,1.0,CCCCCc1cccc(=O)o1
O=C([O-])C1:C:C:C:C:C:1C1:C2:C:C(I):C(=O):C(I):C2:O:C2:C(I):C([O-]):C(I):C:C:1:2,0.0,O=C([O-])c1ccccc1-c1c2cc(I)c(=O)c(I)c-2oc2c(I)c([O-])c(I)cc12
CC1:C:C(C):C(/N=N/C2:C(O):C(S(=O)(=O)[O-]):C:C3:C:C(S(=O)(=O)[O-]):C:C:C:2:3):C:C:1C,0.0,Cc1cc(C)c(/N=N/c2c(O)c(S(=O)(=O)[O-])cc3cc(S(=O)(=O)[O-])ccc23)cc1C
COC(=O)[C@H]1[C@H]2C[C@@H]3C4:[NH]:C5:C:C(OC):C:C:C:5:C:4CCN3C[C@H]2C[C@@H](OC(=O)C2:C:C(OC):C(OC):C(OC):C:2)[C@@H]1OC,0.0,COC(=O)[C@H]1[C@H]2C[C@@H]3c4[nH]c5cc(OC)ccc5c4CCN3C[C@H]2C[C@@H](OC(=O)c2cc(OC)c(OC)c(OC)c2)[C@@H]1OC
COC1:C:C:C2:C:C3:[N+](:C:C:2:C:1OC)CCC1:C:C2:C(:C:C:13)OCO2,1.0,COc1ccc2cc3[n+](cc2c1OC)CCc1cc2c(cc1-3)OCO2
CCN(CC)C1:C:C2:[O+]:C3:C:C(N(CC)CC):C(C):C:C:3:C(C3:C:C:C(S(=O)(=O)[O-]):C:C:3S(=O)(=O)[O-]):C:2:C:C:1C,0.0,CCN(CC)c1cc2[o+]c3cc(N(CC)CC)c(C)cc3c(-c3ccc(S(=O)(=O)[O-])cc3S(=O)(=O)[O-])c2cc1C
CC[N+](C)(CC)CC,0.0,CC[N+](C)(CC)CC
O=C(NS(=O)(=O)/C=C/C1:C:C:C:S:1)C1:C:C:C(F):C:C:1Br,0.0,O=C(NS(=O)(=O)/C=C/c1cccs1)c1ccc(F)cc1Br
CCCC[C@H]1CN(CC2CCOCC2)C(=O)OC12CCN(C1(C)CCN(C(=O)C3:C(C):N:C:N:C:3C)CC1)CC2,0.0,CCCC[C@H]1CN(CC2CCOCC2)C(=O)OC12CCN(C1(C)CCN(C(=O)c3c(C)ncnc3C)CC1)CC2
O=C1C(Cl)C(CCl)CN1C1:C:C:C:C(C(F)(F)F):C:1,1.0,O=C1C(Cl)C(CCl)CN1c1cccc(C(F)(F)F)c1
CN(C)[C@@H]1C(O)=C(C(N)=O)C(=O)[C@@]2(O)C(O)=C3C(=O)C4:C(O):C:C:C:C:4[C@@](C)(O)[C@H]3[C@H](O)[C@@H]12,0.0,CN(C)[C@@H]1C(O)=C(C(N)=O)C(=O)[C@@]2(O)C(O)=C3C(=O)c4c(O)cccc4[C@@](C)(O)[C@H]3[C@H](O)[C@@H]12
NC1:C:C:C(OC2:C:C:C(N):C:C:2):C:C:1,0.0,Nc1ccc(Oc2ccc(N)cc2)cc1
CCOC(=O)COC(=O)C1:C:C(OC2:C:C:C(C(F)(F)F):C:C:2Cl):C:C:C:1[N+](=O)[O-],0.0,CCOC(=O)COC(=O)c1cc(Oc2ccc(C(F)(F)F)cc2Cl)ccc1[N+](=O)[O-]
C=CCOC1:C:C:C:C:C:1OCC(O)CNC(C)C,0.0,C=CCOc1ccccc1OCC(O)CNC(C)C
O=C(O)CF,0.0,O=C(O)CF
CCCN1C[C@H](CSC)C[C@@H]2C3:C:C:C:C4:[NH]:C:C(:C:3:4)C[C@H]21,0.0,CCCN1C[C@H](CSC)C[C@@H]2c3cccc4[nH]cc(c34)C[C@H]21
O=C1CCCCCCCCCCCCCCO1,0.0,O=C1CCCCCCCCCCCCCCO1
C1:C:C:C(CNCC2:C:C:C:C:C:2):C:C:1,0.0,c1ccc(CNCc2ccccc2)cc1
OCCNCC1:C:C:C:C:C:1,0.0,OCCNCc1ccccc1
ClCCN(CCCl)CCCl,1.0,ClCCN(CCCl)CCCl
COC(=O)CC1:C:C:C:C:C:1,0.0,COC(=O)Cc1ccccc1
CCCCCC[N+]1:C:C:C:C:C:1,1.0,CCCCCC[n+]1ccccc1
CC[N+]1(C)CCCC1.O=S(=O)([N-]S(=O)(=O)C(F)(F)F)C(F)(F)F,0.0,CC[N+]1(C)CCCC1.O=S(=O)([N-]S(=O)(=O)C(F)(F)F)C(F)(F)F
CC[N+]1(C)CCCC1,0.0,CC[N+]1(C)CCCC1
CCCC[N+]1(C)CCCC1,0.0,CCCC[N+]1(C)CCCC1
CCCC[N+]1(C)CCCC1.N#CN=C=[N-],0.0,CCCC[N+]1(C)CCCC1.N#CN=C=[N-]
C/C(=C(\CCOC(=O)C(C)C)SS/C(CCOC(=O)C(C)C)=C(/C)N(C=O)CC1:C:N:C(C):N:C:1N)N(C=O)CC1:C:N:C(C):N:C:1N,0.0,C/C(=C(\CCOC(=O)C(C)C)SS/C(CCOC(=O)C(C)C)=C(/C)N(C=O)Cc1cnc(C)nc1N)N(C=O)Cc1cnc(C)nc1N
CCC[N+]1(C)CCCC1.O=S(=O)([N-]S(=O)(=O)C(F)(F)F)C(F)(F)F,0.0,CCC[N+]1(C)CCCC1.O=S(=O)([N-]S(=O)(=O)C(F)(F)F)C(F)(F)F
CCCCCCCCN1:C:C:[N+](C):C:1.F[B-](F)(F)F,1.0,CCCCCCCCn1cc[n+](C)c1.F[B-](F)(F)F
CCCCCCCCCCCCCC/C(O)=N\C(CO)CCCCCCCCCCCCCC,0.0,CCCCCCCCCCCCCC/C(O)=N\C(CO)CCCCCCCCCCCCCC
CO[C@@]1(NC(=O)CC2:C:C:C:S:2)C(=O)N2C(C(=O)O)=C(COC(N)=O)CS[C@@H]21,0.0,CO[C@@]1(NC(=O)Cc2cccs2)C(=O)N2C(C(=O)O)=C(COC(N)=O)CS[C@@H]21
C[N+]1:C:C:C:C:C:1/C=N/O,0.0,C[n+]1ccccc1/C=N/O
CCCN[C@H]1CCC2:N:C(N):S:C:2C1,0.0,CCCN[C@H]1CCc2nc(N)sc2C1
CC(C(=O)O)C1:C:C:C2:C(:C:1)CC1:C:C:C:N:C:1O2,0.0,CC(C(=O)O)c1ccc2c(c1)Cc1cccnc1O2
CC(=O)NC1:N:N:C(S(N)(=O)=O):S:1,0.0,CC(=O)Nc1nnc(S(N)(=O)=O)s1
CC(=O)NO,0.0,CC(=O)NO
CC(=O)CC(C1:C:C:C([N+](=O)[O-]):C:C:1)C1:C(O):C2:C:C:C:C:C:2:O:C:1=O,0.0,CC(=O)CC(c1ccc([N+](=O)[O-])cc1)c1c(O)c2ccccc2oc1=O
COC1:C:C:C2:C(:C:1):C(CC(=O)OCC(=O)O):C(C):N:2C(=O)C1:C:C:C(Cl):C:C:1,0.0,COc1ccc2c(c1)c(CC(=O)OCC(=O)O)c(C)n2C(=O)c1ccc(Cl)cc1
CC(=O)NC1:C:C:C:C:C:1,0.0,CC(=O)Nc1ccccc1
CC1=C2N=C(C=C3N=C(C(C)=C4[C@@H](CCC(N)=O)[C@](C)(CC(N)=O)[C@](C)([C@@H]5N=C1[C@](C)(CCC(=O)NC[C@@H](C)OP(=O)([O-])O[C@@H]1[C@@H](CO)O[C@H](N6:C:N:C7:C:C(C):C(C):C:C:7:6)[C@@H]1O)[C@H]5CC(N)=O)N4[Co+]C#N)[C@@](C)(CC(N)=O)[C@@H]3CCC(N)=O)C(C)(C)[C@@H]2CCC(N)=O,0.0,CC1=C2N=C(C=C3N=C(C(C)=C4[C@@H](CCC(N)=O)[C@](C)(CC(N)=O)[C@](C)([C@@H]5N=C1[C@](C)(CCC(=O)NC[C@@H](C)OP(=O)([O-])O[C@H]1[C@@H](O)[C@@H](n6cnc7cc(C)c(C)cc76)O[C@@H]1CO)[C@H]5CC(N)=O)[N]4[Co+][C]#N)[C@@](C)(CC(N)=O)[C@@H]3CCC(N)=O)C(C)(C)[C@@H]2CCC(N)=O
CC(C)C(C(=O)OC(C#N)C1:C:C:C:C(OC2:C:C:C:C:C:2):C:1)C1:C:C:C(Cl):C:C:1,0.0,CC(C)C(C(=O)OC(C#N)c1cccc(Oc2ccccc2)c1)c1ccc(Cl)cc1
COP(=S)(OC)OC1:C:C:C(SC):C(C):C:1,0.0,COP(=S)(OC)Oc1ccc(SC)c(C)c1
[Fe+3],0.0,[Fe+3]
CC(C)(C)NC(=O)[C@H]1CC[C@H]2[C@@H]3CC[C@H]4NC(=O)C=C[C@]4(C)[C@H]3CC[C@]12C,1.0,CC(C)(C)NC(=O)[C@H]1CC[C@H]2[C@@H]3CC[C@H]4NC(=O)C=C[C@]4(C)[C@H]3CC[C@]12C
OC(CN1:C:N:C:N:1)(CN1:C:N:C:N:1)C1:C:C:C(F):C:C:1F,0.0,OC(Cn1cncn1)(Cn1cncn1)c1ccc(F)cc1F
O=C(NCC1CCCCN1)C1:C:C(OCC(F)(F)F):C:C:C:1OCC(F)(F)F,0.0,O=C(NCC1CCCCN1)c1cc(OCC(F)(F)F)ccc1OCC(F)(F)F
CN(C)C(=O)NC1:C:C:C:C(C(F)(F)F):C:1,0.0,CN(C)C(=O)Nc1cccc(C(F)(F)F)c1
CCCCOCCOC(=O)COC1:N:C(Cl):C(Cl):C:C:1Cl,0.0,CCCCOCCOC(=O)COc1nc(Cl)c(Cl)cc1Cl
CC1:C(F):C(F):C(COC(=O)C2C(/C=C(\Cl)C(F)(F)F)C2(C)C):C(F):C:1F,0.0,Cc1c(F)c(F)c(COC(=O)C2C(/C=C(\Cl)C(F)(F)F)C2(C)C)c(F)c1F
CC(C)(C)C1:C:C:C(CSC2:C:N:N(C(C)(C)C):C(=O):C:2Cl):C:C:1,1.0,CC(C)(C)c1ccc(CSc2cnn(C(C)(C)C)c(=O)c2Cl)cc1
CCCCOC(=O)C1:C:C:C:C:C:1C(=O)OCC(CC)CCCC,0.0,CCCCOC(=O)c1ccccc1C(=O)OCC(CC)CCCC
CC1:C(Cl):C:C:C:C:1NC1:C:C:C:C:C:1C(=O)O,1.0,Cc1c(Cl)cccc1Nc1ccccc1C(=O)O
CCCCCCCCCCOC(=O)C1:C:C:C:C:C:1C(=O)OCCCCCCCCCC,0.0,CCCCCCCCCCOC(=O)c1ccccc1C(=O)OCCCCCCCCCC
O=C1NC(=O)C2CC=CCC12,0.0,O=C1NC(=O)C2CC=CCC12
O=C1OC(=O)C2CC=CCC12,0.0,O=C1OC(=O)C2CC=CCC12
O=C1NC(=O)C2:C:C:C:C:C:21,0.0,O=C1NC(=O)c2ccccc21
O=C1OC(=O)C2CCCCC12,0.0,O=C1OC(=O)C2CCCCC12
COCC1:C:N:C(C2=NC(C)(C(C)C)C(=O)N2):C(C(=O)O):C:1,0.0,COCc1cnc(C2=NC(C)(C(C)C)C(=O)N2)c(C(=O)O)c1
CC(C)C1(C)N=C(C2:N:C:C:C:C:2C(=O)O)NC1=O,0.0,CC(C)C1(C)N=C(c2ncccc2C(=O)O)NC1=O
CCBr,0.0,CCBr
ClC(Cl)Br,0.0,ClC(Cl)Br
O=[N+]([O-])C1:C:C(N(CCO)CCO):C:C:C:1NCCO,0.0,O=[N+]([O-])c1cc(N(CCO)CCO)ccc1NCCO
O=C1/C(=C2\NC3:C:C:C(S(=O)(=O)[O-]):C:C:3C2=O)NC2:C:C:C(S(=O)(=O)[O-]):C:C:21,0.0,O=C1/C(=C2\Nc3ccc(S(=O)(=O)[O-])cc3C2=O)Nc2ccc(S(=O)(=O)[O-])cc21
CC(C)C[C@H]1C(=O)N2CCC[C@H]2[C@]2(O)O[C@](NC(=O)[C@@H]3C=C4C5:C:C:C:C6:[NH]:C(Br):C(:C:5:6)C[C@H]4N(C)C3)(C(C)C)C(=O)N12,1.0,CC(C)C[C@H]1C(=O)N2CCC[C@H]2[C@]2(O)O[C@](NC(=O)[C@@H]3C=C4c5cccc6[nH]c(Br)c(c56)C[C@H]4N(C)C3)(C(C)C)C(=O)N12
OB(O)O,0.0,OB(O)O
C[C@@H](O)[C@H]1C(=O)N2C(C(=O)O)=C(SCCNC=N)C[C@H]12,0.0,C[C@@H](O)[C@H]1C(=O)N2C(C(=O)O)=C(SCCNC=N)C[C@H]12
NC1:C:C:C(S(=O)(=O)NC2:C:N:C3:C:C:C:C:C:3:N:2):C:C:1,0.0,Nc1ccc(S(=O)(=O)Nc2cnc3ccccc3n2)cc1
O[C@H]1[C@H](O)[C@@H](O)[C@H](O)[C@@H](O)[C@H]1O,0.0,O[C@H]1[C@H](O)[C@@H](O)[C@H](O)[C@@H](O)[C@H]1O
O=C(O)[C@H](O)[C@@H](O)C(=O)O,0.0,O=C(O)[C@H](O)[C@@H](O)C(=O)O
CNC(=O)C1:C(I):C(NC(=O)CCCCC(=O)NC2:C(I):C(C(=O)O):C(I):C(C(=O)NC):C:2I):C(I):C(C(=O)O):C:1I,0.0,CNC(=O)c1c(I)c(NC(=O)CCCCC(=O)Nc2c(I)c(C(=O)O)c(I)c(C(=O)NC)c2I)c(I)c(C(=O)O)c1I
CCCC[N+]1(C)CCCCC1.O=S(=O)([N-]S(=O)(=O)C(F)(F)F)C(F)(F)F,0.0,CCCC[N+]1(C)CCCCC1.O=S(=O)([N-]S(=O)(=O)C(F)(F)F)C(F)(F)F
COCC(O)CO,0.0,COCC(O)CO
O=C(NC1:C:C:C([N+](=O)[O-]):C:C:1)NC1:C:C:C([N+](=O)[O-]):C:C:1,1.0,O=C(Nc1ccc([N+](=O)[O-])cc1)Nc1ccc([N+](=O)[O-])cc1
CC(=O)NC1:C:C(S(=O)(=O)[O-]):C:C2:C:C(S(=O)(=O)[O-]):C(N=NC3:C:C:C:C:C:3):C(O):C:1:2,0.0,CC(=O)Nc1cc(S(=O)(=O)[O-])cc2cc(S(=O)(=O)[O-])c(N=Nc3ccccc3)c(O)c12
O=C(O)CC(O)C(=O)O,0.0,O=C(O)CC(O)C(=O)O
C=C(C)C(=O)OCCC[Si](Cl)(Cl)Cl,0.0,C=C(C)C(=O)OCCC[Si](Cl)(Cl)Cl
CCOP(=O)(SC(C)CC)N1CCSC1=O,0.0,CCOP(=O)(SC(C)CC)N1CCSC1=O
COC(=O)C1:C:C:C:C:C:1S(=O)(=O)NC(=O)NC1:N:C(C):C:C(C):N:1,0.0,COC(=O)c1ccccc1S(=O)(=O)NC(=O)Nc1nc(C)cc(C)n1
CN1:C(=O):C2:[NH]:C(Br):N:C:2:N(C):C:1=O,0.0,Cn1c(=O)c2[nH]c(Br)nc2n(C)c1=O
COC1:C:C:C:C2:C:1C(=O)C1:C(O):C3:C(:C(O):C:1C2=O)C[C@@](O)(C(=O)CO)C[C@@H]3O[C@H]1C[C@H](N)[C@H](O)[C@H](C)O1,1.0,COc1cccc2c1C(=O)c1c(O)c3c(c(O)c1C2=O)C[C@@](O)(C(=O)CO)C[C@@H]3O[C@H]1C[C@H](N)[C@H](O)[C@H](C)O1
CC(C=O)CC1:C:C:C(C(C)C):C:C:1,0.0,CC(C=O)Cc1ccc(C(C)C)cc1
O=C(CCl)NC1:C:C:C:C:C:1,1.0,O=C(CCl)Nc1ccccc1
COC1:C:C:C(OC):C(Cl):C:1,0.0,COc1ccc(OC)c(Cl)c1
CCCCC(CC)(CO)CO,0.0,CCCCC(CC)(CO)CO
CC1:C:C(O):C(Cl):C:C:1C,0.0,Cc1cc(O)c(Cl)cc1C
NC(=O)C1:C:C:C([N+](=O)[O-]):C:C:1Cl,0.0,NC(=O)c1ccc([N+](=O)[O-])cc1Cl
O=C1CC2CC1C1CCCC21,0.0,O=C1CC2CC1C1CCCC21
NC1:C:C:C:N:C:1,0.0,Nc1cccnc1
CC(C)OCCO,0.0,CC(C)OCCO
CCC1:N:C:C:N:C:1C,0.0,CCc1nccnc1C
CC1:C:C:C:C(C(C)(C)C):C:1O,0.0,Cc1cccc(C(C)(C)C)c1O
CN(C)CCCN(C)C,0.0,CN(C)CCCN(C)C
CC1:[NH]:C:N:C:1C1:C:C:C(Cl):C:C:1,0.0,Cc1[nH]cnc1-c1ccc(Cl)cc1
O=C(OCCN1CCOCC1)C1:C:C:C:N:C:1NC1:C:C:C:C(C(F)(F)F):C:1,1.0,O=C(OCCN1CCOCC1)c1cccnc1Nc1cccc(C(F)(F)F)c1
O=[N+]([O-])C1:C:N:C:N:1CCN1CCOCC1,0.0,O=[N+]([O-])c1cncn1CCN1CCOCC1
CN1:C(=O):C2:C(:N:C:N:2CC(=O)O):N(C):C:1=O,0.0,Cn1c(=O)c2c(ncn2CC(=O)O)n(C)c1=O
CCOC(=O)C(=O)CCC1:C:C:C:C:C:1,0.0,CCOC(=O)C(=O)CCc1ccccc1
CCOC(=O)C(=O)C1:C:S:C(NC=O):N:1,0.0,CCOC(=O)C(=O)c1csc(NC=O)n1
CO/N=C(\C(=O)O)C1:C:S:C(NC(=O)CCl):N:1,1.0,CO/N=C(\C(=O)O)c1csc(NC(=O)CCl)n1
CCN1CCCC1CNC(=O)C(O)(C1:C:C:C:C:C:1)C1:C:C:C:C:C:1,0.0,CCN1CCCC1CNC(=O)C(O)(c1ccccc1)c1ccccc1
CCN(CC)CC(=O)OC1:C:C:C(NC(C)=O):C:C:1,0.0,CCN(CC)CC(=O)Oc1ccc(NC(C)=O)cc1
CC(C)CCO,0.0,CC(C)CCO
C=C(C)C(=O)OCC(C)C,0.0,C=C(C)C(=O)OCC(C)C
C=C(C)C(=O)OCCCCCCCC(C)C,0.0,C=C(C)C(=O)OCCCCCCCC(C)C
O=C=NC1CCCCC1,0.0,O=C=NC1CCCCC1
COS(=O)(=O)[O-].C[N+]1(C)CCC(=C(C2:C:C:C:C:C:2)C2:C:C:C:C:C:2)CC1,0.0,COS(=O)(=O)[O-].C[N+]1(C)CCC(=C(c2ccccc2)c2ccccc2)CC1
CC(=O)C1:C:C:C:C([N+](=O)[O-]):C:1,0.0,CC(=O)c1cccc([N+](=O)[O-])c1
CC(=O)C1:C:C:C:C:C:1[N+](=O)[O-],0.0,CC(=O)c1ccccc1[N+](=O)[O-]
CC(=O)C1:C:C:C([N+](=O)[O-]):C:C:1,0.0,CC(=O)c1ccc([N+](=O)[O-])cc1
NC1:C:C:C:C([N+](=O)[O-]):C:1,0.0,Nc1cccc([N+](=O)[O-])c1
NC1:C:C:C:C:C:1[N+](=O)[O-],0.0,Nc1ccccc1[N+](=O)[O-]
COC1:N:C(N):N:C2:C:1:N:C:N:2[C@@H]1O[C@H](CO)[C@@H](O)[C@@H]1O,0.0,COc1nc(N)nc2c1ncn2[C@@H]1O[C@H](CO)[C@@H](O)[C@@H]1O
CC(=O)CCl,0.0,CC(=O)CCl
CCCOC(C(=O)OC1CCN(C)CC1)(C1:C:C:C:C:C:1)C1:C:C:C:C:C:1,0.0,CCCOC(C(=O)OC1CCN(C)CC1)(c1ccccc1)c1ccccc1
C=C(C)C1:C:C:C:C:C:1,0.0,C=C(C)c1ccccc1
O=C(Cl)C1:C(Cl):C:C:C:C:1Cl,0.0,O=C(Cl)c1c(Cl)cccc1Cl
C1CN(CCOCCN2CCOCC2)CCO1,0.0,C1CN(CCOCCN2CCOCC2)CCO1
COC1:C:C:C(C=O):C:C:1OC,0.0,COc1ccc(C=O)cc1OC
CCCCCCC(=O)OCC,0.0,CCCCCCC(=O)OCC
CCOC(=O)CC,0.0,CCOC(=O)CC
C=CC(=O)NC(C)(C)C,0.0,C=CC(=O)NC(C)(C)C
COC1:C:C:C(NC2:C:C:C(OC):C:C:2):C:C:1,0.0,COc1ccc(Nc2ccc(OC)cc2)cc1
CCOP(=S)(OCC)O/N=C(\C#N)C1:C:C:C:C:C:1,0.0,CCOP(=S)(OCC)O/N=C(\C#N)c1ccccc1
COC(=O)CCCCC(=O)OC,0.0,COC(=O)CCCCC(=O)OC
COCCOC(=O)C1:C:C:C:C:C:1C(=O)OCCOC,0.0,COCCOC(=O)c1ccccc1C(=O)OCCOC
CC[C@H]1C[C@@H]2C[C@H]3C4:[NH]:C5:C:C:C(OC):C:C:5:C:4CCN(C2)[C@@H]13,0.0,CC[C@H]1C[C@@H]2C[C@H]3c4[nH]c5ccc(OC)cc5c4CCN(C2)[C@@H]13
COC1:C:C(CCN):C:C(OC):C:1OC,0.0,COc1cc(CCN)cc(OC)c1OC
COC1:C:C(CC(C)C):C:C(OC):C:1OC,0.0,COc1cc(CC(C)C)cc(OC)c1OC
CCCN(CCC)C1:C([N+](=O)[O-]):C:C(C(F)(F)F):C:C:1[N+](=O)[O-],0.0,CCCN(CCC)c1c([N+](=O)[O-])cc(C(F)(F)F)cc1[N+](=O)[O-]
CC1=C(C)C(=O)C(C(CCCCCC(=O)O)C2:C:C:C:C:C:2)=C(C)C1=O,1.0,CC1=C(C)C(=O)C(C(CCCCCC(=O)O)c2ccccc2)=C(C)C1=O
CN1C(=O)OC(C)(C)C1=O,0.0,CN1C(=O)OC(C)(C)C1=O
CC1:C:C:C(OP(=O)(OC2:C:C:C(C):C:C:2)OC2:C:C:C(C):C:C:2):C:C:1,0.0,Cc1ccc(OP(=O)(Oc2ccc(C)cc2)Oc2ccc(C)cc2)cc1
ClCC(Cl)CCl,0.0,ClCC(Cl)CCl
OCCOCCOCCO,0.0,OCCOCCOCCO
OCCN(CCO)CCO,0.0,OCCN(CCO)CCO
CC(C)NCC(O)C1:C:C:C(O):C(O):C:1,0.0,CC(C)NCC(O)c1ccc(O)c(O)c1
CC1:C:C(C):C(N):C:C:1C,0.0,Cc1cc(C)c(N)cc1C
CC1(C)CCC(CC2:C:C:C(Cl):C:C:2)C1(O)CN1:C:N:C:N:1,1.0,CC1(C)CCC(Cc2ccc(Cl)cc2)C1(O)Cn1cncn1
N#CN,0.0,N#CN
CN1C(C(=O)NC2:C:C:C:C:N:2)=C(O)C2:C:C:C:C:C:2S1(=O)=O,0.0,CN1C(C(=O)Nc2ccccn2)=C(O)c2ccccc2S1(=O)=O
CC(=O)NC1:C:C:C:C:C:1C,0.0,CC(=O)Nc1ccccc1C
CC(=O)NC1:C:C:C:C(C):C:1,0.0,CC(=O)Nc1cccc(C)c1
CCCCCCCC/C=C/CCCCCCCC(=O)OCCOCC(OCCO)C1OC(OCCO)CC1OCCO,0.0,CCCCCCCC/C=C/CCCCCCCC(=O)OCCOCC(OCCO)C1OC(OCCO)CC1OCCO
BrC1:C:C(C2:C:C:C(Br):C(Br):C:2Br):C:C(Br):C:1Br,0.0,Brc1cc(-c2ccc(Br)c(Br)c2Br)cc(Br)c1Br
CC(=O)NC1:C:C:C(OCC(O)CNC(C)C):C:C:1,0.0,CC(=O)Nc1ccc(OCC(O)CNC(C)C)cc1
COC1:C:C:C(C2:C:C:C:C:C:2):C:C:1NNC(=O)OC(C)C,1.0,COc1ccc(-c2ccccc2)cc1NNC(=O)OC(C)C
C=CCCCCCCC=C,0.0,C=CCCCCCCC=C
CCCC[Sn](CCCC)(CCCC)CCCC,1.0,CCC[CH2][Sn]([CH2]CCC)([CH2]CCC)[CH2]CCC
CC(C)(O)C(=O)NC1:C:C:C([N+](=O)[O-]):C(C(F)(F)F):C:1,1.0,CC(C)(O)C(=O)Nc1ccc([N+](=O)[O-])c(C(F)(F)F)c1
CC1=C2[C@H](/C=C(\C)C(=O)O)CC[C@@H](C)[C@H]2[C@H](O)C1,0.0,CC1=C2[C@@H]([C@H](C)CC[C@H]2/C=C(\C)C(=O)O)[C@H](O)C1
Cl[In](Cl)Cl,1.0,[Cl][In]([Cl])[Cl]
CCCCOC(=O)CO,0.0,CCCCOC(=O)CO
CN(C1CCCCC1)C1CCCCC1,0.0,CN(C1CCCCC1)C1CCCCC1
CC1:C:C:N:C(N):C:1,0.0,Cc1ccnc(N)c1
CN(C)C(C)(C)CO,0.0,CN(C)C(C)(C)CO
CC(=O)CC(=O)NC1:C:C:C(S(=O)(=O)[O-]):C:C:1,0.0,CC(=O)CC(=O)Nc1ccc(S(=O)(=O)[O-])cc1
[As]#[In],0.0,[As]#[In]
CC1(C)CC(N=C=O)CC(C)(CN=C=O)C1,0.0,CC1(C)CC(N=C=O)CC(C)(CN=C=O)C1
CN(C)CCCO[C@H]1[C@@H](C(O)CO)O[C@@H]2OC(C)(C)O[C@H]12,0.0,CN(C)CCCO[C@@H]1[C@H]2OC(C)(C)O[C@H]2O[C@@H]1C(O)CO
CCN(CC)CCOC(=O)C(C1:C:C:C:C:C:1)C1:C:C:C:C:C:1,0.0,CCN(CC)CCOC(=O)C(c1ccccc1)c1ccccc1
COS(=O)(=O)[O-],0.0,COS(=O)(=O)[O-]
CN(CC1:C:C(Br):C:C(Br):C:1N)C1CCCCC1,0.0,CN(Cc1cc(Br)cc(Br)c1N)C1CCCCC1
CCCCC(CC)COC(=O)/C=C/C1:C:C:C(OC):C:C:1,0.0,CCCCC(CC)COC(=O)/C=C/c1ccc(OC)cc1
COCCOC(=O)CC#N,0.0,COCCOC(=O)CC#N
CCCC(=O)OC(C)(C)CC1:C:C:C:C:C:1,0.0,CCCC(=O)OC(C)(C)Cc1ccccc1
COC(C)=O,0.0,COC(C)=O
OCC1CC=CCC1,0.0,OCC1CC=CCC1
C[N+]1(CCF)[C@H]2CC[C@@H]1C[C@H](OC(=O)C(O)(C1:C:C:C:C:C:1)C1:C:C:C:C:C:1)C2,0.0,C[N+]1(CCF)[C@@H]2CC[C@H]1C[C@@H](OC(=O)C(O)(c1ccccc1)c1ccccc1)C2
C[C@@H]1C[C@H]2[C@@H]3CCC4=CC(=O)C=C[C@]4(C)[C@@]3(F)[C@@H](O)C[C@]2(C)[C@@]1(O)C(=O)CO,0.0,C[C@@H]1C[C@H]2[C@@H]3CCC4=CC(=O)C=C[C@]4(C)[C@@]3(F)[C@@H](O)C[C@]2(C)[C@@]1(O)C(=O)CO
CC1:C(C2:C:C:C(O):C:C:2):N(CC2:C:C:C(OCCN3CCCCCC3):C:C:2):C2:C:C:C(O):C:C:1:2,0.0,Cc1c(-c2ccc(O)cc2)n(Cc2ccc(OCCN3CCCCCC3)cc2)c2ccc(O)cc12
CC1(C)[C@@H](C=C(Br)Br)[C@H]1C(=O)O[C@H](C#N)C1:C:C:C:C(OC2:C:C:C:C:C:2):C:1,0.0,CC1(C)[C@H](C(=O)O[C@H](C#N)c2cccc(Oc3ccccc3)c2)[C@@H]1C=C(Br)Br
CC1=CC=C(C(C)C)CC1,0.0,CC1=CC=C(C(C)C)CC1
COC1:N:C(C):N:C(N):N:1,0.0,COc1nc(C)nc(N)n1
CC(C)C1:C:C(C(C)C):C:C(C(C)C):C:1,0.0,CC(C)c1cc(C(C)C)cc(C(C)C)c1
NCC1CCCC(CN)C1,0.0,NCC1CCCC(CN)C1
O=C(NC1:C:C:C:C:C:1)NC1:C:C:N:C(Cl):C:1,1.0,O=C(Nc1ccccc1)Nc1ccnc(Cl)c1
CC(O)CC(C)O,0.0,CC(O)CC(C)O
C1:C:C:C(OCCOC2:C:C:C:C:C:2):C:C:1,0.0,c1ccc(OCCOc2ccccc2)cc1
CC1:C:C:C(S(=O)(=O)O):C:C:1,0.0,Cc1ccc(S(=O)(=O)O)cc1
CCCNC(C)C(=O)NC1:C:C:C:C:C:1C,0.0,CCCNC(C)C(=O)Nc1ccccc1C
O=C1C2:C:C:C:C3:C:2[C@H](CCC3)CN1[C@@H]1CN2CCC1CC2,0.0,O=C1c2cccc3c2[C@H](CCC3)CN1[C@@H]1CN2CCC1CC2
CN1CCC[C@@H]1C1:C:C:C:N:C:1,0.0,CN1CCC[C@@H]1c1cccnc1
C1:C:C:C2:C(:C:1):C:C:C1:C:C:C:C:C:1:2,0.0,c1ccc2c(c1)ccc1ccccc12
CCCC1CCCCN1,0.0,CCCC1CCCCN1
CCOP(=S)(OCC)SCN1:C(=O):O:C2:C:C(Cl):C:C:C:2:1,1.0,CCOP(=S)(OCC)SCn1c(=O)oc2cc(Cl)ccc21
COC(=O)C1:N:C(Cl):C(Cl):N:C:1N,1.0,COC(=O)c1nc(Cl)c(Cl)nc1N
CC(=O)OCC[N+](C)(C)C,0.0,CC(=O)OCC[N+](C)(C)C
CC1=C2[C@H](/C=C(\C)C(=O)O)CC[C@@H](C)[C@H]2CC1,1.0,CC1=C2[C@H](/C=C(\C)C(=O)O)CC[C@@H](C)[C@H]2CC1
O=C([O-])CCCC1:C:C:C:C:C:1,0.0,O=C([O-])CCCc1ccccc1
COC1:C:C:C:C(N(C)C(=S)OC2:C:C:C3:C(:C:2)CCCC3):N:1,1.0,COc1cccc(N(C)C(=S)Oc2ccc3c(c2)CCCC3)n1
CCOC(=O)OC(C)OC1=C(C(=O)NC2:C:C:C:C:N:2)N(C)S(=O)(=O)C2:C:C:C:C:C:21,0.0,CCOC(=O)OC(C)OC1=C(C(=O)Nc2ccccn2)N(C)S(=O)(=O)c2ccccc21
COC1:C:C(C(=O)N2CCCCCCC2):C:C(OC):C:1OC,0.0,COc1cc(C(=O)N2CCCCCCC2)cc(OC)c1OC
CN1C(=O)N(C)C(O)C1O,0.0,CN1C(=O)N(C)C(O)C1O
CC(C)C1:C:C:C(S(=O)(=O)O):C:C:1,0.0,CC(C)c1ccc(S(=O)(=O)O)cc1
CC(C)(C1:C:C:C(OCC2CO2):C:C:1)C1:C:C:C(OCC2CO2):C:C:1,0.0,CC(C)(c1ccc(OCC2CO2)cc1)c1ccc(OCC2CO2)cc1
C1:C:C:C(SCCSC2:C:C:C:C:C:2):C:C:1,0.0,c1ccc(SCCSc2ccccc2)cc1
COCCOCCOC,0.0,COCCOCCOC
O=C(O)C1=NN(C2:C:C:C(S(=O)(=O)O):C:C:2)C(=O)C1,0.0,O=C(O)C1=NN(c2ccc(S(=O)(=O)O)cc2)C(=O)C1
NC(=O)NNC(N)=O,0.0,NC(=O)NNC(N)=O
COC(=O)/C=C/C=C(C)/C=C/C=C(C)/C=C/C=C(C)/C=C/C=C(C)\C=C/C(=O)O,1.0,COC(=O)/C=C/C=C(C)/C=C/C=C(C)/C=C/C=C(C)/C=C/C=C(C)\C=C/C(=O)O
COC1:C:C:C(Cl):C:C:1C(=O)NCCC1:C:C:C(S(N)(=O)=O):C:C:1,0.0,COc1ccc(Cl)cc1C(=O)NCCc1ccc(S(N)(=O)=O)cc1
CC1:C:N([C@@H]2O[C@H](CO)[C@@H](O)[C@@H]2F):C(=O):[NH]:C:1=O,0.0,Cc1cn([C@@H]2O[C@H](CO)[C@@H](O)[C@@H]2F)c(=O)[nH]c1=O
CCC(CC)(CNC(=O)CCCO)C1:C:C:C:C(OC):C:1,0.0,CCC(CC)(CNC(=O)CCCO)c1cccc(OC)c1
COC1:C:C:N:C2:C:1CCCCC2S(=O)C1:N:C2:C:C:C:C:C:2:[NH]:1,1.0,COc1ccnc2c1CCCCC2S(=O)c1nc2ccccc2[nH]1
CCN1:C(=O):C2:C(:N:C(/C=C/C3:C:C:C(OC):C(OC):C:3):N:2C):N(CC):C:1=O,0.0,CCn1c(=O)c2c(nc(/C=C/c3ccc(OC)c(OC)c3)n2C)n(CC)c1=O
CCCC1:C:C:C(OCC(=O)N2CCN(C(=O)COC3:C:C:C(CCC):C:C:3OC)CC2):C(OC):C:1,1.0,CCCc1ccc(OCC(=O)N2CCN(C(=O)COc3ccc(CCC)cc3OC)CC2)c(OC)c1
CC(C)(C)C1:C:C(C=O):C:C(C(C)(C)C):C:1O,0.0,CC(C)(C)c1cc(C=O)cc(C(C)(C)C)c1O
CCC(=O)N(C1:C:C:C:C:C:1)C1CCNCC1,0.0,CCC(=O)N(c1ccccc1)C1CCNCC1
CCOC(=O)NC(C)(C)CC1:C:C:C(Cl):C:C:1,0.0,CCOC(=O)NC(C)(C)Cc1ccc(Cl)cc1
CC(=O)C(=O)[O-],0.0,CC(=O)C(=O)[O-]
COCCCCCCCCOCCC[Si](C)(O[Si](C)(C)C)O[Si](C)(C)C,1.0,COCCCCCCCCOCCC[Si](C)(O[Si](C)(C)C)O[Si](C)(C)C
CC(=O)OC1C2(C)CCC(C2)C1(C)C,0.0,CC(=O)OC1C2(C)CCC(C2)C1(C)C
O=S(=O)([O-])[O-].[Li+].[Li+],0.0,O=S(=O)([O-])[O-].[Li+].[Li+]
O=CC1:C2:C:C:C:C:C:2:C(Cl):C2:C:C:C:C:C:1:2,1.0,O=Cc1c2ccccc2c(Cl)c2ccccc12
CCCCCBr,0.0,CCCCCBr
CCCC[N+]1:C:C:C(C):C:C:1,1.0,CCCC[n+]1ccc(C)cc1
CC1:[NH]:N:C2:C:1N=C(C1:C:C:C:C:C:1Cl)C1:C:C([N+](=O)[O-]):C:C:C:1N2,1.0,Cc1[nH]nc2c1N=C(c1ccccc1Cl)c1cc([N+](=O)[O-])ccc1N2
COC(=O)NC1:N:C2:C:C(S(=O)C3:C:C:C:C:C:3):C:C:C:2:[NH]:1,0.0,COC(=O)Nc1nc2cc(S(=O)c3ccccc3)ccc2[nH]1
CC1CCC(=O)C1=O,0.0,CC1CCC(=O)C1=O
CCN1C(=O)C2:C:C:C:C:C:2C1NC1:C:C:C(OCCN2CCCCC2):C:C:1,0.0,CCN1C(=O)c2ccccc2C1Nc1ccc(OCCN2CCCCC2)cc1
O=C1CCCCCCCCCCOCCCCO1,0.0,O=C1CCCCCCCCCCOCCCCO1
CSSC1:C:C:O:C:1C,0.0,CSSc1ccoc1C
CC1:O:C:C:C(=O):C:1OC(=O)C(C)C,0.0,Cc1occc(=O)c1OC(=O)C(C)C
CCC(=O)OCC1:C:C:C(OC):C:C:1,0.0,CCC(=O)OCc1ccc(OC)cc1
CCCC1CCOC(C)S1,0.0,CCCC1CCOC(C)S1
CC(C)C[C@H](NC(=O)[C@H](CCC1:C:C:C:C:C:1)NC(=O)CN1CCOCC1)C(=O)N[C@@H](CC1:C:C:C:C:C:1)C(=O)N[C@@H](CC(C)C)C(=O)[C@@]1(C)CO1,1.0,CC(C)C[C@H](NC(=O)[C@H](CCc1ccccc1)NC(=O)CN1CCOCC1)C(=O)N[C@@H](Cc1ccccc1)C(=O)N[C@@H](CC(C)C)C(=O)[C@@]1(C)CO1
COC(=O)N[C@H](C(=O)N[C@@H](CC1:C:C:C:C:C:1)[C@@H](O)CN(CC1:C:C:C(C2:C:C:C:C:N:2):C:C:1)NC(=O)[C@@H](NC(=O)OC)C(C)(C)C)C(C)(C)C,0.0,COC(=O)N[C@H](C(=O)N[C@@H](Cc1ccccc1)[C@@H](O)CN(Cc1ccc(-c2ccccn2)cc1)NC(=O)[C@@H](NC(=O)OC)C(C)(C)C)C(C)(C)C
CC(=O)OCC(=O)[C@@]1(O)CCC2C3CCC4=CC(=O)CC[C@]4(C)C3[C@@H](O)C[C@@]21C,0.0,CC(=O)OCC(=O)[C@@]1(O)CCC2C3CCC4=CC(=O)CC[C@]4(C)C3[C@@H](O)C[C@@]21C
CC(C)NCC(O)C1:C:C:C([N+](=O)[O-]):C:C:1,0.0,CC(C)NCC(O)c1ccc([N+](=O)[O-])cc1
O=C1CC2(CCCC2)CC(=O)N1CCCCN1CCN(C2:N:C:C:C:N:2)CC1,1.0,O=C1CC2(CCCC2)CC(=O)N1CCCCN1CCN(c2ncccn2)CC1
CC1:C:C:C(Cl):C(OCC(O)CNC(C)(C)C):C:1,0.0,Cc1ccc(Cl)c(OCC(O)CNC(C)(C)C)c1
CS(=O)(=O)Cl,0.0,CS(=O)(=O)Cl
CC1:C:C:C:C(C(=O)O):C:1,0.0,Cc1cccc(C(=O)O)c1
O=C(O)C1:C:C:C:C(O):C:1,0.0,O=C(O)c1cccc(O)c1
CC1:C:C:C(C(=O)O):C:C:1,0.0,Cc1ccc(C(=O)O)cc1
CCC(C(=O)OCCN(CC)CC)C1:C:C:C:C:C:1,0.0,CCC(C(=O)OCCN(CC)CC)c1ccccc1
C[C@]12CC[C@H]3[C@@H](CCC4=CC(=O)CC[C@@]43C)[C@@H]1CC[C@]2(O)C(=O)CO,0.0,C[C@]12CCC(=O)C=C1CC[C@@H]1[C@@H]2CC[C@@]2(C)[C@H]1CC[C@]2(O)C(=O)CO
NNS(=O)(=O)C1:C:C:C(OC2:C:C:C(S(=O)(=O)NN):C:C:2):C:C:1,0.0,NNS(=O)(=O)c1ccc(Oc2ccc(S(=O)(=O)NN)cc2)cc1
NC/C=C/C(=O)O,0.0,NC/C=C/C(=O)O
CC(=O)OC(C)(C)C1CC=C(C)CC1,0.0,CC(=O)OC(C)(C)C1CC=C(C)CC1
Cl[Si](Cl)(C1:C:C:C:C:C:1)C1:C:C:C:C:C:1,0.0,Cl[Si](Cl)(c1ccccc1)c1ccccc1
COCCOC,0.0,COCCOC
CCOCCOCC,0.0,CCOCCOCC
O=[N+]([O-])C1:C:C:C:C2:C:C:C:C:C:1:2,0.0,O=[N+]([O-])c1cccc2ccccc12
O=C(O)CCC(=O)C(=O)O,0.0,O=C(O)CCC(=O)C(=O)O
S=C([S-])NCCNC(=S)[S-],1.0,S=C([S-])NCCNC(=S)[S-]
O=C1NCCN1,0.0,O=C1NCCN1
C[N+](=O)[O-],1.0,C[N+](=O)[O-]
C[N+]([O-])(CCCl)CCCl,0.0,C[N+]([O-])(CCCl)CCCl
CCCCC(CC)COC(=O)C1:C:C:C:C:C:1C(=O)OCC(CC)CCCC,0.0,CCCCC(CC)COC(=O)c1ccccc1C(=O)OCC(CC)CCCC
O=[N+]([O-])C1:C:C:C(OC2:C:C:C(Cl):C:C:2Cl):C:C:1,0.0,O=[N+]([O-])c1ccc(Oc2ccc(Cl)cc2Cl)cc1
CCCCC(CC)CO,0.0,CCCCC(CC)CO
C1CC2OC2CC1C1CO1,0.0,C1CC2OC2CC1C1CO1
CC(C)N(C(=O)COC1:N:N:C(C(F)(F)F):S:1)C1:C:C:C(F):C:C:1,1.0,CC(C)N(C(=O)COc1nnc(C(F)(F)F)s1)c1ccc(F)cc1
CCN(CC1:C(F):C:C:C:C:1Cl)C1:C([N+](=O)[O-]):C:C(C(F)(F)F):C:C:1[N+](=O)[O-],0.0,CCN(Cc1c(F)cccc1Cl)c1c([N+](=O)[O-])cc(C(F)(F)F)cc1[N+](=O)[O-]
CC1:N:N(C):C(OC2:C:C:C:C:C:2):C:1/C=N/OCC1:C:C:C(C(=O)OC(C)(C)C):C:C:1,1.0,Cc1nn(C)c(Oc2ccccc2)c1/C=N/OCc1ccc(C(=O)OC(C)(C)C)cc1
COC(=O)CSC1:C:C(/N=C2\S:C(=O):N3:N:2CCCC3):C(F):C:C:1Cl,0.0,COC(=O)CSc1cc(/N=c2\sc(=O)n3n2CCCC3)c(F)cc1Cl
CCCCCOC(=O)COC1:C:C(N2C(=O)C3=C(CCCC3)C2=O):C(F):C:C:1Cl,0.0,CCCCCOC(=O)COc1cc(N2C(=O)C3=C(CCCC3)C2=O)c(F)cc1Cl
C#CCN1C(=O)COC2:C:C(F):C(N3C(=O)C4=C(CCCC4)C3=O):C:C:21,1.0,C#CCN1C(=O)COc2cc(F)c(N3C(=O)C4=C(CCCC4)C3=O)cc21
CO/N=C(/C(=O)OC)C1:C:C:C:C:C:1COC1:C:C:C:C:C:1C,1.0,CO/N=C(/C(=O)OC)c1ccccc1COc1ccccc1C
CC1(C)[C@@H](/C=C(\Cl)C(F)(F)F)[C@H]1C(=O)O[C@H](C#N)C1:C:C:C:C(OC2:C:C:C:C:C:2):C:1,0.0,CC1(C)[C@H](C(=O)O[C@H](C#N)c2cccc(Oc3ccccc3)c2)[C@@H]1/C=C(\Cl)C(F)(F)F
CCCCN(CCCC)CCC(O)C1:C:C2:C(Cl):C:C(Cl):C:C:2:C2:C:C(C(F)(F)F):C:C:C:1:2,0.0,CCCCN(CCCC)CCC(O)c1cc2c(Cl)cc(Cl)cc2c2cc(C(F)(F)F)ccc12
CCCC(=O)NC1:C:C:C(OCC(O)CNC(C)C):C(C(C)=O):C:1,0.0,CCCC(=O)Nc1ccc(OCC(O)CNC(C)C)c(C(C)=O)c1
CC1:C:C(NC(=O)C2=C(O)C3:C:C:C:C:C:3S(=O)(=O)N2C):N:O:1,0.0,Cc1cc(NC(=O)C2=C(O)c3ccccc3S(=O)(=O)N2C)no1
CC(C(=O)O)C1:C:C:C(C(=O)C2:C:C:C:S:2):C:C:1,0.0,CC(C(=O)O)c1ccc(C(=O)c2cccs2)cc1
FC(F)(F)C(F)(F)C(F)(F)C(F)(F)C(F)(F)C(F)(F)C(F)(F)C(F)(F)C(F)(F)C(F)(F)F,0.0,FC(F)(F)C(F)(F)C(F)(F)C(F)(F)C(F)(F)C(F)(F)C(F)(F)C(F)(F)C(F)(F)C(F)(F)F
C=CC(=O)O[Sn](CCCC)(CCCC)CCCC,1.0,C=CC(=O)[O][Sn]([CH2]CCC)([CH2]CCC)[CH2]CCC
CCCCOCCOCCOCCCC,0.0,CCCCOCCOCCOCCCC
CNC(=O)OC1:C:C:C:C:C:1OC(C)C,0.0,CNC(=O)Oc1ccccc1OC(C)C
C#CC(C)(C)O,0.0,C#CC(C)(C)O
CCCCCCCCCCO,0.0,CCCCCCCCCCO
CCCCCCCCCCCCCO,0.0,CCCCCCCCCCCCCO
CCCCCCCCO,0.0,CCCCCCCCO
CCOCCOCCO,0.0,CCOCCOCCO
CCCCCCCCCC(C)=O,0.0,CCCCCCCCCC(C)=O
CCCCCCCCCCCCCOC(=O)CCSCCC(=O)OCCCCCCCCCCCCC,0.0,CCCCCCCCCCCCCOC(=O)CCSCCC(=O)OCCCCCCCCCCCCC
CC12CCCC=C1C(=O)OC2=O,0.0,CC12CCCC=C1C(=O)OC2=O
CC(C)(C1:C:C:C:C:C:1)C1:C:C:C(NC2:C:C:C(C(C)(C)C3:C:C:C:C:C:3):C:C:2):C:C:1,0.0,CC(C)(c1ccccc1)c1ccc(Nc2ccc(C(C)(C)c3ccccc3)cc2)cc1
O=C1C(CCS(=O)C2:C:C:C:C:C:2)C(=O)N(C2:C:C:C:C:C:2)N1C1:C:C:C:C:C:1,0.0,O=C1C(CCS(=O)c2ccccc2)C(=O)N(c2ccccc2)N1c1ccccc1
COC1:C:C(NS(=O)(=O)C2:C:C:C(N):C:C:2):N:C(C):N:1,0.0,COc1cc(NS(=O)(=O)c2ccc(N)cc2)nc(C)n1
CC1:N:N:C(NS(=O)(=O)C2:C:C:C(N):C:C:2):S:1,0.0,Cc1nnc(NS(=O)(=O)c2ccc(N)cc2)s1
CC1:C:C:N:C(NS(=O)(=O)C2:C:C:C(N):C:C:2):N:1,0.0,Cc1ccnc(NS(=O)(=O)c2ccc(N)cc2)n1
COC1:C:N:C(NS(=O)(=O)C2:C:C:C(N):C:C:2):N:C:1,0.0,COc1cnc(NS(=O)(=O)c2ccc(N)cc2)nc1
COC1:C:C:C(NS(=O)(=O)C2:C:C:C(N):C:C:2):N:N:1,0.0,COc1ccc(NS(=O)(=O)c2ccc(N)cc2)nn1
CC(=O)CC(=O)NC1:C:C:C:C:C:1,0.0,CC(=O)CC(=O)Nc1ccccc1
CC(=O)O,0.0,CC(=O)O
CC(=O)OC(C)=O,0.0,CC(=O)OC(C)=O
CC(=O)NC1:C:C:C(C(=O)O):C:C:1,0.0,CC(=O)Nc1ccc(C(=O)O)cc1
CC(=O)C(C)O,0.0,CC(=O)C(C)O
COC1:C:C:C(NC(C)=O):C:C:1N,0.0,COc1ccc(NC(C)=O)cc1N
CCCCC(CC)COC(=O)C1:C:C:C(C(=O)OCC(CC)CCCC):C:C:1,0.0,CCCCC(CC)COC(=O)c1ccc(C(=O)OCC(CC)CCCC)cc1
O=P(O)(O)CN(CP(=O)(O)O)CP(=O)(O)O,0.0,O=P(O)(O)CN(CP(=O)(O)O)CP(=O)(O)O
CCC(C)S,0.0,CCC(C)S
O=C(CCN1CCC(C2:C:C:C:C:C:2)C1)C1:C:C:C2:C(:C:1)OCCO2,1.0,O=C(CCN1CCC(c2ccccc2)C1)c1ccc2c(c1)OCCO2
NC1:C:C:C(S(=O)(=O)NC2:C:C:C:C:C:2):C:C:1,0.0,Nc1ccc(S(=O)(=O)Nc2ccccc2)cc1
CCC1:N:N:C(NS(=O)(=O)C2:C:C:C(N):C:C:2):S:1,0.0,CCc1nnc(NS(=O)(=O)c2ccc(N)cc2)s1
CC1:C(CN2:C:C:N:C:2):C2:C:C:C:C:C:2:N:1CCC(=O)O,0.0,Cc1c(Cn2ccnc2)c2ccccc2n1CCC(=O)O
COC(C1:C:C:C:C:C:1)(C1:C:C:C:C:C:1)[C@H](OC1:N:C(C):C:C(C):N:1)C(=O)O,0.0,COC(c1ccccc1)(c1ccccc1)[C@H](Oc1nc(C)cc(C)n1)C(=O)O
CCOC(=O)C1:C(C):N(C):C2:C:C:C(O):C:C:1:2,0.0,CCOC(=O)c1c(C)n(C)c2ccc(O)cc12
CN1CCN(C(=O)C2CCCCC2)CC1,0.0,CN1CCN(C(=O)C2CCCCC2)CC1
ICCC1:C:C:C:C:C:1,0.0,ICCc1ccccc1
O=[N+]([O-])C1:C:C:C:C(I):C:1,0.0,O=[N+]([O-])c1cccc(I)c1
CCCCCCCCCCCCCCCCCCO,0.0,CCCCCCCCCCCCCCCCCCO
C=CCCCCCCCCCCCCCCCC,0.0,C=CCCCCCCCCCCCCCCCC
CCCCCCCC/C=C\CCCCCCCCN,0.0,CCCCCCCC/C=C\CCCCCCCCN
CCCCCCCCCCCCCCCC(=O)OC,0.0,CCCCCCCCCCCCCCCC(=O)OC
COC(=O)CC(=O)OC,0.0,COC(=O)CC(=O)OC
CN1CCOCC1,0.0,CN1CCOCC1
CCCC(C)C,0.0,CCCC(C)C
C1:C:C:[CH-]:C:1.C1:C:C:[CH-]:C:1.[Ni+2],0.0,[Ni+2].c1cc[cH-]c1.c1cc[cH-]c1
CN1CCC[C@@H]1CC1:C:[NH]:C2:C:C:C(CCS(=O)(=O)C3:C:C:C:C:C:3):C:C:1:2,0.0,CN1CCC[C@@H]1Cc1c[nH]c2ccc(CCS(=O)(=O)c3ccccc3)cc12
N=C(N)NCCC[C@H](NC(=O)[C@@H]1CCCN1C(=O)[C@@H]1CSSCCC(=O)N[C@@H](CC2:C:C:C(O):C:C:2)C(=O)N[C@@H](CC2:C:C:C:C:C:2)C(=O)N[C@@H](CCC(N)=O)C(=O)N[C@@H](CC(N)=O)C(=O)N1)C(=O)NCC(N)=O,0.0,N=C(N)NCCC[C@H](NC(=O)[C@@H]1CCCN1C(=O)[C@@H]1CSSCCC(=O)N[C@@H](Cc2ccc(O)cc2)C(=O)N[C@@H](Cc2ccccc2)C(=O)N[C@@H](CCC(N)=O)C(=O)N[C@@H](CC(N)=O)C(=O)N1)C(=O)NCC(N)=O
COC(=O)/C=C/C1:C:C:C:C:C:1,0.0,COC(=O)/C=C/c1ccccc1
CN(C)C1:C:C:C(/N=N/C2:C:C:C:C:C:2C(=O)O):C:C:1,1.0,CN(C)c1ccc(/N=N/c2ccccc2C(=O)O)cc1
CON(C)C(=O)NC1:C:C:C(Br):C:C:1,0.0,CON(C)C(=O)Nc1ccc(Br)cc1
CO[C@H]1[C@H]([C@]2(C)O[C@@H]2CC=C(C)C)[C@]2(CC[C@H]1OC(=O)NC(=O)CCl)CO2,1.0,CO[C@@H]1[C@H](OC(=O)NC(=O)CCl)CC[C@]2(CO2)[C@H]1[C@]1(C)O[C@@H]1CC=C(C)C
COC(=O)[C@H]1[C@@H](O)CC[C@H]2CN3CCC4:C(:[NH]:C5:C:C:C:C:C:4:5)[C@@H]3C[C@@H]21,0.0,COC(=O)[C@@H]1[C@H]2C[C@H]3c4[nH]c5ccccc5c4CCN3C[C@@H]2CC[C@@H]1O
CC[C@]12CCCN3CCC4:C(:N(:C5:C:C:C:C:C:4:5)[C@@](O)(C(=O)OC)C1)[C@@H]32,0.0,CC[C@]12CCCN3CCc4c(n(c5ccccc45)[C@@](O)(C(=O)OC)C1)[C@@H]32
CC(=NC#N)N(C)CC1:C:C:C(Cl):N:C:1,0.0,CC(=NC#N)N(C)Cc1ccc(Cl)nc1
CCCCCCC(C)OC(=O)COC1:N:C(F):C(Cl):C(N):C:1Cl,0.0,CCCCCCC(C)OC(=O)COc1nc(F)c(Cl)c(N)c1Cl
C=CC(=O)NC1:C:C2:C(NC3:C:C:C(F):C(Cl):C:3):N:C:N:C:2:C:C:1OCCCN1CCOCC1,1.0,C=CC(=O)Nc1cc2c(Nc3ccc(F)c(Cl)c3)ncnc2cc1OCCCN1CCOCC1
C1:C:N:C2:C:C3:C(:C:C:2:N:1)C1CNCC3C1,0.0,c1cnc2cc3c(cc2n1)C1CNCC3C1
CCC(=O)N(C1:C:C:C:C:C:1)C1CCN(C(C)CC2:C:C:C:S:2)CC1,1.0,CCC(=O)N(c1ccccc1)C1CCN(C(C)Cc2cccs2)CC1
CCC(=O)N(C1:C:C:C:C:C:1)C1CCN(CC(O)C2:C:C:C:C:C:2)CC1,0.0,CCC(=O)N(c1ccccc1)C1CCN(CC(O)c2ccccc2)CC1
NC1:C(Cl):C:C(Cl):C:C:1Cl,0.0,Nc1c(Cl)cc(Cl)cc1Cl
O=C(O)C(Cl)(Cl)Cl,0.0,O=C(O)C(Cl)(Cl)Cl
FC(F)(Cl)C(F)(Cl)Cl,0.0,FC(F)(Cl)C(F)(Cl)Cl
CCCCCCCC(=O)OCC(COC(=O)CCCCCCC)OC(=O)CCCCCCC,0.0,CCCCCCCC(=O)OCC(COC(=O)CCCCCCC)OC(=O)CCCCCCC
BrC(Br)Br,0.0,BrC(Br)Br
NC1:C:C:C(OC2:C:C:C(N):C(N):C:2):C:C:1,1.0,Nc1ccc(Oc2ccc(N)c(N)c2)cc1
CC1(C)O[C@@H]2C[C@H]3[C@@H]4CCC5=CC(=O)C=C[C@]5(C)[C@@]4(F)[C@@H](O)C[C@]3(C)[C@]2(C(=O)CO)O1,0.0,CC1(C)O[C@@H]2C[C@H]3[C@@H]4CCC5=CC(=O)C=C[C@]5(C)[C@@]4(F)[C@@H](O)C[C@]3(C)[C@]2(C(=O)CO)O1
O=S1OC[C@@H]2[C@H](CO1)[C@]1(Cl)C(Cl)=C(Cl)[C@@]2(Cl)C1(Cl)Cl,1.0,O=S1OC[C@@H]2[C@H](CO1)[C@]1(Cl)C(Cl)=C(Cl)[C@@]2(Cl)C1(Cl)Cl
CC1:C:C2:N:C(N):S:C:2:C:C:1C,0.0,Cc1cc2nc(N)sc2cc1C
NC1:C:C(Cl):C:C:C:1O,1.0,Nc1cc(Cl)ccc1O
NC1:C:C(Cl):C([N+](=O)[O-]):C:C:1O,1.0,Nc1cc(Cl)c([N+](=O)[O-])cc1O
NC1:N:C2:C(Cl):C:C:C:C:2:S:1,1.0,Nc1nc2c(Cl)cccc2s1
CC1:C:C(=O):N(C2:C:C:C:C:C:2):N:1C,0.0,Cc1cc(=O)n(-c2ccccc2)n1C
CCOC1:C:C:C(NC(C)=O):C:C:1,0.0,CCOc1ccc(NC(C)=O)cc1
CC/C=C/CCO,0.0,CC/C=C/CCO
O=CC1:C:C:C(Cl):C:C:1Cl,0.0,O=Cc1ccc(Cl)cc1Cl
C1:C:C:C(SSC2:C:C:C:C:C:2):C:C:1,0.0,c1ccc(SSc2ccccc2)cc1
CCOC(=O)C1:C:C:C:C(N):C:1,0.0,CCOC(=O)c1cccc(N)c1
CC/C=C\CCO,0.0,CC/C=C\CCO
COC1:C:C:C(OC):C(NC(=O)CC(C)=O):C:1,0.0,COc1ccc(OC)c(NC(=O)CC(C)=O)c1
COP(=O)(NC(C)=O)SC,0.0,COP(=O)(NC(C)=O)SC
C1=CC2:C:C:C:C3:C:C:C:C1:C:2:3,0.0,C1=Cc2cccc3cccc1c23
ON(CC1:C:C:C:C:C:1)CC1:C:C:C:C:C:1,0.0,ON(Cc1ccccc1)Cc1ccccc1
N#CC1:C:C:C(Cl):C:C:1,0.0,N#Cc1ccc(Cl)cc1
CC(C)CCCC(=O)O,0.0,CC(C)CCCC(=O)O
COC(=O)C1:C:C:C:C:C:1Cl,0.0,COC(=O)c1ccccc1Cl
NCCN1CCNC1=O,0.0,NCCN1CCNC1=O
CC1=C(Br)C(=O)C(Br)=C/C1=C(\C1:C:C:C:C:C:1S(=O)(=O)[O-])C1:C:C(Br):C(O):C(Br):C:1C,0.0,CC1=C(Br)C(=O)C(Br)=C/C1=C(\c1ccccc1S(=O)(=O)[O-])c1cc(Br)c(O)c(Br)c1C
COC(C)(C)CCCC(C)CC=O,0.0,COC(C)(C)CCCC(C)CC=O
NC(=O)C1:C:C:C(N):C:C:1,0.0,NC(=O)c1ccc(N)cc1
ClP(Cl)(Cl)(Cl)Cl,0.0,ClP(Cl)(Cl)(Cl)Cl
CCC(Cl)CC(Cl)C(Cl)C(Cl)C(Cl)C(C)Cl,0.0,CCC(Cl)CC(Cl)C(Cl)C(Cl)C(Cl)C(C)Cl
C=C[Si](C)(C)O[Si](C)(C)C=C,0.0,C=C[Si](C)(C)O[Si](C)(C)C=C
NNC(=O)C1:C:C:C:C(C(=O)NN):C:1,0.0,NNC(=O)c1cccc(C(=O)NN)c1
COP(=O)(OC)O/C(=C\Cl)C1:C:C(Cl):C(Cl):C:C:1Cl,1.0,COP(=O)(OC)O/C(=C\Cl)c1cc(Cl)c(Cl)cc1Cl
CN1CCCCC1CCN1C2:C:C:C:C:C:2SC2:C:C:C(S(C)=O):C:C:21,0.0,CN1CCCCC1CCN1c2ccccc2Sc2ccc(S(C)=O)cc21
CCCC(C)(COC(N)=O)COC(N)=O,0.0,CCCC(C)(COC(N)=O)COC(N)=O
C[C@H]1C[C@H]2[C@@H]3CCC4=CC(=O)C=C[C@]4(C)[C@H]3C(=O)C[C@]2(C)[C@@]1(O)C(=O)CO,0.0,C[C@H]1C[C@H]2[C@@H]3CCC4=CC(=O)C=C[C@]4(C)[C@H]3C(=O)C[C@]2(C)[C@@]1(O)C(=O)CO
CC1:C:C(C):C:C(OCC2CNC(=O)O2):C:1,0.0,Cc1cc(C)cc(OCC2CNC(=O)O2)c1
N#CSCC1:C:C:C:C:C:1,0.0,N#CSCc1ccccc1
O=C(O[C@@H](C(=O)O)[C@@H](OC(=O)C1:C:C:C:C:C:1)C(=O)O)C1:C:C:C:C:C:1,0.0,O=C(O[C@@H](C(=O)O)[C@@H](OC(=O)c1ccccc1)C(=O)O)c1ccccc1
O=S(=O)(O)C1:C:C(Cl):C(Cl):C:C:1Cl,0.0,O=S(=O)(O)c1cc(Cl)c(Cl)cc1Cl
CNC.O=C(O)COC1:C:C:C(Cl):C:C:1Cl,0.0,CNC.O=C(O)COc1ccc(Cl)cc1Cl
NC1:C:C:N([C@@H]2O[C@H](CO)[C@@H](O)[C@@H]2O):C(=O):N:1,0.0,Nc1ccn([C@@H]2O[C@H](CO)[C@@H](O)[C@@H]2O)c(=O)n1
CC1:C:C:C(C(C)(C)O):C:C:1,0.0,Cc1ccc(C(C)(C)O)cc1
CCCC(=O)OC(=O)CCC,0.0,CCCC(=O)OC(=O)CCC
CC(C)=CCC/C(C)=C\CO,0.0,CC(C)=CCC/C(C)=C\CO
COC1:C:C(C2:C:C:C(N):C(OC):C:2):C:C:C:1N,1.0,COc1cc(-c2ccc(N)c(OC)c2)ccc1N
CCCCCCC(O)CCCCCCCCCCC(=O)O,1.0,CCCCCCC(O)CCCCCCCCCCC(=O)O
CC(C)=CCC/C(C)=C/CO,0.0,CC(C)=CCC/C(C)=C/CO
CC(C)=CCCC(C)CCO,0.0,CC(C)=CCCC(C)CCO
CCCCON=O,0.0,CCCCON=O
CN1[C@H]2CC[C@@H]1C[C@H](OC(=O)C(CO)C1:C:C:C:C:C:1)C2.CN1[C@H]2CC[C@@H]1C[C@H](OC(=O)C(CO)C1:C:C:C:C:C:1)C2,0.0,CN1[C@@H]2CC[C@H]1C[C@@H](OC(=O)C(CO)c1ccccc1)C2.CN1[C@@H]2CC[C@H]1C[C@@H](OC(=O)C(CO)c1ccccc1)C2
C[C@@H](O)[C@H]1C(=O)N2C(C(=O)O)=C(S[C@@H]3CN[C@H](CNS(N)(=O)=O)C3)[C@H](C)[C@H]12,0.0,C[C@@H](O)[C@H]1C(=O)N2C(C(=O)O)=C(S[C@@H]3CN[C@H](CNS(N)(=O)=O)C3)[C@H](C)[C@H]12
C1:C:N:C:C:N:1,0.0,c1cnccn1
C1CS1,0.0,C1CS1
O=C1:[NH]:C:N:C2:C:C:C:C:C:1:2,0.0,O=c1[nH]cnc2ccccc12
O=C(C(=O)C1:C:C:C:O:1)C1:C:C:C:O:1,1.0,O=C(C(=O)c1ccco1)c1ccco1
CC(=O)OCC(=O)NCCCOC1:C:C:C:C(CN2CCCCC2):C:1,0.0,CC(=O)OCC(=O)NCCCOc1cccc(CN2CCCCC2)c1
CNC[C@H](O)C1:C:C:C(O):C(O):C:1,0.0,CNC[C@H](O)c1ccc(O)c(O)c1
N=C(N)NCCCC[C@@H]1NC(=O)CCSSC[C@@H](C(N)=O)NC(=O)[C@@H]2CCCN2C(=O)[C@H](CC2:C:[NH]:C3:C:C:C:C:C:2:3)NC(=O)[C@H](CC(=O)O)NC(=O)CNC1=O,0.0,N=C(N)NCCCC[C@@H]1NC(=O)CCSSC[C@@H](C(N)=O)NC(=O)[C@@H]2CCCN2C(=O)[C@H](Cc2c[nH]c3ccccc23)NC(=O)[C@H](CC(=O)O)NC(=O)CNC1=O
CCCN(CCOC1:C(Cl):C:C(Cl):C:C:1Cl)C(=O)N1:C:C:N:C:1,1.0,CCCN(CCOc1c(Cl)cc(Cl)cc1Cl)C(=O)n1ccnc1
CSC1:N:C(NC(C)C):N:C(NC(C)C):N:1,0.0,CSc1nc(NC(C)C)nc(NC(C)C)n1
N[C@@H](CC1:C:C:C(N(CCCl)CCCl):C:C:1)C(=O)O,0.0,N[C@@H](Cc1ccc(N(CCCl)CCCl)cc1)C(=O)O
C=CCC1:C:C(OC):C(O):C(C(=O)NCCO):C:1,1.0,C=CCc1cc(OC)c(O)c(C(=O)NCCO)c1
NC1:N:C(=O):C2:N:C:N(CCC(CO)CO):C:2:[NH]:1,0.0,Nc1nc(=O)c2ncn(CCC(CO)CO)c2[nH]1
CN1:C(NCCN(CCO)CCCC2:C:C:C([N+](=O)[O-]):C:C:2):C:C(=O):N(C):C:1=O,0.0,Cn1c(NCCN(CCO)CCCc2ccc([N+](=O)[O-])cc2)cc(=O)n(C)c1=O
CCOC(=O)COC1:C:C:C2:C(C):C(CCN(CC)CC):C(=O):O:C:2:C:1Cl,0.0,CCOC(=O)COc1ccc2c(C)c(CCN(CC)CC)c(=O)oc2c1Cl
CO[C@H]1C=CO[C@@]2(C)OC3:C(C):C(O):C4:C(:C:3C2=O)C2=NC3(CCN(CC(C)C)CC3)NC2=C(NC(=O)C(C)=CC=C[C@H](C)[C@H](O)[C@@H](C)[C@@H](O)[C@@H](C)[C@H](OC(C)=O)[C@@H]1C)C4=O,1.0,CO[C@H]1C=CO[C@@]2(C)Oc3c(C)c(O)c4c(c3C2=O)C2=NC3(CCN(CC(C)C)CC3)NC2=C(NC(=O)C(C)=CC=C[C@H](C)[C@H](O)[C@@H](C)[C@@H](O)[C@@H](C)[C@H](OC(C)=O)[C@@H]1C)C4=O
CCOC(=O)C1:C:C:C:C:C:1OC,0.0,CCOC(=O)c1ccccc1OC
CCCCCCCOC(C)=O,0.0,CCCCCCCOC(C)=O
CC(C)C(=O)NC1:C:C:C:C(C2CN3CCSC3=N2):C:1,0.0,CC(C)C(=O)Nc1cccc(C2CN3CCSC3=N2)c1
CCCCN1:C:C:[N+](C):C:1.O=S(=O)([N-]S(=O)(=O)C(F)(F)F)C(F)(F)F,0.0,CCCCn1cc[n+](C)c1.O=S(=O)([N-]S(=O)(=O)C(F)(F)F)C(F)(F)F
BrC1:C:C:C(C2:C:C:C:C:C:2):C:C:1,0.0,Brc1ccc(-c2ccccc2)cc1
O=C(O)C(Cl)Br,1.0,O=C(O)C(Cl)Br
O=C(O)C(Cl)(Cl)Br,0.0,O=C(O)C(Cl)(Cl)Br
NC1:C(Br):C:C([N+](=O)[O-]):C:C:1[N+](=O)[O-],1.0,Nc1c(Br)cc([N+](=O)[O-])cc1[N+](=O)[O-]
NC(CCC(=O)O)C(=O)O,0.0,NC(CCC(=O)O)C(=O)O
CC[N+]1:C:C:C:C:C:1,1.0,CC[n+]1ccccc1
CC(C)C(=O)NC1:C:C:C:C(C(F)(F)F):C:1,0.0,CC(C)C(=O)Nc1cccc(C(F)(F)F)c1
CCCCC(O)/C=C(C)/C=C/C=C/C(=O)N1CCCC1=O,0.0,CCCCC(O)/C=C(C)/C=C/C=C/C(=O)N1CCCC1=O
CCCC[N+]1:C:C:C:C:C:1.F[B-](F)(F)F,0.0,CCCC[n+]1ccccc1.F[B-](F)(F)F
CCOCCN1:C(C2CCN(CCC3:C:C:C(C(C)(C)C(=O)O):C:C:3)CC2):N:C2:C:C:C:C:C:2:1,0.0,CCOCCn1c(C2CCN(CCc3ccc(C(C)(C)C(=O)O)cc3)CC2)nc2ccccc21
CCC(=O)O[C@@H]1C=C2CCC3C(CCC4(C)C3CC[C@@H]4OC(=O)CC)C2CC1,0.0,CCC(=O)O[C@@H]1C=C2CCC3C(CCC4(C)C3CC[C@@H]4OC(=O)CC)C2CC1
COC1:C:C2:C(:C:C:1OC)C(=O)CC2,0.0,COc1cc2c(cc1OC)C(=O)CC2
O=C1:[NH]:C2:C:C:C:C:C:2:N:1C1CCNCC1,0.0,O=c1[nH]c2ccccc2n1C1CCNCC1
OCCCCCCCl,0.0,OCCCCCCCl
COC(=O)C(C)N(C(=O)CC1:C:C:C:C:C:1)C1:C(C):C:C:C:C:1C,1.0,COC(=O)C(C)N(C(=O)Cc1ccccc1)c1c(C)cccc1C
ClC1:C:C:C(C2(CN3:C:N:C:N:3)OCCO2):C(Cl):C:1,0.0,Clc1ccc(C2(Cn3cncn3)OCCO2)c(Cl)c1
O=C[C@@H](O)[C@H](O)[C@H](O)CO,0.0,O=C[C@@H](O)[C@H](O)[C@H](O)CO
O=C(NC1:C:C:C:C(Cl):C:1)OCC#CCCl,1.0,O=C(Nc1cccc(Cl)c1)OCC#CCCl
CSC1:N:C(N=[N+]=[N-]):N:C(NC(C)C):N:1,1.0,CSc1nc(N=[N+]=[N-])nc(NC(C)C)n1
CN1[C@H]2CC[C@@H]1CC(OC(=O)C1:C:[NH]:C3:C:C:C:C:C:1:3)C2,0.0,CN1[C@@H]2CC[C@H]1CC(OC(=O)c1c[nH]c3ccccc13)C2
NC1:C:C:C(S(=O)(=O)NC2:C:C:N:N:2C2:C:C:C:C:C:2):C:C:1,0.0,Nc1ccc(S(=O)(=O)Nc2ccnn2-c2ccccc2)cc1
CC1CN(C2:C:C3:C(:C:C:2F):C(=O):C(C(=O)O):C:N:3C2:C:C:C(F):C:C:2F)CCN1,0.0,CC1CN(c2cc3c(cc2F)c(=O)c(C(=O)O)cn3-c2ccc(F)cc2F)CCN1
C1:C:C:C2:C(:C:1):S:C1:C:C:C:C:C:1:2,0.0,c1ccc2c(c1)sc1ccccc12
OC1:C:C:C:C:C:1F,0.0,Oc1ccccc1F
FC1:C:C:C:C:C:1C1:C:C:C:C:C:1,0.0,Fc1ccccc1-c1ccccc1
CC(C)=CC(=O)C=C(C)C,0.0,CC(C)=CC(=O)C=C(C)C
CC(C)(CCC(=O)O)C(=O)O,0.0,CC(C)(CCC(=O)O)C(=O)O
CC(=O)CCC=C(C)CCC=C(C)C,0.0,CC(=O)CCC=C(C)CCC=C(C)C
CC(C)(CC(=O)O)C(=O)O,0.0,CC(C)(CC(=O)O)C(=O)O
CC(=O)C(C)=O,0.0,CC(=O)C(C)=O
CC(=O)C1=C(C)[C@@H]2C[C@]3(C1)[C@@H](CC[C@H]3C)C2(C)C,0.0,CC(=O)C1=C(C)[C@@H]2C[C@@]3(C1)[C@H](C)CC[C@H]3C2(C)C
C=COCC(C)C,0.0,C=COCC(C)C
C=C(C)C(=O)OCCOCCOCCOC(=O)C(=C)C,0.0,C=C(C)C(=O)OCCOCCOCCOC(=O)C(=C)C
CC(C)=CC=O,0.0,CC(C)=CC=O
CC(C)(C#N)C(C)(C)C#N,0.0,CC(C)(C#N)C(C)(C)C#N
CN(C)C1:C:C:C(N(C)C):C:C:1,1.0,CN(C)c1ccc(N(C)C)cc1
CN(C)CCN(C)C,0.0,CN(C)CCN(C)C
CC1:C:C(C2:C:C(C):C(N):C(C):C:2):C:C(C):C:1N,0.0,Cc1cc(-c2cc(C)c(N)c(C)c2)cc(C)c1N
CSSC,0.0,CSSC
CCOC1:C:C:C:C:C:1N,0.0,CCOc1ccccc1N
CC(C)C(C)C,0.0,CC(C)C(C)C
CCC(C)(C)C,0.0,CCC(C)(C)C
CC(Cl)(Cl)[N+](=O)[O-],0.0,CC(Cl)(Cl)[N+](=O)[O-]
CCCCCCCCC=O,0.0,CCCCCCCCC=O
CC(C)C(=O)O,0.0,CC(C)C(=O)O
O=[N+]([O-])C(Br)Br,1.0,O=[N+]([O-])C(Br)Br
CCC(C)C(C)=O,0.0,CCC(C)C(C)=O
CC(C)C=O,0.0,CC(C)C=O
CC(CCC(=O)O)C(=O)O,0.0,CC(CCC(=O)O)C(=O)O
CCCC(C)C(=O)O,0.0,CCCC(C)C(=O)O
N=C(N)NN=CC1:C(Cl):C:C:C:C:1Cl,0.0,N=C(N)NN=Cc1c(Cl)cccc1Cl
CC1:C:C:C2:C(:C:1):C1:C3:N:2CCNC3CCC1,0.0,Cc1ccc2c(c1)c1c3n2CCNC3CCC1
CCN1CCC[C@H]1CNC(=O)C1:C(OC):C:C:C(Br):C:1OC,0.0,CCN1CCC[C@H]1CNC(=O)c1c(OC)ccc(Br)c1OC
CCC1(C2:C:C:C(N):C:C:2)CCC(=O)NC1=O,0.0,CCC1(c2ccc(N)cc2)CCC(=O)NC1=O
CCOC(=O)NC1:C:C:C:C(OC(=O)NC2:C:C:C:C:C:2):C:1,0.0,CCOC(=O)Nc1cccc(OC(=O)Nc2ccccc2)c1
CC[N+](CC)(CCNC(=O)C(=O)NCC[N+](CC)(CC)CC1:C:C:C:C:C:1Cl)CC1:C:C:C:C:C:1Cl,0.0,CC[N+](CC)(CCNC(=O)C(=O)NCC[N+](CC)(CC)Cc1ccccc1Cl)Cc1ccccc1Cl
NCCCNCCSP(=O)(O)O,0.0,NCCCNCCSP(=O)(O)O
CC1(C)S[C@@H]2[C@H](/N=C/N3CCCCCC3)C(=O)N2[C@H]1C(=O)O,0.0,CC1(C)S[C@@H]2[C@H](/N=C/N3CCCCCC3)C(=O)N2[C@H]1C(=O)O
CC1:C:C:C([N+](=O)[O-]):C:C:1N,0.0,Cc1ccc([N+](=O)[O-])cc1N
NCC[C@H](O)C(=O)N[C@@H]1C[C@H](N)[C@@H](O[C@H]2O[C@H](CN)[C@@H](O)[C@H](O)[C@H]2O)[C@H](O)[C@H]1O[C@H]1O[C@H](CO)[C@@H](O)[C@H](N)[C@H]1O,0.0,NCC[C@H](O)C(=O)N[C@@H]1C[C@H](N)[C@@H](O[C@H]2O[C@H](CN)[C@@H](O)[C@H](O)[C@H]2O)[C@H](O)[C@H]1O[C@H]1O[C@H](CO)[C@@H](O)[C@H](N)[C@H]1O
O=P(O)(O)C1:C:C:C:C:C:1,0.0,O=P(O)(O)c1ccccc1
CC(=O)OCC(=O)[C@@]1(O)[C@H](OC(C)=O)C[C@H]2[C@@H]3CCC4=CC(=O)C=C[C@]4(C)[C@@]3(F)[C@@H](O)C[C@@]21C,0.0,CC(=O)OCC(=O)[C@@]1(O)[C@H](OC(C)=O)C[C@H]2[C@@H]3CCC4=CC(=O)C=C[C@]4(C)[C@@]3(F)[C@@H](O)C[C@@]21C
CC(C)C1:C:C:C:C:C:1O,0.0,CC(C)c1ccccc1O
CNC(=S)NN,0.0,CNC(=S)NN
CC(=N\O)/C(C)=N/O,0.0,CC(=N\O)/C(C)=N/O
COC1:C:C:C2:C:C:C:C:C:2:C:1,0.0,COc1ccc2ccccc2c1
O=S(=O)(O)C(F)(F)F,0.0,O=S(=O)(O)C(F)(F)F
COCCOCCOCCOCCOC,0.0,COCCOCCOCCOCCOC
O=C(OCCOCCO)C1:C:C:C:C:C:1NC1:C:C:C:C(C(F)(F)F):C:1,0.0,O=C(OCCOCCO)c1ccccc1Nc1cccc(C(F)(F)F)c1
CC(C)(SC1:C:C(C(C)(C)C):C(O):C(C(C)(C)C):C:1)SC1:C:C(C(C)(C)C):C(O):C(C(C)(C)C):C:1,0.0,CC(C)(Sc1cc(C(C)(C)C)c(O)c(C(C)(C)C)c1)Sc1cc(C(C)(C)C)c(O)c(C(C)(C)C)c1
CN1CCOC(C2:C:C:C:C:C:2)C2:C:C:C:C:C:2C1,0.0,CN1CCOC(c2ccccc2)c2ccccc2C1
CCO[Si](C)(OCC)OCC,0.0,CCO[Si](C)(OCC)OCC
CCCCC[Si](OCC)(OCC)OCC,0.0,CCCCC[Si](OCC)(OCC)OCC
CCCNC(C)C(=O)NC1:C(C):C:S:C:1C(=O)OC,0.0,CCCNC(C)C(=O)Nc1c(C)csc1C(=O)OC
CC(=O)OC1CC(C)OC(C)O1,0.0,CC(=O)OC1CC(C)OC(C)O1
COC1:C:C:C(N):C(OC):C:1,0.0,COc1ccc(N)c(OC)c1
COC1:C:C(C2:C:C:C(N=C=O):C(OC):C:2):C:C:C:1N=C=O,0.0,COc1cc(-c2ccc(N=C=O)c(OC)c2)ccc1N=C=O
O=C(O)CCCCCCCCCCC(=O)O,0.0,O=C(O)CCCCCCCCCCC(=O)O
CCC(C)NC(N)=O,0.0,CCC(C)NC(N)=O
CCCC[Sn](Cl)(Cl)CCCC,1.0,CCC[CH2][Sn]([Cl])([Cl])[CH2]CCC
C=C(C)C(=O)OCC(CC)CCCC,0.0,C=C(C)C(=O)OCC(CC)CCCC
CC(COC1:C:C:C:C:C:1)N(CCCl)CC1:C:C:C:C:C:1,1.0,CC(COc1ccccc1)N(CCCl)Cc1ccccc1
[C-]#N.[Cu+],0.0,[C-]#N.[Cu+]
COC1:N:C(C):N:C(NC(=O)NS(=O)(=O)C2:C:C:C:C:C:2Cl):N:1,0.0,COc1nc(C)nc(NC(=O)NS(=O)(=O)c2ccccc2Cl)n1
O=C1C2:C:C:C:C:C:2C(=O)C1C1:C:C:C:C:C:1,0.0,O=C1c2ccccc2C(=O)C1c1ccccc1
ClC1:C:C:C(Cl):C(Cl):C:1,0.0,Clc1ccc(Cl)c(Cl)c1
OCCN(CCO)C1:C:C:C:C:C:1,0.0,OCCN(CCO)c1ccccc1
O=C(C1:C:C:C:C:C:1)C1:C:C:C:C:C:1,0.0,O=C(c1ccccc1)c1ccccc1
CCOC1:C:C(C=O):C:C:C:1O,0.0,CCOc1cc(C=O)ccc1O
COC1:C:C(C=O):C:C:C:1O,0.0,COc1cc(C=O)ccc1O
CC(C)(C)C(=O)CCl,0.0,CC(C)(C)C(=O)CCl
CCC(C)N1:N:C:N(C2:C:C:C(N3CCN(C4:C:C:C(OC[C@H]5CO[C@](CN6:C:N:C:N:6)(C6:C:C:C(Cl):C:C:6Cl)O5):C:C:4)CC3):C:C:2):C:1=O,1.0,CCC(C)n1ncn(-c2ccc(N3CCN(c4ccc(OC[C@H]5CO[C@](Cn6cncn6)(c6ccc(Cl)cc6Cl)O5)cc4)CC3)cc2)c1=O
O=C(C1:C:C:C(F):C:C:1)C1CCN(CCN2:C(=O):[NH]:C3:C:C:C:C:C:3:C:2=O)CC1,0.0,O=C(c1ccc(F)cc1)C1CCN(CCn2c(=O)[nH]c3ccccc3c2=O)CC1
CCC(C)(C#N)/N=N/C(C)(C#N)CC,0.0,CCC(C)(C#N)/N=N/C(C)(C#N)CC
CC(S)C(=O)NCC(=O)O,0.0,CC(S)C(=O)NCC(=O)O
ClC1:C:C:C2:N:S:N:C:2:C:1NC1=NCCN1,0.0,Clc1ccc2nsnc2c1NC1=NCCN1
COC1CC(=C(C2:C:C:C:S:2)C2:C:C:C:S:2)C[N+](C)(C)C1,0.0,COC1CC(=C(c2cccs2)c2cccs2)C[N+](C)(C)C1
CC(C)(C)NC[C@H](O)COC1:N:S:N:C:1N1CCOCC1,0.0,CC(C)(C)NC[C@H](O)COc1nsnc1N1CCOCC1
CCS(=O)(=O)CCN1:C([N+](=O)[O-]):C:N:C:1C,0.0,CCS(=O)(=O)CCn1c([N+](=O)[O-])cnc1C
C=CCCCCCCCCC(=O)O,0.0,C=CCCCCCCCCC(=O)O
O=C1CCCO1,0.0,O=C1CCCO1
CC(C)(C)C1:C:C:C(O):C:C:1,0.0,CC(C)(C)c1ccc(O)cc1
CC(C)(C)C1:C:C(O):C:C:C:1O,1.0,CC(C)(C)c1cc(O)ccc1O
CC1CC(=O)O1,0.0,CC1CC(=O)O1
CCCCNC(N)=O,0.0,CCCCNC(N)=O
CCN(CC)C1:C:C:C(C(=O)C2:C:C:C:C:C:2C(=O)O):C(O):C:1,0.0,CCN(CC)c1ccc(C(=O)c2ccccc2C(=O)O)c(O)c1
NC1:C:C(S(=O)(=O)[O-]):C:C2:C:C(S(=O)(=O)O):C:C(O):C:1:2,0.0,Nc1cc(S(=O)(=O)[O-])cc2cc(S(=O)(=O)O)cc(O)c12
N#CCN(CC#N)CCN(CC#N)CC#N,0.0,N#CCN(CC#N)CCN(CC#N)CC#N
CC(O)C(CO)C(C)O,0.0,CC(O)C(CO)C(C)O
COCCOCCOCCOCCOCCO,0.0,COCCOCCOCCOCCOCCO
O=C(O)C1:C:C(Cl):C:C([N+](=O)[O-]):C:1Cl,1.0,O=C(O)c1cc(Cl)cc([N+](=O)[O-])c1Cl
CCCCCCCCCCCCCN1CC(C)OC(C)C1,0.0,CCCCCCCCCCCCCN1CC(C)OC(C)C1
COC1:C:C(C(C)(C)C):C(O):C(C(C)(C)C):C:1,0.0,COc1cc(C(C)(C)C)c(O)c(C(C)(C)C)c1
ClC1:C:C(Cl):N:C(Cl):N:1,1.0,Clc1cc(Cl)nc(Cl)n1
C[N+]1:C:C:N(CCO):C:1.F[B-](F)(F)F,0.0,C[n+]1ccn(CCO)c1.F[B-](F)(F)F
CC(CC(=O)Cl)CC(C)(C)C,0.0,CC(CC(=O)Cl)CC(C)(C)C
CCCCCCN1:C:C:[N+](C):C:1.O=S(=O)([N-]S(=O)(=O)C(F)(F)F)C(F)(F)F,1.0,CCCCCCn1cc[n+](C)c1.O=S(=O)([N-]S(=O)(=O)C(F)(F)F)C(F)(F)F
CCCC[N+]1(C)CCCCC1,0.0,CCCC[N+]1(C)CCCCC1
CC[C@H](N)C1:C:C:C:C:C:1,0.0,CC[C@H](N)c1ccccc1
ClC1:C:C:N:C(Cl):N:1,0.0,Clc1ccnc(Cl)n1
CCCC[N+]1:C:C:C:C:C:1.O=S(=O)([O-])C(F)(F)F,0.0,CCCC[n+]1ccccc1.O=S(=O)([O-])C(F)(F)F
CC/C=C\CCCCCCCCCCOC(C)=O,0.0,CC/C=C\CCCCCCCCCCOC(C)=O
CC(C)(C1:C:C:C:C:C:1)C1:C:C(N2:N:C3:C:C:C:C:C:3:N:2):C(O):C(C(C)(C)C2:C:C:C:C:C:2):C:1,0.0,CC(C)(c1ccccc1)c1cc(-n2nc3ccccc3n2)c(O)c(C(C)(C)c2ccccc2)c1
CC(=O)C1:C:C:C2:C(:C:1)CC1:C:C:C:C:C:12,1.0,CC(=O)c1ccc2c(c1)Cc1ccccc1-2
NC(=O)C1:C:N:C:C:N:1,0.0,NC(=O)c1cnccn1
CCCCC(CC)COCC1CO1,0.0,CCCCC(CC)COCC1CO1
CC(=O)OC1:C:C:C:C2:C:1C(=O)C1:C(OC(C)=O):C:C(C(=O)O):C:C:1C2=O,1.0,CC(=O)Oc1cccc2c1C(=O)c1c(OC(C)=O)cc(C(=O)O)cc1C2=O
C=C(C)C(=O)OCC(C)O,0.0,C=C(C)C(=O)OCC(C)O
CCCCCCCCBr,0.0,CCCCCCCCBr
CCCCCCCCCCCCO,0.0,CCCCCCCCCCCCO
C=CCCCCCCCCCC,0.0,C=CCCCCCCCCCC
CCCCCCCCCCCO,0.0,CCCCCCCCCCCO
COCCOCCOCCO,0.0,COCCOCCOCCO
CCCCCCCCCCCC,0.0,CCCCCCCCCCCC
COC1:C:C(S(=O)(=O)[O-]):C(C):C:C:1/N=N/C1:C(O):C:C:C2:C:C(S(=O)(=O)[O-]):C:C:C:1:2,0.0,COc1cc(S(=O)(=O)[O-])c(C)cc1/N=N/c1c(O)ccc2cc(S(=O)(=O)[O-])ccc12
COC1:C:C:C(C2:N:C3:C:C(C4=NNC(=O)CC4C):C:C:C:3:[NH]:2):C:C:1,0.0,COc1ccc(-c2nc3cc(C4=NNC(=O)CC4C)ccc3[nH]2)cc1
NC1:N:C(=O):C(Br):C(C2:C:C:C:C:C:2):[NH]:1,0.0,Nc1nc(=O)c(Br)c(-c2ccccc2)[nH]1
CC1:O:C(C):C(C(=O)NC2:C:C:C:C:C:2):C:1C,1.0,Cc1oc(C)c(C(=O)Nc2ccccc2)c1C
C[N+](C)(C)CC(O)CCl,0.0,C[N+](C)(C)CC(O)CCl
C=C(C)C(=O)NCCCN(C)C,0.0,C=C(C)C(=O)NCCCN(C)C
OC[C@H]1O[C@@H](OC2:C:C:C(O):C:C:2)[C@H](O)[C@@H](O)[C@@H]1O,0.0,OC[C@H]1O[C@@H](Oc2ccc(O)cc2)[C@H](O)[C@@H](O)[C@@H]1O
O=C(NCNC(=O)NC1C(=O)NC(=O)N1CO)NC1C(=O)NC(=O)N1CO,0.0,O=C(NCNC(=O)NC1C(=O)NC(=O)N1CO)NC1C(=O)NC(=O)N1CO
C=C(C)C(=O)OCC(CC)(COC(=O)C(=C)C)COC(=O)C(=C)C,0.0,C=C(C)C(=O)OCC(CC)(COC(=O)C(=C)C)COC(=O)C(=C)C
O=P(Cl)(OC1:C:C:C:C:C:1)OC1:C:C:C:C:C:1,0.0,O=P(Cl)(Oc1ccccc1)Oc1ccccc1
OC1:C:C:C(CC2:C:C:C:C:C:2O):C:C:1,1.0,Oc1ccc(Cc2ccccc2O)cc1
CO[Si](CCCN1:C(=O):N(CCC[Si](OC)(OC)OC):C(=O):N(CCC[Si](OC)(OC)OC):C:1=O)(OC)OC,0.0,CO[Si](CCCn1c(=O)n(CCC[Si](OC)(OC)OC)c(=O)n(CCC[Si](OC)(OC)OC)c1=O)(OC)OC
CCC(CO)CO,0.0,CCC(CO)CO
CC(CN)CC(C)(C)CCN,0.0,CC(CN)CC(C)(C)CCN
C=CC1:C:C:C(OC(C)=O):C:C:1,1.0,C=Cc1ccc(OC(C)=O)cc1
CC(C)CC(C)(N)C#N,0.0,CC(C)CC(C)(N)C#N
CC(=O)OC1(C2:C:C:C:C:C:2)CCN(CCC2:C:C:C:C:C:2)CC1,0.0,CC(=O)OC1(c2ccccc2)CCN(CCc2ccccc2)CC1
O=S(=O)([O-])C1:C:C:C2:C:C(O):C:C:C:2:C:1,0.0,O=S(=O)([O-])c1ccc2cc(O)ccc2c1
CNC(=S)[S-],0.0,CNC(=S)[S-]
CC(C)COC(=O)CC(C(=O)OCC(C)C)S(=O)(=O)[O-],0.0,CC(C)COC(=O)CC(C(=O)OCC(C)C)S(=O)(=O)[O-]
CC1(C)C(=O)N(Br)C(=O)N1Cl,1.0,CC1(C)C(=O)N(Br)C(=O)N1Cl
CCCCCCCCCCCCCCCCCC(=O)OCC(O)CO,0.0,CCCCCCCCCCCCCCCCCC(=O)OCC(O)CO
[SnH2+2],0.0,[SnH2+2]
COCCO,0.0,COCCO
COC(=O)Cl,0.0,COC(=O)Cl
CC(=O)OC1:C(C):C(C):C2:C(:C:1C)CC[C@@](C)(CCC[C@H](C)CCC[C@H](C)CCCC(C)C)O2,0.0,CC(=O)Oc1c(C)c(C)c2c(c1C)CC[C@@](C)(CCC[C@H](C)CCC[C@H](C)CCCC(C)C)O2
CC(=O)NC1:C:C:C(N):C:C:1,0.0,CC(=O)Nc1ccc(N)cc1
CC(=O)NC1:C:C:C:C(N):C:1,0.0,CC(=O)Nc1cccc(N)c1
NC1:C:C:C:C(N):C:1,0.0,Nc1cccc(N)c1
CCCCC1C(=O)N(C2:C:C:C:C:C:2)N(C2:C:C:C:C:C:2)C1=O,0.0,CCCCC1C(=O)N(c2ccccc2)N(c2ccccc2)C1=O
C1:C:C:C(NC2:C:C:C3:C:C:C:C:C:3:C:2):C:C:1,1.0,c1ccc(Nc2ccc3ccccc3c2)cc1
CC1=NN(C2:C:C:C:C:C:2)C(=O)C1,0.0,CC1=NN(c2ccccc2)C(=O)C1
N=C(N)NC(=O)C1:N:C(Cl):C(N):N:C:1N,1.0,N=C(N)NC(=O)c1nc(Cl)c(N)nc1N
NC1:C:C:C(N):C:C:1,1.0,Nc1ccc(N)cc1
CC1=CC[C@H]2C[C@@H]1C2(C)C,0.0,CC1=CC[C@H]2C[C@@H]1C2(C)C
CCCCCCCCCCCCCCCCCCOCCO,0.0,CCCCCCCCCCCCCCCCCCOCCO
CN1C(=O)C2:C:C:C:C:C:2C1=O,0.0,CN1C(=O)c2ccccc2C1=O
COC(=O)C(C)O,0.0,COC(=O)C(C)O
C1=CCC=C1,0.0,C1=CCC=C1
CCNC1:N:C(NC(C)C):N:C(SC):N:1,0.0,CCNc1nc(NC(C)C)nc(SC)n1
COC(=O)C1:C:C:C:C:C:1S(=O)(=O)NC(=O)NC1:N:C(C):N:C(OC):N:1,0.0,COC(=O)c1ccccc1S(=O)(=O)NC(=O)Nc1nc(C)nc(OC)n1
CNC(=O)O/N=C/C(C)(C)S(C)(=O)=O,0.0,CNC(=O)O/N=C/C(C)(C)S(C)(=O)=O
O=C1OC[C@H](CC2:C:C:C:C(O):C:2)[C@H]1CC1:C:C:C:C(O):C:1,0.0,O=C1OC[C@H](Cc2cccc(O)c2)[C@H]1Cc1cccc(O)c1
CC(C)(C)C1:C:C:C(N):C:C:1,0.0,CC(C)(C)c1ccc(N)cc1
CCCC1:C:C:C(N):C:C:1,0.0,CCCc1ccc(N)cc1
CCCCC1:O:C2:C:C:C:C:C:2:C:1C(=O)C1:C:C(I):C(OCCN(CC)CC):C(I):C:1,0.0,CCCCc1oc2ccccc2c1C(=O)c1cc(I)c(OCCN(CC)CC)c(I)c1
CN1CCC2:C:C:C:C3:C:2[C@H]1CC1:C:C:C(O):C(O):C:13.CN1CCC2:C:C:C:C3:C:2[C@H]1CC1:C:C:C(O):C(O):C:13,1.0,CN1CCc2cccc3c2[C@H]1Cc1ccc(O)c(O)c1-3.CN1CCc2cccc3c2[C@H]1Cc1ccc(O)c(O)c1-3
C=C1C[C@H]2[C@@H]3C=C(C)C4=CC(=O)CC[C@]4(C)[C@H]3CC[C@]2(C)[C@@]1(OC(C)=O)C(C)=O,1.0,C=C1C[C@H]2[C@@H]3C=C(C)C4=CC(=O)CC[C@]4(C)[C@H]3CC[C@]2(C)[C@@]1(OC(C)=O)C(C)=O
CC(C)COC(=O)C=CC1:C:C:C:C:C:1,0.0,CC(C)COC(=O)C=Cc1ccccc1
C=CC(Cl)CCl,0.0,C=CC(Cl)CCl
OC1:C:C:C:C:C:1CC1:C:C:C:C:C:1O,1.0,Oc1ccccc1Cc1ccccc1O
CCC(=O)NC1:C:C:C(Cl):C(Cl):C:1,0.0,CCC(=O)Nc1ccc(Cl)c(Cl)c1
NC12CC3CC(CC(C3)C1)C2,0.0,NC12CC3CC(CC(C3)C1)C2
CCC(C)(C1:C:C:C(O):C:C:1)C1:C:C:C(O):C:C:1,1.0,CCC(C)(c1ccc(O)cc1)c1ccc(O)cc1
CCC1:C:C:C:C(C):C:1N(C(=O)CCl)C(C)COC,1.0,CCc1cccc(C)c1N(C(=O)CCl)C(C)COC
CC(O)C1CCCCC1,0.0,CC(O)C1CCCCC1
CNC1(C)C2CCC(C2)C1(C)C,0.0,CNC1(C)C2CCC(C2)C1(C)C
CNC[C@H](O)[C@@H](O)[C@H](O)[C@H](O)CO,0.0,CNC[C@H](O)[C@@H](O)[C@H](O)[C@H](O)CO
C[N+](C)(C)CCCCCC[N+](C)(C)C,0.0,C[N+](C)(C)CCCCCC[N+](C)(C)C
COC(=O)C1(O)C2:C:C:C:C:C:2C2:C:C:C:C:C:21,0.0,COC(=O)C1(O)c2ccccc2-c2ccccc21
COC1:C:C:C2:C3:C:1O[C@H]1[C@H](O)CC[C@H]4[C@@H](C2)N(C)CC[C@@]341,0.0,COc1ccc2c3c1O[C@H]1[C@H](O)CC[C@H]4[C@@H](C2)N(C)CC[C@@]341
CS(=O)(=O)C1:C:C(C(F)(F)F):C:C:C:1C(=O)C1:C:N:O:C:1C1CC1,0.0,CS(=O)(=O)c1cc(C(F)(F)F)ccc1C(=O)c1cnoc1C1CC1
CC1:C(C(=O)C2:C:N:N(C):C:2O):C:C:C(S(C)(=O)=O):C:1C1=NOCC1,0.0,Cc1c(C(=O)c2cnn(C)c2O)ccc(S(C)(=O)=O)c1C1=NOCC1
CC(C)(C)C1:C:C:C(CCC=O):C:C:1,0.0,CC(C)(C)c1ccc(CCC=O)cc1
CCCCC(=O)OCC(=O)[C@H]1[C@H](C)C[C@H]2[C@@H]3C[C@H](F)C4=CC(=O)C=C[C@]4(C)[C@@]3(F)[C@@H](O)C[C@@]21C,0.0,CCCCC(=O)OCC(=O)[C@H]1[C@H](C)C[C@H]2[C@@H]3C[C@H](F)C4=CC(=O)C=C[C@]4(C)[C@@]3(F)[C@@H](O)C[C@@]21C
COC(=O)CCCCCCCCC(=O)OC,0.0,COC(=O)CCCCCCCCC(=O)OC
O=[Se]([O-])[O-],0.0,O=[Se]([O-])[O-]
CCOC(=S)[S-],1.0,CCOC(=S)[S-]
CCCCN(CCCC)C(=S)[S-],0.0,CCCCN(CCCC)C(=S)[S-]
COC1:C:C:C(C2:C:C(=S):S:S:2):C:C:1,1.0,COc1ccc(-c2cc(=S)ss2)cc1
CCCCCCCCCCCCCCCCBr,0.0,CCCCCCCCCCCCCCCCBr
CC1=C(C=O)C(C)(C)CC=C1,0.0,CC1=C(C=O)C(C)(C)CC=C1
CCCCC/C(=C/C1:C:C:C:C:C:1)CO,0.0,CCCCC/C(=C/c1ccccc1)CO
CC(C)C[C@H](NC(=O)[C@H](CC1:C:C:C:C:C:1)NC(=O)C1:C:N:C:C:N:1)B(O)O,1.0,CC(C)C[C@H](NC(=O)[C@H](Cc1ccccc1)NC(=O)c1cnccn1)B(O)O
CCN(CC)C(=O)C(C)OC1:C:C:C:C2:C:C:C:C:C:1:2,0.0,CCN(CC)C(=O)C(C)Oc1cccc2ccccc12
ClC1:C:C:C:C(C(Cl)(Cl)Cl):N:1,0.0,Clc1cccc(C(Cl)(Cl)Cl)n1
CC(C)COC(=O)COC1:C:C:C(Cl):C:C:1Cl,0.0,CC(C)COC(=O)COc1ccc(Cl)cc1Cl
CCOC(=O)COC1:C:C:C(Cl):C:C:1Cl,0.0,CCOC(=O)COc1ccc(Cl)cc1Cl
CCOC(=O)C=CC(=O)O,1.0,CCOC(=O)C=CC(=O)O
N#CCNCC#N,0.0,N#CCNCC#N
OC1:C:C:C(C2(C3:C:C:C(O):C:C:3)CCCCC2):C:C:1,1.0,Oc1ccc(C2(c3ccc(O)cc3)CCCCC2)cc1
NC1:C:C2:C3:C(:C:1)C(C1:C:C:C:C:C:1)=N[C@@H](NC(=O)C1:C:C:C:N:C:1)C(=O)N3CC2,0.0,Nc1cc2c3c(c1)C(c1ccccc1)=N[C@@H](NC(=O)c1cccnc1)C(=O)N3CC2
CSC1:C:C:C(OC2:C:C:C(S(N)(=O)=O):C:C:2CN(C)C):C:C:1C,0.0,CSc1ccc(Oc2ccc(S(N)(=O)=O)cc2CN(C)C)cc1C
CC(C)C1:N:N:C2:C:C:C(C3:O:C:N:C:3C3:C:C(F):C:C:C:3F):C:N:1:2,0.0,CC(C)c1nnc2ccc(-c3ocnc3-c3cc(F)ccc3F)cn12
O=C(O)CN1:C(=O):N(CC2:C:C:C(Br):C:C:2F):C(=O):C2:C:C:C(Cl):C:C:2:1,0.0,O=C(O)Cn1c(=O)n(Cc2ccc(Br)cc2F)c(=O)c2ccc(Cl)cc21
CCOC1:C:C:C:C([C@]2(N3CCN(C4:C:C:C:C:C:4)CC3)CC[C@@H](C)CC2):C:1,0.0,CCOc1cccc([C@]2(N3CCN(c4ccccc4)CC3)CC[C@@H](C)CC2)c1
CC(=O)NCCCS(=O)(=O)[O-].CC(=O)NCCCS(=O)(=O)[O-],1.0,CC(=O)NCCCS(=O)(=O)[O-].CC(=O)NCCCS(=O)(=O)[O-]
CC1:C:C:C(Br):C:C:1,0.0,Cc1ccc(Br)cc1
OCCCCO,0.0,OCCCCO
C(CCOCC1CO1)COCC1CO1,1.0,C(CCOCC1CO1)COCC1CO1
CCCC=NO,0.0,CCCC=NO
C/C(=N/NC(=O)C1:C:C:N:C:C:1)C(=O)O,0.0,C/C(=N/NC(=O)c1ccncc1)C(=O)O
COC1:C:C:C2:C(:C:1)CCCC2=O,0.0,COc1ccc2c(c1)CCCC2=O
O=C1CC2(CCCC2)CC(=O)N1,0.0,O=C1CC2(CCCC2)CC(=O)N1
CCCCCN(CCCOC)C(=O)C(CCC(=O)O)NC(=O)C1:C:C:C(Cl):C(Cl):C:1,0.0,CCCCCN(CCCOC)C(=O)C(CCC(=O)O)NC(=O)c1ccc(Cl)c(Cl)c1
C/C(=N\O)[C@@H](C)NCC(C)(C)CN[C@H](C)/C(C)=N/O,0.0,C/C(=N\O)[C@@H](C)NCC(C)(C)CN[C@H](C)/C(C)=N/O
CCC1:C:C2:C:C(OC):C(OC):C:C:2:C(CC2:C:C:C:C:C:2):N:1,0.0,CCc1cc2cc(OC)c(OC)cc2c(Cc2ccccc2)n1
CC[N+]1(CC)CCC(OC(=O)C(O)(C2:C:C:C:C:C:2)C2:C:C:C:C:C:2)C1,0.0,CC[N+]1(CC)CCC(OC(=O)C(O)(c2ccccc2)c2ccccc2)C1
COC1:C:C2:C(:C:C:1OC)CN(C(=O)[C@H](C)N[C@@H](CCC1:C:C:C:C:C:1)C(=O)O)[C@H](C(=O)O)C2,0.0,COc1cc2c(cc1OC)CN(C(=O)[C@H](C)N[C@@H](CCc1ccccc1)C(=O)O)[C@H](C(=O)O)C2
CC[S+](C)CC.O=S(=O)([N-]S(=O)(=O)C(F)(F)F)C(F)(F)F,0.0,CC[S+](C)CC.O=S(=O)([N-]S(=O)(=O)C(F)(F)F)C(F)(F)F
CCCCCCCCN1:C:C:[N+](C):C:1.O=S(=O)([N-]S(=O)(=O)C(F)(F)F)C(F)(F)F,1.0,CCCCCCCCn1cc[n+](C)c1.O=S(=O)([N-]S(=O)(=O)C(F)(F)F)C(F)(F)F
Cl[Au](Cl)Cl,1.0,[Cl][Au]([Cl])[Cl]
CC(=O)OC(C)C1:C:C:C:C:C:1,0.0,CC(=O)OC(C)c1ccccc1
CC1:C:C:C(S(=O)(=O)[O-]):C(C):C:1,0.0,Cc1ccc(S(=O)(=O)[O-])c(C)c1
OCCCC1:C:C:C:C:C:1,0.0,OCCCc1ccccc1
CCCCCCCCOC(=O)C1:C:C:C(O):C:C:1,0.0,CCCCCCCCOC(=O)c1ccc(O)cc1
CN1:C:N:C2:N:C:N:C(N):C:2:1,0.0,Cn1cnc2ncnc(N)c21
COC1:C:C:C(Br):C(C):C:1,0.0,COc1ccc(Br)c(C)c1
OC1:C(Cl):C(Cl):C:C(Cl):C:1Cl,1.0,Oc1c(Cl)c(Cl)cc(Cl)c1Cl
O=[N+]([O-])C1:C:C:C(S(=O)(=O)O):C([N+](=O)[O-]):C:1,1.0,O=[N+]([O-])c1ccc(S(=O)(=O)O)c([N+](=O)[O-])c1
CCCCCC1=CCCC1=O,0.0,CCCCCC1=CCCC1=O
O=C1OC(=O)C2:C(Cl):C(Cl):C(Cl):C(Cl):C:21,0.0,O=C1OC(=O)c2c(Cl)c(Cl)c(Cl)c(Cl)c21
C=CC(=O)OCCOCCOCCOCCOC(=O)C=C,1.0,C=CC(=O)OCCOCCOCCOCCOC(=O)C=C
O=C[O-],0.0,O=C[O-]
CC(C)(C)OC(=O)C1:C:C:C:C(N):C:1,0.0,CC(C)(C)OC(=O)c1cccc(N)c1
CC1:C:C:C2:C:C:C:C:C:2:C:1C,0.0,Cc1ccc2ccccc2c1C
CC1:C:C:C([N+](=O)[O-]):C:C:1C,0.0,Cc1ccc([N+](=O)[O-])cc1C
CC1:C:C:C:C([N+](=O)[O-]):C:1C,0.0,Cc1cccc([N+](=O)[O-])c1C
CC1:C:C:C([N+](=O)[O-]):C(C):C:1,0.0,Cc1ccc([N+](=O)[O-])c(C)c1
CC1:C:C:C:C(C):C:1[N+](=O)[O-],0.0,Cc1cccc(C)c1[N+](=O)[O-]
CC1:C:C:C(C):C([N+](=O)[O-]):C:1,1.0,Cc1ccc(C)c([N+](=O)[O-])c1
CC1:C:C(C):C:C([N+](=O)[O-]):C:1,0.0,Cc1cc(C)cc([N+](=O)[O-])c1
CCO[Si](CC)(OCC)OCC,0.0,CCO[Si](CC)(OCC)OCC
CCOC1:C:C(OP(=S)(OC)OC):N:C(CC):N:1,0.0,CCOc1cc(OP(=S)(OC)OC)nc(CC)n1
COP(=S)(OC)OC1:C:C:C(S(=O)(=O)N(C)C):C:C:1,0.0,COP(=S)(OC)Oc1ccc(S(=O)(=O)N(C)C)cc1
CCC=O,0.0,CCC=O
O=C(O)CC(=O)O,1.0,O=C(O)CC(=O)O
CC(=O)C(=O)O,1.0,CC(=O)C(=O)O
CCCCCCCCCCCCCCC(=O)O,0.0,CCCCCCCCCCCCCCC(=O)O
CO[C@]12C[C@@H](COC(=O)C3:C:N:C:C(Br):C:3)CN(C)[C@@H]1CC1:C:N(C):C3:C:C:C:C2:C:1:3,0.0,CO[C@]12C[C@@H](COC(=O)c3cncc(Br)c3)CN(C)[C@@H]1Cc1cn(C)c3cccc2c13
NCCCC[C@H](N[C@@H](CCC1:C:C:C:C:C:1)C(=O)O)C(=O)N1CCC[C@H]1C(=O)O,0.0,NCCCC[C@H](N[C@@H](CCc1ccccc1)C(=O)O)C(=O)N1CCC[C@H]1C(=O)O
CCCCC(=O)O,0.0,CCCCC(=O)O
O=C(O)CC1:C:C:C:C:C:1,0.0,O=C(O)Cc1ccccc1
O=C(O)/C=C/C1:C:[NH]:C:N:1,0.0,O=C(O)/C=C/c1c[nH]cn1
C[Si](CN1:C:N:C:N:1)(C1:C:C:C(F):C:C:1)C1:C:C:C(F):C:C:1,0.0,C[Si](Cn1cncn1)(c1ccc(F)cc1)c1ccc(F)cc1
NNC(=O)C1:C:C:C:N:C:1,0.0,NNC(=O)c1cccnc1
O=C(O)C1:C:C:C:N:C:1,0.0,O=C(O)c1cccnc1
O=[N+]([O-])[O-].[Na+],0.0,O=[N+]([O-])[O-].[Na+]
CCOC(=O)NC(=S)NC1:C:C:C:C:C:1NC(=S)NC(=O)OCC,0.0,CCOC(=O)NC(=S)Nc1ccccc1NC(=S)NC(=O)OCC
O=C(O)CN(CC(=O)O)CC(=O)O,1.0,O=C(O)CN(CC(=O)O)CC(=O)O
CC(CCC(=O)O)(C1:C:C:C(O):C:C:1)C1:C:C:C(O):C:C:1,0.0,CC(CCC(=O)O)(c1ccc(O)cc1)c1ccc(O)cc1
O=C(O)C1:C:N(C2:C:C:C(F):C:C:2):C2:C:C(N3CCNCC3):C(F):C:C:2:C:1=O,0.0,O=C(O)c1cn(-c2ccc(F)cc2)c2cc(N3CCNCC3)c(F)cc2c1=O
CC1:N:C:C([N+](=O)[O-]):N:1CC(C)O,0.0,Cc1ncc([N+](=O)[O-])n1CC(C)O
CCN1:C:C(C(=O)O):C(=O):C2:C:C(F):C(N3CCN(C)CC3):C:C:2:1,0.0,CCn1cc(C(=O)O)c(=O)c2cc(F)c(N3CCN(C)CC3)cc21
CN(C)CCC1:C:[NH]:C2:C:C:C(C[C@H]3COC(=O)N3):C:C:1:2,0.0,CN(C)CCc1c[nH]c2ccc(C[C@H]3COC(=O)N3)cc12
C[C@]12CC[C@H]3[C@@H](C=CC4=CC(=O)CC[C@@]43C)[C@@H]1CC[C@@]21CCC(=O)O1,1.0,C[C@]12CCC(=O)C=C1C=C[C@@H]1[C@@H]2CC[C@@]2(C)[C@H]1CC[C@@]21CCC(=O)O1
CC(C)NCC(O)COC1:C:C:C:C2:[NH]:C:C:C:1:2,0.0,CC(C)NCC(O)COc1cccc2[nH]ccc12
CC1=C(C/C=C(\C)CCC[C@H](C)CCC[C@H](C)CCCC(C)C)C(=O)C2:C:C:C:C:C:2C1=O,0.0,CC1=C(C/C=C(\C)CCC[C@H](C)CCC[C@H](C)CCCC(C)C)C(=O)c2ccccc2C1=O
O=C(O)C1:C:C:C:C:C:1C(=O)NC1:C:C:C(S(=O)(=O)NC2:N:C:C:S:2):C:C:1,0.0,O=C(O)c1ccccc1C(=O)Nc1ccc(S(=O)(=O)Nc2nccs2)cc1
CNC(=O)OC1:C:C:C2:C(:C:1)[C@]1(C)CCN(C)[C@@H]1N2C,1.0,CNC(=O)Oc1ccc2c(c1)[C@]1(C)CCN(C)[C@@H]1N2C
CCN1:C:C(C(=O)O):C(=O):C2:C:N:C(N3CCNCC3):N:C:2:1,0.0,CCn1cc(C(=O)O)c(=O)c2cnc(N3CCNCC3)nc21
C=CC1:C:C:C:C(CCl):C:1,1.0,C=Cc1cccc(CCl)c1
CCOP(=O)(OCC)SCCSCC,0.0,CCOP(=O)(OCC)SCCSCC
C=CC1:C:C:C(C(C)(C)C):C:C:1,0.0,C=Cc1ccc(C(C)(C)C)cc1
CCCCN,0.0,CCCCN
CC(C)[C@H](C(=O)OC(C#N)C1:C:C:C:C(OC2:C:C:C:C:C:2):C:1)C1:C:C:C(OC(F)F):C:C:1,0.0,CC(C)[C@H](C(=O)OC(C#N)c1cccc(Oc2ccccc2)c1)c1ccc(OC(F)F)cc1
N#CCC#N,0.0,N#CCC#N
CCNCC,0.0,CCNCC
O=C1:C(C2:C:C:C(O):C:C:2):C:O:C2:C:C(O):C:C(O):C:1:2,1.0,O=c1c(-c2ccc(O)cc2)coc2cc(O)cc(O)c12
CCCCCCCCCC(=O)N(C)C,0.0,CCCCCCCCCC(=O)N(C)C
NC1:N:C2:N:C:[NH]:C:2:C(=S):[NH]:1,1.0,Nc1nc2nc[nH]c2c(=S)[nH]1
CC1(C)C2=CCCC(C)(C)[C@]23CC[C@H]1C3,0.0,CC1(C)C2=CCCC(C)(C)[C@]23CC[C@H]1C3
CC(CCO)CCCC(C)(C)O,0.0,CC(CCO)CCCC(C)(C)O
NC1:N:C2:C(:N:C:N:2COC(CO)CO):C(=O):[NH]:1,0.0,Nc1nc2c(ncn2COC(CO)CO)c(=O)[nH]1
CC1:C:C(N):N(C2:C:C:C:C:C:2):N:1,0.0,Cc1cc(N)n(-c2ccccc2)n1
C=C(C)C(=O)OCCOCCOCCOCCOC(=O)C(=C)C,1.0,C=C(C)C(=O)OCCOCCOCCOCCOC(=O)C(=C)C
COC1:C:C2:N:C:N:C(NC3:C:C:C(F):C(Cl):C:3):C:2:C:C:1OCCCN1CCOCC1,1.0,COc1cc2ncnc(Nc3ccc(F)c(Cl)c3)c2cc1OCCCN1CCOCC1
COC1:C:C:C(CN2CCNCC2):C(OC):C:1OC,0.0,COc1ccc(CN2CCNCC2)c(OC)c1OC
NC1:C:C:C(S(=O)(=O)NC2:C:C:C:C:N:2):C:C:1,0.0,Nc1ccc(S(=O)(=O)Nc2ccccn2)cc1
CC1:C:C(NS(=O)(=O)C2:C:C:C(N):C:C:2):N:O:1,0.0,Cc1cc(NS(=O)(=O)c2ccc(N)cc2)no1
COC1:C:C:C2:C(:C:1):C1:C3:N:2CCN(C)C3=NCC1,0.0,COc1ccc2c(c1)c1c3n2CCN(C)C3=NCC1
CCN(CC)C1:C:C:C(C(=C2C=CC(=[N+](CC)CC)C=C2)C2:C:C:C(S(=O)(=O)[O-]):C:C:2S(=O)(=O)[O-]):C:C:1,0.0,CCN(CC)c1ccc(C(=C2C=CC(=[N+](CC)CC)C=C2)c2ccc(S(=O)(=O)[O-])cc2S(=O)(=O)[O-])cc1
CCCCOC(=O)C1:C:C:C(O):C:C:1,1.0,CCCCOC(=O)c1ccc(O)cc1
CCC(C)C1:C:C([N+](=O)[O-]):C:C([N+](=O)[O-]):C:1O,1.0,CCC(C)c1cc([N+](=O)[O-])cc([N+](=O)[O-])c1O
CCCCCl,0.0,CCCCCl
CCCCOC(=O)C1:C:C:C:C:C:1C(=O)OCC1:C:C:C:C:C:1,0.0,CCCCOC(=O)c1ccccc1C(=O)OCc1ccccc1
CCC[C@@H]1O[C@@H]2C[C@H]3[C@@H]4CCC5=CC(=O)C=C[C@]5(C)[C@H]4[C@@H](O)C[C@]3(C)[C@]2(C(=O)CO)O1,1.0,CCC[C@@H]1O[C@@H]2C[C@H]3[C@@H]4CCC5=CC(=O)C=C[C@]5(C)[C@H]4[C@@H](O)C[C@]3(C)[C@]2(C(=O)CO)O1
OCCBr,1.0,OCCBr
O=C([O-])CCCOC1:C:C:C(Cl):C:C:1Cl,0.0,O=C([O-])CCCOc1ccc(Cl)cc1Cl
CCCCCC[N+]1:C:C:C:C:C:1.F[B-](F)(F)F,0.0,CCCCCC[n+]1ccccc1.F[B-](F)(F)F
ClC1:N:N:C(Cl):C2:C:C:C:C:C:1:2,1.0,Clc1nnc(Cl)c2ccccc12
CC(C)CCCO,0.0,CC(C)CCCO
CC/C=C/CCCCCCCCCCOC(C)=O,0.0,CC/C=C/CCCCCCCCCCOC(C)=O
C=CC(=O)OCCCCOC(=O)C=C,1.0,C=CC(=O)OCCCCOC(=O)C=C
COC(=O)C1:C(C(F)F):N:C(C(F)(F)F):C(C2=NCCS2):C:1CC(C)C,0.0,COC(=O)c1c(C(F)F)nc(C(F)(F)F)c(C2=NCCS2)c1CC(C)C
CCCCN1:C:C:[N+](C):C:1,0.0,CCCCn1cc[n+](C)c1
CCCCCCI,0.0,CCCCCCI
CC1:C:C:C:C2:C:1:C:C1:C:C:C3:C:C:C:C4:C:C:C:2:C:1:C:3:4,1.0,Cc1cccc2c1cc1ccc3cccc4ccc2c1c34
CCCCCCCCCCCCCCCBr,0.0,CCCCCCCCCCCCCCCBr
CCOP(=S)(OC1:C:N:C(C(C)(C)C):N:C:1)OC(C)C,0.0,CCOP(=S)(Oc1cnc(C(C)(C)C)nc1)OC(C)C
CCOC(=O)CS,0.0,CCOC(=O)CS
COP(=S)(OC)OC1:C:C:C(SC2:C:C:C(OP(=S)(OC)OC):C:C:2):C:C:1,0.0,COP(=S)(OC)Oc1ccc(Sc2ccc(OP(=S)(OC)OC)cc2)cc1
CCCCCC[N+]1:C:C:C:C:C:1.O=S(=O)([O-])C(F)(F)F,1.0,CCCCCC[n+]1ccccc1.O=S(=O)([O-])C(F)(F)F
CCCOC(=O)C(C)O,0.0,CCCOC(=O)C(C)O
CC(O)CN(CCN(CC(C)O)CC(C)O)CC(C)O,0.0,CC(O)CN(CCN(CC(C)O)CC(C)O)CC(C)O
CCCCCCC(C=O)=CC1:C:C:C:C:C:1,0.0,CCCCCCC(C=O)=Cc1ccccc1
C1:C:C:C(C2:C:C:C(C3:C:C:C:C:C:3):C:C:2):C:C:1,0.0,c1ccc(-c2ccc(-c3ccccc3)cc2)cc1
OC(CCCN1CCCCC1)(C1:C:C:C:C:C:1)C1:C:C:C:C:C:1,0.0,OC(CCCN1CCCCC1)(c1ccccc1)c1ccccc1
CC(C)(C#N)/N=N/C(C)(C)C#N,0.0,CC(C)(C#N)/N=N/C(C)(C)C#N
CCCCC(CC)COC(=O)C1:C(Br):C(Br):C(Br):C(Br):C:1C(=O)OCC(CC)CCCC,0.0,CCCCC(CC)COC(=O)c1c(Br)c(Br)c(Br)c(Br)c1C(=O)OCC(CC)CCCC
CCC(C)(C)C1:C:C(N2:N:C3:C:C:C:C:C:3:N:2):C(O):C(C(C)(C)CC):C:1,0.0,CCC(C)(C)c1cc(-n2nc3ccccc3n2)c(O)c(C(C)(C)CC)c1
CC/C=C\C#N,0.0,CC/C=C\C#N
CC(C)OCC1CO1,0.0,CC(C)OCC1CO1
CC(C)OC(=O)CC1:C:C:C:C:C:1,0.0,CC(C)OC(=O)Cc1ccccc1
CC(C)NC1:C:C:C(NC2:C:C:C:C:C:2):C:C:1,1.0,CC(C)Nc1ccc(Nc2ccccc2)cc1
FC1:C:C:C(OC2:C:C:N:C3:C:C(Cl):C:C(Cl):C:2:3):C:C:1,1.0,Fc1ccc(Oc2ccnc3cc(Cl)cc(Cl)c23)cc1
COP(OC)OC,0.0,COP(OC)OC
CC1:C:C:C([N+](=O)[O-]):C:C:1S(=O)(=O)O,0.0,Cc1ccc([N+](=O)[O-])cc1S(=O)(=O)O
CC(C)(C)CC(C)(C)C1:C:C:C(OCCO):C:C:1,1.0,CC(C)(C)CC(C)(C)c1ccc(OCCO)cc1
O=C1:[N-]:C2:[NH]:C(=O):[NH]:C(=O):C:2:[NH]:1,0.0,O=c1[n-]c2[nH]c(=O)[nH]c(=O)c2[nH]1
CCCCCCCCC1CO1,0.0,CCCCCCCCC1CO1
CCCC(=O)O[C@]1(C(=O)CCl)[C@@H](C)C[C@H]2[C@@H]3CCC4=CC(=O)C=C[C@]4(C)[C@@]3(F)C(=O)C[C@@]21C,1.0,CCCC(=O)O[C@]1(C(=O)CCl)[C@@H](C)C[C@H]2[C@@H]3CCC4=CC(=O)C=C[C@]4(C)[C@@]3(F)C(=O)C[C@@]21C
NC1:N:C:N:C2:C:1:N:C:N:2[C@@H]1O[C@H](COP(=O)(O)O)[C@@H](O)[C@H]1O,0.0,Nc1ncnc2c1ncn2[C@@H]1O[C@H](COP(=O)(O)O)[C@@H](O)[C@H]1O
CCOC(=O)N(C)C(=O)CSP(=S)(OCC)OCC,0.0,CCOC(=O)N(C)C(=O)CSP(=S)(OCC)OCC
CC/C=C\CC/C=C/CO,0.0,CC/C=C\CC/C=C/CO
C=C(C)CCC[C@H](C)CCO,0.0,C=C(C)CCC[C@H](C)CCO
CCCCCCCCC1CCC(=O)O1,0.0,CCCCCCCCC1CCC(=O)O1
C=CC(C)(CCC=C(C)C)OC(=O)C1:C:C:C:C:C:1,0.0,C=CC(C)(CCC=C(C)C)OC(=O)c1ccccc1
CC1CCC2:N:C:C:N:C:21,0.0,CC1CCc2nccnc21
CCCCCCCCCCCCCCC1CO1,0.0,CCCCCCCCCCCCCCC1CO1
CC1CCC(C(C)(C)S)C(=O)C1,0.0,CC1CCC(C(C)(C)S)C(=O)C1
CCCC(C)C(=O)OCC,0.0,CCCC(C)C(=O)OCC
CCCC1:C:C:C(O):C(OC):C:1,0.0,CCCc1ccc(O)c(OC)c1
OC[P+](CO)(CO)CO.OC[P+](CO)(CO)CO,1.0,OC[P+](CO)(CO)CO.OC[P+](CO)(CO)CO
OC[P+](CO)(CO)CO,1.0,OC[P+](CO)(CO)CO
C1:C:C:C2:[NH]:C(C3:C:S:C:N:3):N:C:2:C:1,0.0,c1ccc2[nH]c(-c3cscn3)nc2c1
CN1:C(=O):C2:[NH]:C:N:C:2:N(C):C:1=O,0.0,Cn1c(=O)c2[nH]cnc2n(C)c1=O
CN(C)CCN(CC1:C:C:S:C:1)C1:C:C:C:C:N:1,0.0,CN(C)CCN(Cc1ccsc1)c1ccccn1
O=[N+]([O-])C([N+](=O)[O-])([N+](=O)[O-])[N+](=O)[O-],1.0,O=[N+]([O-])C([N+](=O)[O-])([N+](=O)[O-])[N+](=O)[O-]
CS(=O)(=O)C1:C:C:C([C@@H](O)[C@@H](CO)NC(=O)C(Cl)Cl):C:C:1,0.0,CS(=O)(=O)c1ccc([C@@H](O)[C@@H](CO)NC(=O)C(Cl)Cl)cc1
CC1:C:C:C(S(N)(=O)=O):C:C:1,0.0,Cc1ccc(S(N)(=O)=O)cc1
CON(C)C(=O)NC1:C:C:C(Cl):C:C:1,0.0,CON(C)C(=O)Nc1ccc(Cl)cc1
O=C(O)C1:C:C(C(=O)O):C:C(C(=O)O):C:1,0.0,O=C(O)c1cc(C(=O)O)cc(C(=O)O)c1
O=C(O)C1:C:C:C:C(C(=O)O):C:1,0.0,O=C(O)c1cccc(C(=O)O)c1
O=C(O)C1:C:C:C:C:C:1C(=O)O,0.0,O=C(O)c1ccccc1C(=O)O
O=C(O)C1:C:C:C(C(=O)O):C(C(=O)O):C:1,0.0,O=C(O)c1ccc(C(=O)O)c(C(=O)O)c1
O=C(O)C1:C:C:C:C(C(=O)O):C:1C(=O)O,0.0,O=C(O)c1cccc(C(=O)O)c1C(=O)O
CC(C)OC(=O)C1:C:C(C(=O)OC(C)C):C:C([N+](=O)[O-]):C:1,0.0,CC(C)OC(=O)c1cc(C(=O)OC(C)C)cc([N+](=O)[O-])c1
CC1CCCO1,0.0,CC1CCCO1
O=C(O)C1:C:C:C(S(=O)(=O)O):C:C:1C(=O)O,0.0,O=C(O)c1ccc(S(=O)(=O)O)cc1C(=O)O
NN1:C:N:N:C:1,0.0,Nn1cnnc1
O=C1O[C@H]([C@H](O)CO)C(O)=C1O,0.0,O=C1O[C@H]([C@H](O)CO)C(O)=C1O
COC1:C:C:N:C(CS(=O)C2:N:C3:C:C(OC(F)F):C:C:C:3:[N-]:2):C:1OC,1.0,COc1ccnc(CS(=O)c2nc3cc(OC(F)F)ccc3[n-]2)c1OC
CCCCC1:N:C:C(/C=C(\CC2:C:C:C:S:2)C(=O)O):N:1CC1:C:C:C(C(=O)O):C:C:1,0.0,CCCCc1ncc(/C=C(\Cc2cccs2)C(=O)O)n1Cc1ccc(C(=O)O)cc1
CC(C)[C@H](N)C(=O)OCCOCN1:C:N:C2:C(=O):[NH]:C(N):N:C:2:1,0.0,CC(C)[C@H](N)C(=O)OCCOCn1cnc2c(=O)[nH]c(N)nc21
CNC(=O)OC1:C:C(C):C:C(C(C)C):C:1,0.0,CNC(=O)Oc1cc(C)cc(C(C)C)c1
CC1:C:C:S:C:1C(=CCCN1CCC[C@@H](C(=O)O)C1)C1:S:C:C:C:1C,0.0,Cc1ccsc1C(=CCCN1CCC[C@@H](C(=O)O)C1)c1sccc1C
COC1:C:C(C):N:C(N2:N:C(C):C:C:2OC):N:1,0.0,COc1cc(C)nc(-n2nc(C)cc2OC)n1
OC(CCN1CCCC1)(C1:C:C:C:C:C:1)C1CCCCC1,0.0,OC(CCN1CCCC1)(c1ccccc1)C1CCCCC1
CC(=O)OC1:C:C:C(C(C2:C:C:C(OC(C)=O):C:C:2)C2:C:C:C:C:N:2):C:C:1,0.0,CC(=O)Oc1ccc(C(c2ccc(OC(C)=O)cc2)c2ccccn2)cc1
CC1:C:C2:C(OCC(CNC(C)(C)C)OC(=O)C3:C:C:C:C:C:3):C:C:C:C:2:[NH]:1,0.0,Cc1cc2c(OCC(CNC(C)(C)C)OC(=O)c3ccccc3)cccc2[nH]1
CSC(=O)C1:C:C:C:C2:N:N:S:C:1:2,0.0,CSC(=O)c1cccc2nnsc12
CCCCC1CCC(O)CC1,0.0,CCCCC1CCC(O)CC1
CCC(=O)C1:C:C:C(Cl):C:C:1,0.0,CCC(=O)c1ccc(Cl)cc1
CC1:C:C(C):C(C(=O)O):C(C):C:1,0.0,Cc1cc(C)c(C(=O)O)c(C)c1
CCCCOC1:C:C:C(N):C:C:1,0.0,CCCCOc1ccc(N)cc1
CC(C)C(=O)C1:C:C:C:C:C:1,0.0,CC(C)C(=O)c1ccccc1
O=C(C1:C:C:C:C:C:1)C1CCC1,0.0,O=C(c1ccccc1)C1CCC1
CC(C)(C)C1:C:C:C(S):C:C:1,0.0,CC(C)(C)c1ccc(S)cc1
CCCCCCOC1:C:C:C(O):C:C:1,1.0,CCCCCCOc1ccc(O)cc1
CCCC1CCC(=O)CC1,0.0,CCCC1CCC(=O)CC1
CCCC(CC)CCCCCCCN,0.0,CCCC(CC)CCCCCCCN
C=C(C)C(=O)OCC,0.0,C=C(C)C(=O)OCC
CCOS(C)(=O)=O,0.0,CCOS(C)(=O)=O
CC=C1CC2C=CC1C2,0.0,CC=C1CC2C=CC1C2
CCCCC(CC)COCCCN,0.0,CCCCC(CC)COCCCN
CCCCC(CC)COC(=O)C=CC1:C:C:C(OC):C:C:1,0.0,CCCCC(CC)COC(=O)C=Cc1ccc(OC)cc1
CCCCC(CC)COCCC#N,0.0,CCCCC(CC)COCCC#N
CCCCC(CC)COP(=O)(OC1:C:C:C:C:C:1)OC1:C:C:C:C:C:1,0.0,CCCCC(CC)COP(=O)(Oc1ccccc1)Oc1ccccc1
O=NN(CCCl)C(=O)NC1CCCCC1,0.0,O=NN(CCCl)C(=O)NC1CCCCC1
CCCCC1:N:C(Cl):C(CO):N:1CC1:C:C:C(C2:C:C:C:C:C:2C2:N:N:N:[NH]:2):C:C:1,0.0,CCCCc1nc(Cl)c(CO)n1Cc1ccc(-c2ccccc2-c2nnn[nH]2)cc1
CCOC(=O)N1CCC(=C2C3:C:C:C(Cl):C:C:3CCC3:C:C:C:N:C:32)CC1,1.0,CCOC(=O)N1CCC(=C2c3ccc(Cl)cc3CCc3cccnc32)CC1
COC1:C:C(OC):N:C(SC2:C:C:C:C(Cl):C:2C(=O)[O-]):N:1,0.0,COc1cc(OC)nc(Sc2cccc(Cl)c2C(=O)[O-])n1
CCCSP(=S)(OCC)OC1:C:C:C(SC):C:C:1,0.0,CCCSP(=S)(OCC)Oc1ccc(SC)cc1
CC1:C:N:C(C2=NC(=O)C(C)(C(C)C)N2):C(C(=O)O):C:1,0.0,Cc1cnc(C2=NC(=O)C(C)(C(C)C)N2)c(C(=O)O)c1
CC1:C:C(Cl):C:C:C:1OCC(=O)[O-],0.0,Cc1cc(Cl)ccc1OCC(=O)[O-]
O=C(CS)NC1:C:C:C:C:C:1,0.0,O=C(CS)Nc1ccccc1
COC1:C:C:C(CCN(C)CCCC(C#N)(C2:C:C:C(OC):C(OC):C:2)C(C)C):C:C:1OC,0.0,COc1ccc(CCN(C)CCCC(C#N)(c2ccc(OC)c(OC)c2)C(C)C)cc1OC
C[Si](C)(C)O[Si](C)(C)C,0.0,C[Si](C)(C)O[Si](C)(C)C
C=C(C)CC(C)(C)C,0.0,C=C(C)CC(C)(C)C
CC(C)=CC(C)(C)C,0.0,CC(C)=CC(C)(C)C
COC1:C:C(C(=S)N2CCOCC2):C:C:C:1O,0.0,COc1cc(C(=S)N2CCOCC2)ccc1O
CN1:C(=N):[NH]:C2:[NH]:C:N:C:2:C:1=O,0.0,Cn1c(=N)[nH]c2[nH]cnc2c1=O
COC1:C:C2:[NH]:C(=O):[NH]:C(=O):C:2:C:C:1OC,0.0,COc1cc2[nH]c(=O)[nH]c(=O)c2cc1OC
C[C@H]1[C@@H](C2:C:C:C:C:C:2)N=C(O)N1C,0.0,C[C@H]1[C@@H](c2ccccc2)N=C(O)N1C
CCOC(=O)CC(=O)C1:C:C(F):C(Cl):N:C:1Cl,0.0,CCOC(=O)CC(=O)c1cc(F)c(Cl)nc1Cl
CCC(C=O)CC,0.0,CCC(C=O)CC
CC(=O)NC(=O)C1:C:C:C:C:C:1O,0.0,CC(=O)NC(=O)c1ccccc1O
CCCCN1CCCC1C(=O)NC1:C(C):C:C(C):C:C:1C,0.0,CCCCN1CCCC1C(=O)Nc1c(C)cc(C)cc1C
CNC1:C:N:N(C2:C:C:C:C(C(F)(F)F):C:2):C(=O):C:1Cl,0.0,CNc1cnn(-c2cccc(C(F)(F)F)c2)c(=O)c1Cl
BrC1:C:C(OC2:C:C(Br):C(Br):C(Br):C:2Br):C(Br):C(Br):C:1Br,0.0,Brc1cc(Oc2cc(Br)c(Br)c(Br)c2Br)c(Br)c(Br)c1Br
OCC(Br)=C(Br)CO,0.0,OCC(Br)=C(Br)CO
N#CC(Br)Br,1.0,N#CC(Br)Br
CC(C)OC1:C:C(N2:N:C(C(C)(C)C):O:C:2=O):C(Cl):C:C:1Cl,1.0,CC(C)Oc1cc(-n2nc(C(C)(C)C)oc2=O)c(Cl)cc1Cl
C=C(C#N)CCC#N,1.0,C=C(C#N)CCC#N
CC1(C)CC2:C:C:C:C(O):C:2O1,0.0,CC1(C)Cc2cccc(O)c2O1
SC1CCCCC1,0.0,SC1CCCCC1
CCCCOCCOCCOCCOCCO,0.0,CCCCOCCOCCOCCOCCO
O=S(=O)([O-])CCO,0.0,O=S(=O)([O-])CCO
CC1:C:C:C(OC(=O)C2:C:C:C:C:C:2O):C:C:1,0.0,Cc1ccc(OC(=O)c2ccccc2O)cc1
C=CCOCC(O)CS(=O)(=O)[O-],0.0,C=CCOCC(O)CS(=O)(=O)[O-]
COC(=O)CCCCC(CCSS/C(CCO)=C(\C)N(C=O)CC1:C:N:C(C):N:C:1N)SC(C)=O,0.0,COC(=O)CCCCC(CCSS/C(CCO)=C(\C)N(C=O)Cc1cnc(C)nc1N)SC(C)=O
CC1:C:C(=O):O:C2:C:C(O[C@@H]3SC[C@@H](O)[C@H](O)[C@H]3O):C:C:C:1:2,0.0,Cc1cc(=O)oc2cc(O[C@@H]3SC[C@@H](O)[C@H](O)[C@H]3O)ccc12
COC1:C:C:C(C):C:C:1N,0.0,COc1ccc(C)cc1N
CC(C)NC(=O)C1:C:C:C(C=O):C:C:1,0.0,CC(C)NC(=O)c1ccc(C=O)cc1
CCCCOCCOC(=O)C1:C:C:C:N:C:1,0.0,CCCCOCCOC(=O)c1cccnc1
COC1:C:C(CC#N):C:C(OC):C:1OC,0.0,COc1cc(CC#N)cc(OC)c1OC
CC(=O)OC[C@H]1O[C@@H](OC(C)=O)[C@H](OC(C)=O)[C@@H]1OC(C)=O,0.0,CC(=O)OC[C@H]1O[C@@H](OC(C)=O)[C@H](OC(C)=O)[C@@H]1OC(C)=O
CCC(=O)O[C@]1(C(=O)COC)[C@@H](C)C[C@H]2[C@@H]3CCC4=CC(=O)C=C[C@]4(C)C3(F)[C@@H](O)C[C@@]21C,0.0,CCC(=O)O[C@]1(C(=O)COC)[C@@H](C)C[C@H]2[C@@H]3CCC4=CC(=O)C=C[C@]4(C)C3(F)[C@@H](O)C[C@@]21C
C#CC(C)(CC)OC(=O)C1:C:C:C:C:C:1C(=O)O,0.0,C#CC(C)(CC)OC(=O)c1ccccc1C(=O)O
CCCCCOC1:C:C:C:C:C:1/C(=C\SC)N1:C:C:N:C:1,1.0,CCCCCOc1ccccc1/C(=C\SC)n1ccnc1
CC[Hg]SC1:C:C:C:C:C:1C(=O)[O-],1.0,C[CH2][Hg][S]c1ccccc1C(=O)[O-]
C=C(C)C(=O)O,0.0,C=C(C)C(=O)O
CC1(C)[C@H](C=C(Cl)Cl)[C@@H]1C(=O)O[C@@H](C#N)C1:C:C:C:C(OC2:C:C:C:C:C:2):C:1,0.0,CC1(C)[C@H](C=C(Cl)Cl)[C@@H]1C(=O)O[C@@H](C#N)c1cccc(Oc2ccccc2)c1
O=C(O)C1:C:C(Br):C(O):C(Br):C:1,0.0,O=C(O)c1cc(Br)c(O)c(Br)c1
CCCCC(CC)COC(=O)C1:C:C:C:C:C:1,0.0,CCCCC(CC)COC(=O)c1ccccc1
COC(=O)C1:C(C):C:C(O):C(C):C:1O,0.0,COC(=O)c1c(C)cc(O)c(C)c1O
CCCCCC1CCCC(=O)O1,0.0,CCCCCC1CCCC(=O)O1
N#CC1:C:C:C(C(=O)O):C:C:1,0.0,N#Cc1ccc(C(=O)O)cc1
NCCC1:C:C:[NH]:N:1,0.0,NCCc1cc[nH]n1
CC1:C(C2:C:C:C:C:C:2):O:C2:C(C(=O)OCCN3CCCCC3):C:C:C:C:2:C:1=O,0.0,Cc1c(-c2ccccc2)oc2c(C(=O)OCCN3CCCCC3)cccc2c1=O
COC1:C:C(N):C(Cl):C:C:1C(=O)NC1CCN(CC2:C:C:C:C:C:2)CC1,0.0,COc1cc(N)c(Cl)cc1C(=O)NC1CCN(Cc2ccccc2)CC1
CCOC(=O)NC1:C:C:C2:C(:C:1)N(C(=O)CCN1CCOCC1)C1:C:C:C:C:C:1S2,1.0,CCOC(=O)Nc1ccc2c(c1)N(C(=O)CCN1CCOCC1)c1ccccc1S2
N[C@@H]1C[C@H]1C1:C:C:C:C:C:1,0.0,N[C@@H]1C[C@H]1c1ccccc1
CNC(C)(C)CC1:C:C:C:C:C:1.CNC(C)(C)CC1:C:C:C:C:C:1,0.0,CNC(C)(C)Cc1ccccc1.CNC(C)(C)Cc1ccccc1
CC(=O)C1:C:C:C2:C(:C:1)N(CCCN(C)C)C1:C:C:C:C:C:1S2,0.0,CC(=O)c1ccc2c(c1)N(CCCN(C)C)c1ccccc1S2
C1:C:C:C(CN(CC2=NCCN2)C2:C:C:C:C:C:2):C:C:1,0.0,c1ccc(CN(CC2=NCCN2)c2ccccc2)cc1
CCC(C)C1:C:C(C(C)(C)C):C(O):C(C(C)(C)C):C:1,0.0,CCC(C)c1cc(C(C)(C)C)c(O)c(C(C)(C)C)c1
C=CC(C)CCCC(C)(C)O,0.0,C=CC(C)CCCC(C)(C)O
CC1:C:C:C:C(C#N):C:1,0.0,Cc1cccc(C#N)c1
CC(C)(C)CC(C)(C)C1:C:C:C(NC2:C:C:C(C(C)(C)CC(C)(C)C):C:C:2):C:C:1,0.0,CC(C)(C)CC(C)(C)c1ccc(Nc2ccc(C(C)(C)CC(C)(C)C)cc2)cc1
CC1:C:C:C:C:C:1N,0.0,Cc1ccccc1N
NCC1:C:C:C:C(CN):C:1,0.0,NCc1cccc(CN)c1
COC(=O)CCC(=O)OC,0.0,COC(=O)CCC(=O)OC
COP(=O)(O)OC,0.0,COP(=O)(O)OC
CNC(=O)NC,0.0,CNC(=O)NC
Cl[Dy](Cl)Cl,0.0,[Cl][Dy]([Cl])[Cl]
CC1CCC2:C:C(F):C:C3:C(=O):C(C(=O)O):C:N1:C:2:3,0.0,CC1CCc2cc(F)cc3c(=O)c(C(=O)O)cn1c23
O=C(O)CCNC(=O)C1:C:C:C:C:C:1,0.0,O=C(O)CCNC(=O)c1ccccc1
OCC(O)CN1CCN(C2:C:C:C:C:C:2)CC1,0.0,OCC(O)CN1CCN(c2ccccc2)CC1
CCCOC1:C:C:C2:[NH]:C(NC(=O)OC):N:C:2:C:1,1.0,CCCOc1ccc2[nH]c(NC(=O)OC)nc2c1
CC1:C:C(C):C(C=C2C(=O)NC3:C:C:C:C:C:32):[NH]:1,1.0,Cc1cc(C)c(C=C2C(=O)Nc3ccccc32)[nH]1
O=C1:C:C(CO):O:C:C:1O,0.0,O=c1cc(CO)occ1O
NC1:N:C(N):N:C(C2:C:C(Cl):C:C:C:2Cl):N:1,0.0,Nc1nc(N)nc(-c2cc(Cl)ccc2Cl)n1
NC(=S)NC1:C:C:C:C2:C:C:C:C:C:1:2,0.0,NC(=S)Nc1cccc2ccccc12
C1:C:C:C2:C:C(NC3:C:C:C(NC4:C:C:C5:C:C:C:C:C:5:C:4):C:C:3):C:C:C:2:C:1,0.0,c1ccc2cc(Nc3ccc(Nc4ccc5ccccc5c4)cc3)ccc2c1
C1:C:C:C2:C:C:C:C:C:2:C:1,0.0,c1ccc2ccccc2c1
CCN1:C:C(C(=O)O):C(=O):C2:C:C:C(C):N:C:2:1,0.0,CCn1cc(C(=O)O)c(=O)c2ccc(C)nc21
CS(=O)(=O)OCCCCOS(C)(=O)=O,0.0,CS(=O)(=O)OCCCCOS(C)(=O)=O
NCCNC1:C:C:C:C2:C:C:C:C:C:1:2,0.0,NCCNc1cccc2ccccc12
NC1:C:C:C:C2:C(N):C:C:C:C:1:2,1.0,Nc1cccc2c(N)cccc12
O=C(O)CC1:C:C:C:C2:C:C:C:C:C:1:2,0.0,O=C(O)Cc1cccc2ccccc12
CCCSSCCC,0.0,CCCSSCCC
CCC1(C2:C:C:C:C(O):C:2)CCCCN(C)C1,0.0,CCC1(c2cccc(O)c2)CCCCN(C)C1
NC[C@H]1O[C@H](O[C@@H]2[C@@H](N)C[C@@H](N)C(O)[C@H]2O[C@@H]2O[C@H](CO)[C@@H](O)[C@H]2O)[C@H](N)[C@@H](O)[C@@H]1O,0.0,NC[C@H]1O[C@H](O[C@H]2[C@H](O[C@@H]3O[C@H](CO)[C@@H](O)[C@H]3O)C(O)[C@H](N)C[C@@H]2N)[C@H](N)[C@@H](O)[C@@H]1O
NC1:C:C(C(Cl)=C(Cl)Cl):C(S(N)(=O)=O):C:C:1S(N)(=O)=O,0.0,Nc1cc(C(Cl)=C(Cl)Cl)c(S(N)(=O)=O)cc1S(N)(=O)=O
CC(=O)OC1:C:C:C(C2(C3:C:C:C(OC(C)=O):C:C:3)C(=O)NC3:C:C:C:C:C:32):C:C:1,0.0,CC(=O)Oc1ccc(C2(c3ccc(OC(C)=O)cc3)C(=O)Nc3ccccc32)cc1
NCCC(O)(P(=O)(O)O)P(=O)(O)O,0.0,NCCC(O)(P(=O)(O)O)P(=O)(O)O
COC1:C:C:N:C(CS(=O)C2:N:C3:C:C(OC(F)F):C:C:C:3:[NH]:2):C:1OC,1.0,COc1ccnc(CS(=O)c2nc3cc(OC(F)F)ccc3[nH]2)c1OC
CC1(C)NC(=O)NC1=O,0.0,CC1(C)NC(=O)NC1=O
CC1OC(C)OC(C)O1,0.0,CC1OC(C)OC(C)O1
CCN(CC)CCCC(C)NC1:C:C:N:C2:C:C(Cl):C:C:C:1:2,0.0,CCN(CC)CCCC(C)Nc1ccnc2cc(Cl)ccc12
NCCCN(CCO)CCO,0.0,NCCCN(CCO)CCO
NC1:C:C:C:C:N:1,0.0,Nc1ccccn1
CCOC1:C:C:C(OCC):C(Cl):C:1,0.0,CCOc1ccc(OCC)c(Cl)c1
O=C([O-])C1=NN(C2:C:C:C(S(=O)(=O)O):C:C:2)C(=O)C1,0.0,O=C([O-])C1=NN(c2ccc(S(=O)(=O)O)cc2)C(=O)C1
N#CC(Cl)(Cl)Cl,0.0,N#CC(Cl)(Cl)Cl
NC(=O)C(Cl)(Cl)Cl,1.0,NC(=O)C(Cl)(Cl)Cl
NC1:N:C(C2:C:C:C:C:C:2):C:S:1,1.0,Nc1nc(-c2ccccc2)cs1
C(=C(C1:C:C:C:C:C:1)C1:C:C:C:C:C:1)C1:C:C:C:C:C:1,0.0,C(=C(c1ccccc1)c1ccccc1)c1ccccc1
CCOCCOC(C)=O,0.0,CCOCCOC(C)=O
CCCCCCBr,0.0,CCCCCCBr
OC1:C:C:C(C(C2:C:C:C(O):C:C:2)C(Cl)(Cl)Cl):C:C:1,1.0,Oc1ccc(C(c2ccc(O)cc2)C(Cl)(Cl)Cl)cc1
C[C@@H]1O[C@@H](OC[C@H]2O[C@@H](OC3:C(C4:C:C:C(O):C(O):C:4):O:C4:C:C(O):C:C(O):C:4:C:3=O)[C@H](O)[C@@H](O)[C@@H]2O)[C@H](O)[C@H](O)[C@H]1O,0.0,C[C@@H]1O[C@@H](OC[C@H]2O[C@@H](Oc3c(-c4ccc(O)c(O)c4)oc4cc(O)cc(O)c4c3=O)[C@H](O)[C@@H](O)[C@@H]2O)[C@H](O)[C@H](O)[C@H]1O
CCNCCO,0.0,CCNCCO
C1CCCCC1,0.0,C1CCCCC1
NC1:C:C(S(=O)(=O)O):C:C:C:1O,0.0,Nc1cc(S(=O)(=O)O)ccc1O
C1:C:C:N:C:C:1,0.0,c1ccncc1
C1OCOCO1,0.0,C1OCOCO1
O=S(=O)([O-])C1:C:C:C(NC2:N:C(NC3:C:C:C(/C=C/C4:C:C:C(NC5:N:C(NC6:C:C:C(S(=O)(=O)[O-]):C:C:6):N:C(N(CCO)CCO):N:5):C:C:4S(=O)(=O)[O-]):C(S(=O)(=O)[O-]):C:3):N:C(N(CCO)CCO):N:2):C:C:1,0.0,O=S(=O)([O-])c1ccc(Nc2nc(Nc3ccc(/C=C/c4ccc(Nc5nc(Nc6ccc(S(=O)(=O)[O-])cc6)nc(N(CCO)CCO)n5)cc4S(=O)(=O)[O-])c(S(=O)(=O)[O-])c3)nc(N(CCO)CCO)n2)cc1
FB(F)F,0.0,FB(F)F
ClC1:C:C:C:C:C:1C1:C:C:C:C:C:1Cl,0.0,Clc1ccccc1-c1ccccc1Cl
CCCCOCCCC,0.0,CCCCOCCCC
CC(=O)OC1:C:C:C(C(C)=O):C:C:1,0.0,CC(=O)Oc1ccc(C(C)=O)cc1
CC(C)C1:C:C:C2:C(C(C)C):C:C(C(C)C):C(S(=O)(=O)[O-]):C:2:C:1,1.0,CC(C)c1ccc2c(C(C)C)cc(C(C)C)c(S(=O)(=O)[O-])c2c1
CC(=O)C1:C:C(C(C)(C)C):C:C2:C:1CCC2(C)C,0.0,CC(=O)c1cc(C(C)(C)C)cc2c1CCC2(C)C
CCN(CCC#N)C1:C:C:C(N=NC2:C(Cl):C:C([N+](=O)[O-]):C:C:2Cl):C:C:1,1.0,CCN(CCC#N)c1ccc(N=Nc2c(Cl)cc([N+](=O)[O-])cc2Cl)cc1
CCCCC(CC)CNCC(CC)CCCC,0.0,CCCCC(CC)CNCC(CC)CCCC
CN(C)N=O,0.0,CN(C)N=O
CCN(CC)N=O,0.0,CCN(CC)N=O
CCCCCCCCCCN1:C:C:[N+](C):C:1.O=S(=O)([N-]S(=O)(=O)C(F)(F)F)C(F)(F)F,1.0,CCCCCCCCCCn1cc[n+](C)c1.O=S(=O)([N-]S(=O)(=O)C(F)(F)F)C(F)(F)F
CCC(Cl)CCC(Cl)C(Cl)CC(Cl)C(Cl)C(Cl)CCl,0.0,CCC(Cl)CCC(Cl)C(Cl)CC(Cl)C(Cl)C(Cl)CCl
O=C(O)C1C(C(=O)O)C2(Cl)C(Cl)=C(Cl)C1(Cl)C2(Cl)Cl,0.0,O=C(O)C1C(C(=O)O)C2(Cl)C(Cl)=C(Cl)C1(Cl)C2(Cl)Cl
OC(O)C(Cl)(Cl)Cl,0.0,OC(O)C(Cl)(Cl)Cl
O=C(O)CCCC1:C:C:C(N(CCCl)CCCl):C:C:1,1.0,O=C(O)CCCc1ccc(N(CCCl)CCCl)cc1
NC1:C:C(Cl):C:C(C(=O)O):C:1Cl,0.0,Nc1cc(Cl)cc(C(=O)O)c1Cl
O=C(N[C@H](CO)[C@H](O)C1:C:C:C([N+](=O)[O-]):C:C:1)C(Cl)Cl,0.0,O=C(N[C@H](CO)[C@H](O)c1ccc([N+](=O)[O-])cc1)C(Cl)Cl
ClC1=C(Cl)[C@@]2(Cl)[C@H]3[C@H](CC(Cl)[C@@H]3Cl)C1(Cl)C2(Cl)Cl,1.0,ClC1=C(Cl)[C@@]2(Cl)[C@@H]3[C@@H](Cl)C(Cl)C[C@@H]3C1(Cl)C2(Cl)Cl
CCCCCCCCCCCCN1:C:C:[N+](C):C:1.F[B-](F)(F)F,1.0,CCCCCCCCCCCCn1cc[n+](C)c1.F[B-](F)(F)F
CCCCCCN1:C:C:[N+](C):C:1.F[B-](F)(F)F,1.0,CCCCCCn1cc[n+](C)c1.F[B-](F)(F)F
CCCN1:C:C:[N+](C):C:1.F[B-](F)(F)F,0.0,CCCn1cc[n+](C)c1.F[B-](F)(F)F
CCCN1:C:C:[N+](C):C:1C,0.0,CCCn1cc[n+](C)c1C
C1:C:C:C2:C:C3:C4:C:C:C:C:C:4:C4:C:C:C:C:C:4:C:3:C:C:2:C:1,1.0,c1ccc2cc3c4ccccc4c4ccccc4c3cc2c1
CCCC[P+](CC)(CCCC)CCCC.CCOP(=O)([O-])OCC,0.0,CCCC[P+](CC)(CCCC)CCCC.CCOP(=O)([O-])OCC
CCC(C)(CCCC(C)C)OC(C)=O,0.0,CCC(C)(CCCC(C)C)OC(C)=O
CC/C=C\CCOC(C)=O,0.0,CC/C=C\CCOC(C)=O
CC(C)=C1CC[C@@H](C)CC1=O,0.0,CC(C)=C1CC[C@@H](C)CC1=O
CC/C=C1/OC(=O)C2:C:C:C:C:C:21,0.0,CC/C=C1/OC(=O)c2ccccc21
CC1:C:C:C:C:C:1C(=O)O,0.0,Cc1ccccc1C(=O)O
CN1CCN(C2:C:C3:C(:C:C:2F):C(=O):C(C(=O)O):C:N:3C2:C:C:C(F):C:C:2)CC1,0.0,CN1CCN(c2cc3c(cc2F)c(=O)c(C(=O)O)cn3-c2ccc(F)cc2)CC1
CC1:N:C:C(COP(=O)(O)O):C(C=O):C:1O,0.0,Cc1ncc(COP(=O)(O)O)c(C=O)c1O
CCN1C(=CC=CC2:S:C3:C:C:C:C:C:3:[N+]:2CC)SC2:C:C:C:C:C:21,1.0,CCN1C(=CC=Cc2sc3ccccc3[n+]2CC)Sc2ccccc21
O=C1C2:C:C:C:C:C:2C(=O)N1CO,0.0,O=C1c2ccccc2C(=O)N1CO
O=C1:[NH]:C2:C:C:C:C:C:2:C(=O):O:1,0.0,O=c1[nH]c2ccccc2c(=O)o1
O=C(O)C1:C:C:C2:C:C(O):C:C:C:2:C:1,0.0,O=C(O)c1ccc2cc(O)ccc2c1
CCN1:C:C(C(=O)O):C(=O):C2:C:N:C(N3CCCC3):N:C:2:1,0.0,CCn1cc(C(=O)O)c(=O)c2cnc(N3CCCC3)nc21
CC1:C:C:C(C#N):C:C:1,0.0,Cc1ccc(C#N)cc1
COC1:C:C(C(=O)OCCCN2CCCN(CCCOC(=O)C3:C:C(OC):C(OC):C(OC):C:3)CC2):C:C(OC):C:1OC,1.0,COc1cc(C(=O)OCCCN2CCCN(CCCOC(=O)c3cc(OC)c(OC)c(OC)c3)CC2)cc(OC)c1OC
CCC(O)C(C)(C)C,0.0,CCC(O)C(C)(C)C
CCC(C)(C)C(=O)O,0.0,CCC(C)(C)C(=O)O
CCN1CCCC1=O,0.0,CCN1CCCC1=O
ClC(Cl)=C(Cl)Cl,0.0,ClC(Cl)=C(Cl)Cl
ClC(Cl)C(Cl)Cl,0.0,ClC(Cl)C(Cl)Cl
ClC1:C:C2:C(:C:C:1Cl)OC1:C:C(Cl):C(Cl):C:C:1O2,1.0,Clc1cc2c(cc1Cl)Oc1cc(Cl)c(Cl)cc1O2
NC1:C:C(Cl):C(C2:C:C(Cl):C(N):C:C:2Cl):C:C:1Cl,1.0,Nc1cc(Cl)c(-c2cc(Cl)c(N)cc2Cl)cc1Cl
ClCC(Cl)(Cl)Cl,0.0,ClCC(Cl)(Cl)Cl
O=C=NCCCCCCN=C=O,0.0,O=C=NCCCCCCN=C=O
NC1:C:C:C(C2:C:C:C(N):C(N):C:2):C:C:1N,1.0,Nc1ccc(-c2ccc(N)c(N)c2)cc1N
OCC1CCCO1,0.0,OCC1CCCO1
O=C(OC(=O)C1:C:C:C:C:C:1)C1:C:C:C:C:C:1,0.0,O=C(OC(=O)c1ccccc1)c1ccccc1
OC1:C:C:C(C2:C:C:C(O):C:C:2):C:C:1,1.0,Oc1ccc(-c2ccc(O)cc2)cc1
CCOC(=O)C(C)O,0.0,CCOC(=O)C(C)O
CC1:C:C(C):C(C):C:C:1C,0.0,Cc1cc(C)c(C)cc1C
CC(C)[C@@H](NC1:C:C:C(C(F)(F)F):C:C:1Cl)C(=O)OC(C#N)C1:C:C:C:C(OC2:C:C:C:C:C:2):C:1,0.0,CC(C)[C@@H](Nc1ccc(C(F)(F)F)cc1Cl)C(=O)OC(C#N)c1cccc(Oc2ccccc2)c1
CN(C)C(=O)NC1:C:C:C:C:C:1,0.0,CN(C)C(=O)Nc1ccccc1
NC1:N:C(N):N:C(Cl):N:1,0.0,Nc1nc(N)nc(Cl)n1
NC1:C:C:C:C:C:1O,1.0,Nc1ccccc1O
NC1:C:C:C:C(O):C:1,0.0,Nc1cccc(O)c1
COC(=O)C1:C:C(Cl):C:C:C:1[N+](=O)[O-],0.0,COC(=O)c1cc(Cl)ccc1[N+](=O)[O-]
CCC1(CO)COCOC1,0.0,CCC1(CO)COCOC1
ClC1:C:C:C(NC2:N:N:C(CC3:C:C:N:C:C:3):C3:C:C:C:C:C:2:3):C:C:1,1.0,Clc1ccc(Nc2nnc(Cc3ccncc3)c3ccccc23)cc1
C=CC(=O)OCC1CC2CC1C1CCC(COC(=O)C=C)C21,1.0,C=CC(=O)OCC1CC2CC1C1CCC(COC(=O)C=C)C21
CC[C@@H]([C@H](C)O)N1:N:C:N(C2:C:C:C(N3CCN(C4:C:C:C(OCC5CO[C@@](CN6:C:N:C:N:6)(C6:C:C:C(F):C:C:6F)C5):C:C:4)CC3):C:C:2):C:1=O,1.0,CC[C@@H]([C@H](C)O)n1ncn(-c2ccc(N3CCN(c4ccc(OCC5CO[C@@](Cn6cncn6)(c6ccc(F)cc6F)C5)cc4)CC3)cc2)c1=O
CNS(=O)(=O)CCC1:C:C:C2:[NH]:C:C(C3CCN(C)CC3):C:2:C:1,0.0,CNS(=O)(=O)CCc1ccc2[nH]cc(C3CCN(C)CC3)c2c1
CC1:C:C(CCC(=O)OCCOCCOCCOC(=O)CCC2:C:C(C):C(O):C(C(C)(C)C):C:2):C:C(C(C)(C)C):C:1O,0.0,Cc1cc(CCC(=O)OCCOCCOCCOC(=O)CCc2cc(C)c(O)c(C(C)(C)C)c2)cc(C(C)(C)C)c1O
OCCSCSCCO,0.0,OCCSCSCCO
C=CC(=O)N1CCOCC1,0.0,C=CC(=O)N1CCOCC1
C[C@H]1C[C@H]2[C@@H]3CCC4=CC(=O)C=C[C@]4(C)[C@@]3(F)[C@@H](O)C[C@]2(C)[C@@]1(O)C(=O)CO,0.0,C[C@H]1C[C@H]2[C@@H]3CCC4=CC(=O)C=C[C@]4(C)[C@@]3(F)[C@@H](O)C[C@]2(C)[C@@]1(O)C(=O)CO
Cl[Zr](Cl)(C1=CC=CC1)C1C=CC=C1,0.0,[Cl][Zr]([Cl])([C]1=CC=CC1)[CH]1C=CC=C1
CC(=O)N1CCN(C2:C:C:C(OC[C@H]3CO[C@](CN4:C:C:N:C:4)(C4:C:C:C(Cl):C:C:4Cl)O3):C:C:2)CC1,1.0,CC(=O)N1CCN(c2ccc(OC[C@H]3CO[C@](Cn4ccnc4)(c4ccc(Cl)cc4Cl)O3)cc2)CC1
ClC1:C:C:C:C:C:1C(C1:C:C:C:C:C:1)(C1:C:C:C:C:C:1)N1:C:C:N:C:1,1.0,Clc1ccccc1C(c1ccccc1)(c1ccccc1)n1ccnc1
O=S1(=O)OC(C2:C:C:C(O):C:C:2)(C2:C:C:C(O):C:C:2)C2:C:C:C:C:C:21,0.0,O=S1(=O)OC(c2ccc(O)cc2)(c2ccc(O)cc2)c2ccccc21
O=S(=O)(C1:C:C:C(O):C:C:1)C1:C:C:C(O):C:C:1,0.0,O=S(=O)(c1ccc(O)cc1)c1ccc(O)cc1
C=C(C)C(=O)OCC1CO1,0.0,C=C(C)C(=O)OCC1CO1
COC1:C:C:C(C(=O)C2:C:C:C:C:C:2O):C(O):C:1,0.0,COc1ccc(C(=O)c2ccccc2O)c(O)c1
O=C(C1:C:C:C:C:C:1O)C1:C:C:C:C:C:1O,1.0,O=C(c1ccccc1O)c1ccccc1O
COC1:C:C:C(C(=O)C2:C:C:C:C:C:2):C(O):C:1,0.0,COc1ccc(C(=O)c2ccccc2)c(O)c1
O=C(C1:C:C:C:C:C:1)C1:C:C:C(O):C:C:1O,1.0,O=C(c1ccccc1)c1ccc(O)cc1O
NC1:N:N:C(N):[NH]:1,0.0,Nc1nnc(N)[nH]1
CC1(C)CCC(=CC2:C:C:C(Cl):C:C:2)C1(O)CN1:C:N:C:N:1,0.0,CC1(C)CCC(=Cc2ccc(Cl)cc2)C1(O)Cn1cncn1
C=C(C)CN(CC)C1:C([N+](=O)[O-]):C:C(C(F)(F)F):C:C:1[N+](=O)[O-],0.0,C=C(C)CN(CC)c1c([N+](=O)[O-])cc(C(F)(F)F)cc1[N+](=O)[O-]
CC(=O)[C@H]1CC[C@H]2[C@@H]3CC=C4C[C@@H](O)CC[C@]4(C)[C@H]3CC[C@]12C,1.0,CC(=O)[C@H]1CC[C@H]2[C@@H]3CC=C4C[C@@H](O)CC[C@]4(C)[C@H]3CC[C@]12C
CC1:C:C:C:C(C):C:1NC(=O)C(C)N,0.0,Cc1cccc(C)c1NC(=O)C(C)N
CCCC1:N:C:C(C[N+]2:C:C:C:C:C:2C):C(N):N:1,0.0,CCCc1ncc(C[n+]2ccccc2C)c(N)n1
COC1=CC(=O)OC(CCC2:C:C:C:C:C:2)C1,0.0,COC1=CC(=O)OC(CCc2ccccc2)C1
COC1:C:C(OC):N:C(NC(=O)NS(=O)(=O)C2:N:C:C:C:C:2C(=O)N(C)C):N:1,0.0,COc1cc(OC)nc(NC(=O)NS(=O)(=O)c2ncccc2C(=O)N(C)C)n1
CCCCCCCCC(=O)NCC1:C:C:C(O):C(OC):C:1,0.0,CCCCCCCCC(=O)NCc1ccc(O)c(OC)c1
CC(=O)/C(C)=C/C1C(C)=CCCC1(C)C,0.0,CC(=O)/C(C)=C/C1C(C)=CCCC1(C)C
CC(=O)[O-].[Na+],0.0,CC(=O)[O-].[Na+]
CC(=O)[O-].[K+],0.0,CC(=O)[O-].[K+]
CC(C)CC(C)(O)C#CC(C)(O)CC(C)C,0.0,CC(C)CC(C)(O)C#CC(C)(O)CC(C)C
C=C1CCC2CC1C2(C)C,0.0,C=C1CCC2CC1C2(C)C
O=[N+]([O-])C1:C:C:C:C(S(=O)(=O)[O-]):C:1,0.0,O=[N+]([O-])c1cccc(S(=O)(=O)[O-])c1
C=CCN1CC[C@]23CCCC[C@H]2[C@H]1CC1:C:C:C(O):C:C:13,0.0,C=CCN1CC[C@]23CCCC[C@H]2[C@H]1Cc1ccc(O)cc13
CN(C)CCOC1=CC2:C:C:C:C:C:2SC2:C:C:C(Cl):C:C:21,0.0,CN(C)CCOC1=Cc2ccccc2Sc2ccc(Cl)cc21
O=C1CC2:C:C(CCN3CCN(C4:N:S:C5:C:C:C:C:C:4:5)CC3):C(Cl):C:C:2N1,0.0,O=C1Cc2cc(CCN3CCN(c4nsc5ccccc45)CC3)c(Cl)cc2N1
CC(C1:C:C2:C:C:C:C:C:2:S:1)N(O)C(N)=O,0.0,CC(c1cc2ccccc2s1)N(O)C(N)=O
N#CC1:C:C:C(C(C2:C:C:C(C#N):C:C:2)N2:C:N:C:N:2):C:C:1,0.0,N#Cc1ccc(C(c2ccc(C#N)cc2)n2cncn2)cc1
CCCCCCCCCCCC(=O)O[Sn](CCCC)(CCCC)OC(=O)CCCCCCCCCCC,1.0,CCCCCCCCCCCC(=O)[O][Sn]([CH2]CCC)([CH2]CCC)[O]C(=O)CCCCCCCCCCC
O=C(Cl)C(Cl)Cl,0.0,O=C(Cl)C(Cl)Cl
NC1:C:C(Cl):C:C:C:1Cl,0.0,Nc1cc(Cl)ccc1Cl
NC1:C:C:C(Cl):C:C:1Cl,0.0,Nc1ccc(Cl)cc1Cl
CC12CC1(C)C(=O)N(C1:C:C(Cl):C:C(Cl):C:1)C2=O,0.0,CC12CC1(C)C(=O)N(c1cc(Cl)cc(Cl)c1)C2=O
CCCCCCCCCCCC[N+](C)(C)CCCCCCCCCCCC,1.0,CCCCCCCCCCCC[N+](C)(C)CCCCCCCCCCCC
CC(C(=O)O)C1:C:C:C(C2:C:C:C:C:C:2):C(F):C:1,0.0,CC(C(=O)O)c1ccc(-c2ccccc2)c(F)c1
CC(=O)OC/C=C(\C)CC/C=C(\C)CCC=C(C)C,1.0,CC(=O)OC/C=C(\C)CC/C=C(\C)CCC=C(C)C
N[C@H]1C(O)O[C@H](CO)[C@@H](O)[C@@H]1O,0.0,N[C@H]1C(O)O[C@H](CO)[C@@H](O)[C@@H]1O
C=C(C)[C@@H]1CC[C@@H](C)C[C@@H]1O,0.0,C=C(C)[C@@H]1CC[C@@H](C)C[C@@H]1O
O=[PH](O)C1:C:C:C:C:C:1,0.0,O=[PH](O)c1ccccc1
CN(C)CCC#N,0.0,CN(C)CCC#N
CO[Si](CCCNCCN)(OC)OC,0.0,CO[Si](CCCNCCN)(OC)OC
CC(C)=CCCC(C)=CC(=O)O,0.0,CC(C)=CCCC(C)=CC(=O)O
CCCCO[PH](=O)OCCCC,0.0,CCCCO[PH](=O)OCCCC
CCCCCCCCCCCCN1:C:C:[N+](C):C:1,0.0,CCCCCCCCCCCCn1cc[n+](C)c1
CCCCCCCCCCN1:C:C:[N+](CCCCCCCCCC):C:1C,1.0,CCCCCCCCCCn1cc[n+](CCCCCCCCCC)c1C
O=C(O)CNC(=O)C1:C:C:C:C:C:1I,0.0,O=C(O)CNC(=O)c1ccccc1I
CC(C)(C)C(=O)NCCCC(=O)O,0.0,CC(C)(C)C(=O)NCCCC(=O)O
CCNC(=O)NCC1:C:C:C:C(Cl):C:1,0.0,CCNC(=O)NCc1cccc(Cl)c1
OC1:C:C:C2:C(:C:1)CC1:C:C:C:C:C:12,1.0,Oc1ccc2c(c1)Cc1ccccc1-2
CC1:N:N:C(C2:C:C:C:C:C:2):C(=O):N:1N,0.0,Cc1nnc(-c2ccccc2)c(=O)n1N
CCC(C)C(=O)OCCC1:C:C:C:C:C:1,0.0,CCC(C)C(=O)OCCc1ccccc1
FC(F)(F)C(F)(F)C(F)(F)C(F)(F)C(F)(F)C(F)(F)CCI,0.0,FC(F)(F)C(F)(F)C(F)(F)C(F)(F)C(F)(F)C(F)(F)CCI
C/C=C(\C)C(=O)OCC/C=C\CC,0.0,C/C=C(\C)C(=O)OCC/C=C\CC
CC/C=C\CCOC(=O)CCCCC,0.0,CC/C=C\CCOC(=O)CCCCC
CC1:C:C(C(C)(C)C):C(O):C(C):C:1CN1:C(=O):N(CC2:C(C):C:C(C(C)(C)C):C(O):C:2C):C(=O):N(CC2:C(C):C:C(C(C)(C)C):C(O):C:2C):C:1=O,0.0,Cc1cc(C(C)(C)C)c(O)c(C)c1Cn1c(=O)n(Cc2c(C)cc(C(C)(C)C)c(O)c2C)c(=O)n(Cc2c(C)cc(C(C)(C)C)c(O)c2C)c1=O
CC1:C:C:C:C:C:1C(N)=O,0.0,Cc1ccccc1C(N)=O
CC(=O)O[C@@H]1CC2CCC1(C)C2(C)C,0.0,CC(=O)O[C@@H]1CC2CCC1(C)C2(C)C
COC(=O)C1:C:C:C:C:C:1N,0.0,COC(=O)c1ccccc1N
CNC1:C:C:C(O):C:C:1.CNC1:C:C:C(O):C:C:1,1.0,CNc1ccc(O)cc1.CNc1ccc(O)cc1
CC1=CC[C@@H]2C[C@H]1C2(C)C,0.0,CC1=CC[C@@H]2C[C@H]1C2(C)C
COC1:C2:C:C:O:C:2:C:C2:O:C(=O):C:C:C:1:2,0.0,COc1c2ccoc2cc2oc(=O)ccc12
CC(C)(C1:C:C:C(OC2:C:C:C3:C(:C:2)C(=O)OC3=O):C:C:1)C1:C:C:C(OC2:C:C:C3:C(:C:2)C(=O)OC3=O):C:C:1,0.0,CC(C)(c1ccc(Oc2ccc3c(c2)C(=O)OC3=O)cc1)c1ccc(Oc2ccc3c(c2)C(=O)OC3=O)cc1
C1:C:C:C(CNCCNCC2:C:C:C:C:C:2):C:C:1.CC1(C)S[C@@H]2[C@H](NC(=O)CC3:C:C:C:C:C:3)C(=O)N2[C@H]1C(=O)O.CC1(C)S[C@@H]2[C@H](NC(=O)CC3:C:C:C:C:C:3)C(=O)N2[C@H]1C(=O)O,0.0,CC1(C)S[C@@H]2[C@H](NC(=O)Cc3ccccc3)C(=O)N2[C@H]1C(=O)O.CC1(C)S[C@@H]2[C@H](NC(=O)Cc3ccccc3)C(=O)N2[C@H]1C(=O)O.c1ccc(CNCCNCc2ccccc2)cc1
CCC[C@@H]1C[C@@H](C(=O)N[C@H]([C@@H](C)O)[C@H]2O[C@H](SC)[C@H](O)[C@@H](O)[C@H]2O)N(C)C1,0.0,CCC[C@@H]1C[C@@H](C(=O)N[C@@H]([C@H]2O[C@H](SC)[C@H](O)[C@@H](O)[C@H]2O)[C@@H](C)O)N(C)C1
CC(CN(C)C)C(C)(O)CC1:C:C:C(Cl):C:C:1,0.0,CC(CN(C)C)C(C)(O)Cc1ccc(Cl)cc1
CCN(CCO)CCCC(C)NC1:C:C:N:C2:C:C(Cl):C:C:C:1:2,0.0,CCN(CCO)CCCC(C)Nc1ccnc2cc(Cl)ccc12
CC1(C)NC(=O)N(C2:C:C:C([N+](=O)[O-]):C(C(F)(F)F):C:2)C1=O,1.0,CC1(C)NC(=O)N(c2ccc([N+](=O)[O-])c(C(F)(F)F)c2)C1=O
NC(=O)C(C1:C:C:C:C:C:1)(C1:C:C:C:C:C:1)[C@@H]1CCN(CCC2:C:C:C3:C(:C:2)CCO3)C1,0.0,NC(=O)C(c1ccccc1)(c1ccccc1)[C@@H]1CCN(CCc2ccc3c(c2)CCO3)C1
CN1CC(=O)N2[C@H](CC3:C(:[NH]:C4:C:C:C:C:C:3:4)[C@H]2C2:C:C:C3:C(:C:2)OCO3)C1=O,0.0,CN1CC(=O)N2[C@H](c3ccc4c(c3)OCO4)c3[nH]c4ccccc4c3C[C@@H]2C1=O
CC(C)=CCC[C@](C)(O)[C@@H]1CC=C(C)CC1,0.0,CC(C)=CCC[C@](C)(O)[C@@H]1CC=C(C)CC1
OC[C@H](O)[C@H](O)[C@@H](O)[C@H](O)CO,0.0,OC[C@@H](O)[C@H](O)[C@@H](O)[C@@H](O)CO
O=C(O)C=CC1:C:C:C(C=CC(=O)O):C:C:1,0.0,O=C(O)C=Cc1ccc(C=CC(=O)O)cc1
CN1C(C(=O)NC2:C:C:C:C:N:2)=C(O)C2:S:C:C:C:2S1(=O)=O,0.0,CN1C(C(=O)Nc2ccccn2)=C(O)c2sccc2S1(=O)=O
CC(C)[C@]12CC(=O)[C@H](C)[C@H]1C2,0.0,CC(C)[C@]12CC(=O)[C@H](C)[C@H]1C2
CCCCCNC(=N)N/N=C/C1:C:[NH]:C2:C:C:C(OC):C:C:1:2,0.0,CCCCCNC(=N)N/N=C/c1c[nH]c2ccc(OC)cc12
CC(CO)OC1:C:C:C:C:C:1,0.0,CC(CO)Oc1ccccc1
COC1:C:C:C(CN(CCN(C)C)C2:N:C:C:C:N:2):C:C:1,0.0,COc1ccc(CN(CCN(C)C)c2ncccn2)cc1
CC(CCO)CC(C)(C)C,0.0,CC(CCO)CC(C)(C)C
CCN[C@@H]1C[C@H](N)[C@@H](OC2OC(CN)=CCC2N)[C@H](O)[C@H]1O[C@H]1OC[C@](C)(O)[C@H](NC)[C@H]1O.CCN[C@@H]1C[C@H](N)[C@@H](OC2OC(CN)=CCC2N)[C@H](O)[C@H]1O[C@H]1OC[C@](C)(O)[C@H](NC)[C@H]1O,0.0,CCN[C@@H]1C[C@H](N)[C@@H](OC2OC(CN)=CCC2N)[C@H](O)[C@H]1O[C@H]1OC[C@](C)(O)[C@H](NC)[C@H]1O.CCN[C@@H]1C[C@H](N)[C@@H](OC2OC(CN)=CCC2N)[C@H](O)[C@H]1O[C@H]1OC[C@](C)(O)[C@H](NC)[C@H]1O
CCCCCCCC[Sn](Cl)(Cl)CCCCCCCC,1.0,CCCCCCC[CH2][Sn]([Cl])([Cl])[CH2]CCCCCCC
N=C(NC1:C:C:C:C:C:1)NC1:C:C:C:C:C:1,1.0,N=C(Nc1ccccc1)Nc1ccccc1
CC1:C:C:C(C):O:1,0.0,Cc1ccc(C)o1
CC(=O)C1:C:C2:C(:C:C:1C)C(C)(C)C(C)CC2(C)C,0.0,CC(=O)c1cc2c(cc1C)C(C)(C)C(C)CC2(C)C
OCCN1CCOCC1,0.0,OCCN1CCOCC1
CCSC(=O)N(CC)CC,0.0,CCSC(=O)N(CC)CC
CCCCC1:C(C):N:C(NCC):N:C:1O,0.0,CCCCc1c(C)nc(NCC)nc1O
CCCCC(CC)COCCO,0.0,CCCCC(CC)COCCO
COCCCOCCCOC,0.0,COCCCOCCCOC
CC(=O)CC(C1:C:C:C:C:C:1)C1:C([O-]):C2:C:C:C:C:C:2:O:C:1=O,0.0,CC(=O)CC(c1ccccc1)c1c([O-])c2ccccc2oc1=O
CCCC1:C:C:C(OC):C:C:1,0.0,CCCc1ccc(OC)cc1
O=N[O-],0.0,O=N[O-]
FC(F)(F)C1:C:C:C:C:C:1Cl,0.0,FC(F)(F)c1ccccc1Cl
ClCCBr,0.0,ClCCBr
O=C(O)C1:C:C:C:C(Cl):C:1,0.0,O=C(O)c1cccc(Cl)c1
O=C(O)C1:C:C:C:C:C:1Cl,0.0,O=C(O)c1ccccc1Cl
O=C(O)C1:C:C:C(Cl):C:C:1,0.0,O=C(O)c1ccc(Cl)cc1
FC(F)(F)C1:C:C:C:C(Cl):C:1,0.0,FC(F)(F)c1cccc(Cl)c1
CC(=O)OC1:C:C:C:C(C):C:1,0.0,CC(=O)Oc1cccc(C)c1
C1COCCO1,0.0,C1COCCO1
CC1:C:C([N+](=O)[O-]):C(O):C([N+](=O)[O-]):C:1,1.0,Cc1cc([N+](=O)[O-])c(O)c([N+](=O)[O-])c1
COC(=O)C(C)(C)C,0.0,COC(=O)C(C)(C)C
CC1:C:C:C:C([N+](=O)[O-]):C:1[N+](=O)[O-],1.0,Cc1cccc([N+](=O)[O-])c1[N+](=O)[O-]
CC(Br)C(=O)O,0.0,CC(Br)C(=O)O
BrC1:C:C:C(OC2:C:C:C:C:C:2):C:C:1,0.0,Brc1ccc(Oc2ccccc2)cc1
CC(=O)CCCCN1:C(=O):C2:C(:N:C:N:2C):N(C):C:1=O,0.0,CC(=O)CCCCn1c(=O)c2c(ncn2C)n(C)c1=O
CCCCCCCCCCC(=O)O,0.0,CCCCCCCCCCC(=O)O
O=C(O)C1:C:C:C:C:C:1NC1:C:C:C:C(C(F)(F)F):C:1,1.0,O=C(O)c1ccccc1Nc1cccc(C(F)(F)F)c1
COC1:N:C(NC(C)C):N:C(NC(C)C):N:1,0.0,COc1nc(NC(C)C)nc(NC(C)C)n1
CC(C)(OC1:C:C:C(CCNC(=O)C2:C:C:C(Cl):C:C:2):C:C:1)C(=O)O,0.0,CC(C)(Oc1ccc(CCNC(=O)c2ccc(Cl)cc2)cc1)C(=O)O
CC(=O)CCC1:C:C:C:C:C:1,0.0,CC(=O)CCc1ccccc1
CC1:C:C:C(N):C:C:1C,0.0,Cc1ccc(N)cc1C
CC1:C:C:C:C(NC2:C:C:N:C:C:2S(=O)(=O)NC(=O)NC(C)C):C:1,0.0,Cc1cccc(Nc2ccncc2S(=O)(=O)NC(=O)NC(C)C)c1
COC1:C:C:C:C([C@@]2(O)CCCC[C@@H]2CN(C)C):C:1,0.0,COc1cccc([C@@]2(O)CCCC[C@@H]2CN(C)C)c1
CCOC(=O)CC(SP(=O)(OC)OC)C(=O)OCC,1.0,CCOC(=O)CC(SP(=O)(OC)OC)C(=O)OCC
O=C1:C:C:C(=O):[NH]:[NH]:1,0.0,O=c1ccc(=O)[nH][nH]1
S=C([S-])NCCNC(=S)[S-].[Mn+2],1.0,S=C([S-])NCCNC(=S)[S-].[Mn+2]
CN(C)C(=O)OC1:C:C:C:C([N+](C)(C)C):C:1,0.0,CN(C)C(=O)Oc1cccc([N+](C)(C)C)c1
O=C([O-])C1:C:C(=O):C2:C(OCC(O)COC3:C:C:C:C4:O:C(C(=O)[O-]):C:C(=O):C:3:4):C:C:C:C:2:O:1,0.0,O=C([O-])c1cc(=O)c2c(OCC(O)COc3cccc4oc(C(=O)[O-])cc(=O)c34)cccc2o1
CC1:C:C:C:C:C:1S(=O)(=O)[O-],0.0,Cc1ccccc1S(=O)(=O)[O-]
CCCN(CC1CC1)C1:C([N+](=O)[O-]):C:C(C(F)(F)F):C:C:1[N+](=O)[O-],0.0,CCCN(CC1CC1)c1c([N+](=O)[O-])cc(C(F)(F)F)cc1[N+](=O)[O-]
C=C(C)C(=O)NCCC[N+](C)(C)C,0.0,C=C(C)C(=O)NCCC[N+](C)(C)C
OC1:C:C:C(Cl):C2:C:C:C:N:C:1:2,1.0,Oc1ccc(Cl)c2cccnc12
COC1:C:C:C(C2:C:C(C(F)F):N:N:2C2:C:C:C(S(N)(=O)=O):C:C:2):C:C:1F,1.0,COc1ccc(-c2cc(C(F)F)nn2-c2ccc(S(N)(=O)=O)cc2)cc1F
O=C1C2CC=CCC2C(=O)N1SC(Cl)(Cl)Cl,1.0,O=C1C2CC=CCC2C(=O)N1SC(Cl)(Cl)Cl
COC1:C:C(CNC(=O)CCCC/C=C/C(C)C):C:C:C:1O,1.0,COc1cc(CNC(=O)CCCC/C=C/C(C)C)ccc1O
O=C1CCCCCN1,0.0,O=C1CCCCCN1
CNC(=O)OC1:C:C:C:C2:C:C:C:C:C:1:2,1.0,CNC(=O)Oc1cccc2ccccc12
NC(=O)NC1:C:C:C([As](=O)(O)O):C:C:1,0.0,NC(=O)Nc1ccc([As](=O)(O)O)cc1
NC(=O)NNC1:C:C:C:C:C:1,0.0,NC(=O)NNc1ccccc1
NNC(N)=O,0.0,NNC(N)=O
CNC(=O)OC1:C:C:C:C2:C:1OC(C)(C)C2,0.0,CNC(=O)Oc1cccc2c1OC(C)(C)C2
C1:C:C:C2:C(:C:1):[NH]:C1:C:C:C:C:C:1:2,0.0,c1ccc2c(c1)[nH]c1ccccc12
N#CC(C1:C:C:C:C:C:1)C1:C:C:C:C:C:1,0.0,N#CC(c1ccccc1)c1ccccc1
COC1:C:C(S(=O)(=O)NC2:C:C:C:C:C:2):C(OC):C:C:1N,0.0,COc1cc(S(=O)(=O)Nc2ccccc2)c(OC)cc1N
O=C(O)C1:C:C(I):C:C(I):C:1I,1.0,O=C(O)c1cc(I)cc(I)c1I
O=C(CC(=O)C(F)(F)F)C1:C:C:C:C:C:1,0.0,O=C(CC(=O)C(F)(F)F)c1ccccc1
CCN1:C:C:[N+](C):C:1C.F[B-](F)(F)F,0.0,CCn1cc[n+](C)c1C.F[B-](F)(F)F
COS(=O)(=O)C(F)(F)F,0.0,COS(=O)(=O)C(F)(F)F
CC1:C:C:C2:C:C(C):C:C:C:2:C:1,0.0,Cc1ccc2cc(C)ccc2c1
CC(C)(C)C1:C:C(CC2:C:C(C(C)(C)C):C(O):C(C(C)(C)C):C:2):C:C(C(C)(C)C):C:1O,0.0,CC(C)(C)c1cc(Cc2cc(C(C)(C)C)c(O)c(C(C)(C)C)c2)cc(C(C)(C)C)c1O
CC1:S:C:C2:C:1N(C(=O)CN1CCN(C)CC1)C1:C:C:C:C:C:1NC2=O,0.0,Cc1scc2c1N(C(=O)CN1CCN(C)CC1)c1ccccc1NC2=O
CC1:C(C(N)=O):C:C([N+](=O)[O-]):C:C:1[N+](=O)[O-],0.0,Cc1c(C(N)=O)cc([N+](=O)[O-])cc1[N+](=O)[O-]
CN/C(=N\C1:C:C:C(C2=NNC(=O)CC2C):C:C:1)NC#N,0.0,CN/C(=N\c1ccc(C2=NNC(=O)CC2C)cc1)NC#N
O=C(CCCN1CCC2(CC1)C(=O)NCN2C1:C:C:C:C:C:1)C1:C:C:C(F):C:C:1,1.0,O=C(CCCN1CCC2(CC1)C(=O)NCN2c1ccccc1)c1ccc(F)cc1
O=C1:[NH]:O:C2:C:1CCNC2,0.0,O=c1[nH]oc2c1CCNC2
CC(COCCO)OCCO,0.0,CC(COCCO)OCCO
O=NC1:C:C:C(O):C:C:1,0.0,O=Nc1ccc(O)cc1
N#CCC(=O)NN,0.0,N#CCC(=O)NN
O=C(CN1:C:C:N:C:1[N+](=O)[O-])NCC1:C:C:C:C:C:1,0.0,O=C(Cn1ccnc1[N+](=O)[O-])NCc1ccccc1
O=C(OCCC1:C:C:C:C:C:1)C1:C:C:C:C:C:1,0.0,O=C(OCCc1ccccc1)c1ccccc1
CC1:C:N([C@H]2C[C@H](F)[C@@H](CO)O2):C(=O):[NH]:C:1=O,0.0,Cc1cn([C@H]2C[C@H](F)[C@@H](CO)O2)c(=O)[nH]c1=O
CC(C)CCCCCCC1:C:C:C(OCCOCCO):C:C:1,0.0,CC(C)CCCCCCc1ccc(OCCOCCO)cc1
OCC#CCO,0.0,OCC#CCO
CCNS(=O)(=O)C(F)(F)C(F)(F)C(F)(F)C(F)(F)C(F)(F)C(F)(F)C(F)(F)C(F)(F)F,1.0,CCNS(=O)(=O)C(F)(F)C(F)(F)C(F)(F)C(F)(F)C(F)(F)C(F)(F)C(F)(F)C(F)(F)F
C=CC(=O)NC(C)(C)CS(=O)(=O)[O-],0.0,C=CC(=O)NC(C)(C)CS(=O)(=O)[O-]
ClC1:C:C:C(C(Cl)(Cl)Cl):C:C:1,0.0,Clc1ccc(C(Cl)(Cl)Cl)cc1
CCCCCCCCS(=O)(=O)[O-],0.0,CCCCCCCCS(=O)(=O)[O-]
CC1:C:C:C(/N=N/C2:C(O):C(C(=O)[O-]):C:C3:C:C:C:C:C:2:3):C(S(=O)(=O)[O-]):C:1,1.0,Cc1ccc(/N=N/c2c(O)c(C(=O)[O-])cc3ccccc23)c(S(=O)(=O)[O-])c1
CCC1:C:C:C:C(C):C:1N,0.0,CCc1cccc(C)c1N
O=C([O-])CS,0.0,O=C([O-])CS
CC(C)OB(OC(C)C)OC(C)C,0.0,CC(C)OB(OC(C)C)OC(C)C
C[C@]12C(=O)OC(=O)[C@H]1[C@H]1C=C[C@@H]2C1,0.0,C[C@]12C(=O)OC(=O)[C@H]1[C@H]1C=C[C@@H]2C1
CC(COC1:C:C:C(OC2:C:C:C:C:C:2):C:C:1)OC1:C:C:C:C:N:1,1.0,CC(COc1ccc(Oc2ccccc2)cc1)Oc1ccccn1
O=C(O)C1:C(Cl):C:C:C2:C:C(Cl):C:N:C:1:2,0.0,O=C(O)c1c(Cl)ccc2cc(Cl)cnc12
CCC(O)OCC(C)OC(O)CC,0.0,CCC(O)OCC(C)OC(O)CC
COC1:C:C:C(/C=N/NC(=O)C2:C:C:N:C:C:2):C:C:1OC,0.0,COc1ccc(/C=N/NC(=O)c2ccncc2)cc1OC
C=CC(=O)OCCC(=O)O,1.0,C=CC(=O)OCCC(=O)O
CC[C@@]1(C2:C:C:C:C:C:2)NC(=O)N(C)C1=O,0.0,CC[C@@]1(c2ccccc2)NC(=O)N(C)C1=O
COC(=O)C1:C:C:C:C:C:1CS(=O)(=O)NC(=O)NC1:N:C(OC):C:C(OC):N:1,0.0,COC(=O)c1ccccc1CS(=O)(=O)NC(=O)Nc1nc(OC)cc(OC)n1
O=C1C=CC(=O)O1,0.0,O=C1C=CC(=O)O1
CC(C)NCC(O)C1:C:C:C2:C:C:C:C:C:2:C:1,0.0,CC(C)NCC(O)c1ccc2ccccc2c1
CC(CN1C2:C:C:C:C:C:2SC2:C:C:C:C:C:21)N(C)C,0.0,CC(CN1c2ccccc2Sc2ccccc21)N(C)C
NC1:C:C:C2:C:C3:C:C:C(N):C:C:3:N:C:2:C:1,1.0,Nc1ccc2cc3ccc(N)cc3nc2c1
CNNCC1:C:C:C(C(=O)NC(C)C):C:C:1,0.0,CNNCc1ccc(C(=O)NC(C)C)cc1
CC(C)NC1:N:C(Cl):N:C(NC(C)C):N:1,0.0,CC(C)Nc1nc(Cl)nc(NC(C)C)n1
O=S1(=O)CCCO1,0.0,O=S1(=O)CCCO1
CCC(C)(CCC(C)C)C(=O)[O-].CCC(C)(CCC(C)C)C(=O)[O-].[Zn+2],0.0,CCC(C)(CCC(C)C)C(=O)[O-].CCC(C)(CCC(C)C)C(=O)[O-].[Zn+2]
C=CCON/C(CCC)=C1\C(=O)CC(C)(C)C(C(=O)OC)=C1[O-],0.0,C=CCON/C(CCC)=C1\C(=O)CC(C)(C)C(C(=O)OC)=C1[O-]
CC(=O)/C=C/C1C(C)=CCC(C)C1(C)C,0.0,CC(=O)/C=C/C1C(C)=CCC(C)C1(C)C
CCCCCCCCCCCC(=O)OCC,0.0,CCCCCCCCCCCC(=O)OCC
C=C1[C@H]2CC[C@@H]3[C@H]2C(C)(C)CCC[C@]13C,0.0,C=C1[C@H]2CC[C@@H]3[C@H]2C(C)(C)CCC[C@]13C
CCCCOC(=O)C(C)CC,0.0,CCCCOC(=O)C(C)CC
CCCCCCCCCCCCOCCOCCOCCOCCOCCOCCOCCOCCOCCO,1.0,CCCCCCCCCCCCOCCOCCOCCOCCOCCOCCOCCOCCOCCO
COC(=O)NC1:N:C2:C:C(C(=O)C3:C:C:C:S:3):C:C:C:2:[NH]:1,1.0,COC(=O)Nc1nc2cc(C(=O)c3cccs3)ccc2[nH]1
NC1:C(S(=O)(=O)O):C:C(Br):C2:C:1C(=O)C1:C:C:C:C:C:1C2=O,1.0,Nc1c(S(=O)(=O)O)cc(Br)c2c1C(=O)c1ccccc1C2=O
CC1:C:C(Cl):C(C):C:C:1Cl,0.0,Cc1cc(Cl)c(C)cc1Cl
ClC1:N:C(C(Cl)(Cl)Cl):C(Cl):C(Cl):C:1Cl,1.0,Clc1nc(C(Cl)(Cl)Cl)c(Cl)c(Cl)c1Cl
O=S(=O)(O)C1:C:C(O):C2:C:C:C(NC3:C:C:C:C:C:3):C:C:2:C:1,0.0,O=S(=O)(O)c1cc(O)c2ccc(Nc3ccccc3)cc2c1
C=C(C)C(=O)OCCC(C)OC(=O)C(=C)C,0.0,C=C(C)C(=O)OCCC(C)OC(=O)C(=C)C
CC(C)CC(C)N(C1:C:C:C:C:C:1)C1:C:C:C(N):C:C:1,1.0,CC(C)CC(C)N(c1ccccc1)c1ccc(N)cc1
OCC1(CO)COCOC1,0.0,OCC1(CO)COCOC1
O=S(=O)(O)C1:C:C:C2:C:C:C:C:C:2:C:1,0.0,O=S(=O)(O)c1ccc2ccccc2c1
NC1:C:C:C:C(S(=O)(=O)C2:C:C:C:C(N):C:2):C:1,0.0,Nc1cccc(S(=O)(=O)c2cccc(N)c2)c1
CC1=NN(C2:C:C:C(C(=O)O):C:C:2)C(=O)C1,0.0,CC1=NN(c2ccc(C(=O)O)cc2)C(=O)C1
CC(C)C1OCCN1CCOC(=O)NCCCCCCNC(=O)OCCN1CCOC1C(C)C,0.0,CC(C)C1OCCN1CCOC(=O)NCCCCCCNC(=O)OCCN1CCOC1C(C)C
ClC1:C:C:C(Cl):C(Cl):C:1Cl,0.0,Clc1ccc(Cl)c(Cl)c1Cl
NS(=O)(=O)C1:C:C2:C(:C:C:1C(F)(F)F)NC(CC1:C:C:C:C:C:1)NS2(=O)=O,0.0,NS(=O)(=O)c1cc2c(cc1C(F)(F)F)NC(Cc1ccccc1)NS2(=O)=O
CCN(CC)CCOC(=O)C(O)(C1:C:C:C:C:C:1)C1:C:C:C:C:C:1,0.0,CCN(CC)CCOC(=O)C(O)(c1ccccc1)c1ccccc1
CCC1(CC)C(=O)NC(=O)NC1=O,0.0,CCC1(CC)C(=O)NC(=O)NC1=O
C[C@H]1[C@H](NC(=O)C(=NOC(C)(C)C(=O)O)C2:C:S:C(N):N:2)C(=O)N1S(=O)(=O)O,0.0,C[C@H]1[C@H](NC(=O)C(=NOC(C)(C)C(=O)O)c2csc(N)n2)C(=O)N1S(=O)(=O)O
O=C(O)C1:C:C:C(C(=O)O):C:C:1,0.0,O=C(O)c1ccc(C(=O)O)cc1
CC(C)(C1:C:C(Br):C(O):C(Br):C:1)C1:C:C(Br):C(O):C(Br):C:1,1.0,CC(C)(c1cc(Br)c(O)c(Br)c1)c1cc(Br)c(O)c(Br)c1
BrC(Br)C(Br)Br,0.0,BrC(Br)C(Br)Br
CC(=O)C1:C(C):C([N+](=O)[O-]):C(C(C)(C)C):C([N+](=O)[O-]):C:1C,0.0,CC(=O)c1c(C)c([N+](=O)[O-])c(C(C)(C)C)c([N+](=O)[O-])c1C
C=CC(=C)CCC=C(C)C,0.0,C=CC(=C)CCC=C(C)C
C=CCC1:C:C(OC):C2:C(:C:1)OCO2,0.0,C=CCc1cc(OC)c2c(c1)OCO2
CS(C)=O,1.0,CS(C)=O
CO,0.0,CO
CCCO,0.0,CCCO
C1:C:C:C2:C:C(CC3=NCCN3):C:C:C:2:C:1,0.0,c1ccc2cc(CC3=NCCN3)ccc2c1
CC1:C(C):C2:C(:C(C):C:1O)CC[C@@](C)(CCC[C@H](C)CCC[C@H](C)CCCC(C)C)O2,0.0,Cc1c(C)c2c(c(C)c1O)CC[C@@](C)(CCC[C@H](C)CCC[C@H](C)CCCC(C)C)O2
CC[N+](CC)(CC)CCOC1:C:C:C(/C=C/C2:C:C:C:C:C:2):C:C:1,1.0,CC[N+](CC)(CC)CCOc1ccc(/C=C/c2ccccc2)cc1
CC1:C:C:C:C(C):C:1OCC(C)N,0.0,Cc1cccc(C)c1OCC(C)N
NC1:C:C:C(CC2:C:C:C(N):C:C:2):C:C:1,0.0,Nc1ccc(Cc2ccc(N)cc2)cc1
COC1:C:C:C2:[NH]:C:C(CCNC(C)=O):C:2:C:1,0.0,COc1ccc2[nH]cc(CCNC(C)=O)c2c1
CC(=O)OCC1:C:C:C:O:1,0.0,CC(=O)OCc1ccco1
OCC1:C:C:C:O:1,0.0,OCc1ccco1
O=C(C1:C:C:C(O):C:C:1)C1:C:C:C(O):C:C:1,0.0,O=C(c1ccc(O)cc1)c1ccc(O)cc1
COC(=O)N(OC)C1:C:C:C:C:C:1COC1:C:C:N(C2:C:C:C(Cl):C:C:2):N:1,1.0,COC(=O)N(OC)c1ccccc1COc1ccn(-c2ccc(Cl)cc2)n1
CC1=NNC(=O)N(/N=C/C2:C:C:C:N:C:2)C1,0.0,CC1=NNC(=O)N(/N=C/c2cccnc2)C1
COCC(=O)N(C1:C(C):C:C:C:C:1C)N1CCOC1=O,0.0,COCC(=O)N(c1c(C)cccc1C)N1CCOC1=O
C1:C:C:C(CNC2:[NH]:C:N:C3:N:C:N:C:23):C:C:1,0.0,c1ccc(CNc2[nH]cnc3ncnc2-3)cc1
CCN(CCCC1:C:C:C:C:C:1)CCCC1:C:C:C:C:C:1.O=C(O)CC(O)(CC(=O)O)C(=O)O,0.0,CCN(CCCc1ccccc1)CCCc1ccccc1.O=C(O)CC(O)(CC(=O)O)C(=O)O
CC1:C:C:C(Cl):C(NC2:C:C:C:C:C:2C(=O)[O-]):C:1Cl,0.0,Cc1ccc(Cl)c(Nc2ccccc2C(=O)[O-])c1Cl
C1CCN2C[C@@H]3C[C@@H](CN4CCCC[C@H]34)[C@@H]2C1,0.0,C1CCN2C[C@@H]3C[C@@H](CN4CCCC[C@@H]34)[C@H]2C1
C[C@H]1CN(C2:C(F):C(N):C3:C(=O):C(C(=O)O):C:N(C4CC4):C:3:C:2F)C[C@@H](C)N1,0.0,C[C@@H]1CN(c2c(F)c(N)c3c(=O)c(C(=O)O)cn(C4CC4)c3c2F)C[C@H](C)N1
CCCCOC(=O)CCCCCCCCC(=O)OCCCC,0.0,CCCCOC(=O)CCCCCCCCC(=O)OCCCC
N#C/C(=C1/SC[C@@H](C2:C:C:C(Cl):C:C:2Cl)S1)N1:C:C:N:C:1,1.0,N#C/C(=C1/SC[C@@H](c2ccc(Cl)cc2Cl)S1)n1ccnc1
O=C([O-])C1:C:C:C:C:C:1NC1:C:C(Cl):C:C:C:1C(=O)[O-],0.0,O=C([O-])c1ccccc1Nc1cc(Cl)ccc1C(=O)[O-]
CCCCCCCCN(C)C,0.0,CCCCCCCCN(C)C
OC1:C:C:C2:C:C:C:C:C:2:C:1,1.0,Oc1ccc2ccccc2c1
CCCCCCCCCCCC(=O)N(C)CC(=O)[O-],0.0,CCCCCCCCCCCC(=O)N(C)CC(=O)[O-]
CCC(C)CO,1.0,CCC(C)CO
NC1:N:C:N:C2:C:1:N:C:N:2[C@H]1CC[C@@H](CO)O1,0.0,Nc1ncnc2c1ncn2[C@H]1CC[C@@H](CO)O1
O=C1[N-]C(=O)C(C2:C:C:C:C:C:2)(C2:C:C:C:C:C:2)N1,0.0,O=C1[N-]C(=O)C(c2ccccc2)(c2ccccc2)N1
O=C(OCC1(COC(=O)C2:C:C:C:N:C:2)CCCC(COC(=O)C2:C:C:C:N:C:2)(COC(=O)C2:C:C:C:N:C:2)C1O)C1:C:C:C:N:C:1,0.0,O=C(OCC1(COC(=O)c2cccnc2)CCCC(COC(=O)c2cccnc2)(COC(=O)c2cccnc2)C1O)c1cccnc1
CN1CSC(=S)N(C)C1,1.0,CN1CSC(=S)N(C)C1
O=C1C2:C:C:C:C:C:2C(=O)C1C1:C:C:C2:C:C:C:C:C:2:N:1,1.0,O=C1c2ccccc2C(=O)C1c1ccc2ccccc2n1
CCOC(=O)OC1=C(C2:C:C(C):C:C:C:2C)C(=O)NC12CCC(OC)CC2,0.0,CCOC(=O)OC1=C(c2cc(C)ccc2C)C(=O)NC12CCC(OC)CC2
[O-]C1:C:C(Cl):C(Cl):C:C:1Cl,1.0,[O-]c1cc(Cl)c(Cl)cc1Cl
CCCCCC/C=C\CCCCCCCC(=O)O,0.0,CCCCCC/C=C\CCCCCCCC(=O)O
COC1:C:C:C(C(C)=O):C:C:1,0.0,COc1ccc(C(C)=O)cc1
COC1:C:C(Cl):C:C:C:1Cl,0.0,COc1cc(Cl)ccc1Cl
CC(=O)CC(=O)N(C)C,0.0,CC(=O)CC(=O)N(C)C
CC1:C:C:C:C(C):C:1NC(=O)CN1CCCCCC1,0.0,Cc1cccc(C)c1NC(=O)CN1CCCCCC1
CC1:N:C2:C:C:C:C:C:2:N:1CC1:C:C:C(Cl):C:C:1,1.0,Cc1nc2ccccc2n1Cc1ccc(Cl)cc1
O=C(CN1CCNCC1)NC1CCCCC1,0.0,O=C(CN1CCNCC1)NC1CCCCC1
CC(CC1:C:C:C:C:C:1)NCC1:C:C:C:C:C:1Cl,0.0,CC(Cc1ccccc1)NCc1ccccc1Cl
COC(=O)C1=C(C)NC(C)=C(C(=O)OC)C1C1:C:C:C:C:C:1OC(F)F,0.0,COC(=O)C1=C(C)NC(C)=C(C(=O)OC)C1c1ccccc1OC(F)F
CCCCCCCCCCCSCC(=O)O,0.0,CCCCCCCCCCCSCC(=O)O
COC(CC(C)CCCC(C)(C)O)OC,0.0,COC(CC(C)CCCC(C)(C)O)OC
OC1:C:C:C2:C(:C:1)C1:C:C:C:C:C:1C2,1.0,Oc1ccc2c(c1)-c1ccccc1C2
COC(=O)C(C)N(C(=O)C1:C:C:C:O:1)C1:C(C):C:C:C:C:1C,0.0,COC(=O)C(C)N(C(=O)c1ccco1)c1c(C)cccc1C
CO/C=C(/C(=O)OC)C1:C:C:C:C:C:1COC1:C:C:C:C(C(F)(F)F):N:1,1.0,CO/C=C(/C(=O)OC)c1ccccc1COc1cccc(C(F)(F)F)n1
CCOC(=O)CC1(C)OCC(C)O1,0.0,CCOC(=O)CC1(C)OCC(C)O1
O=C(O)CCCCC1CCSS1,1.0,O=C(O)CCCCC1CCSS1
CC(C)N(CC1:C:C:C:C:C:1)C(=O)C(C)(C)C,0.0,CC(C)N(Cc1ccccc1)C(=O)C(C)(C)C
C=CC(C)(O)CCC=C(C)C,0.0,C=CC(C)(O)CCC=C(C)C
C=CC(C)(CCC=C(C)C)OC(=O)C1:C:C:C:C:C:1N,0.0,C=CC(C)(CCC=C(C)C)OC(=O)c1ccccc1N
CCCCC/C=C\C/C=C\CCCCCCCC(=O)O,0.0,CCCCC/C=C\C/C=C\CCCCCCCC(=O)O
CC/C=C\C/C=C\C/C=C\CCCCCCCC(=O)O,1.0,CC/C=C\C/C=C\C/C=C\CCCCCCCC(=O)O
COCCC#N,0.0,COCCC#N
O=C(O)CCSSCCC(=O)O,0.0,O=C(O)CCSSCCC(=O)O
CCCC[N+]1:C:C:C:C:C:1,0.0,CCCC[n+]1ccccc1
CCOP(=S)(OCC)OC1:N:C:N(C2:C:C:C:C:C:2):N:1,0.0,CCOP(=S)(OCC)Oc1ncn(-c2ccccc2)n1
CSC1:C:C:C(C=O):C:C:1,0.0,CSc1ccc(C=O)cc1
CC1:C([N+](=O)[O-]):C(C):C([N+](=O)[O-]):C(C(C)(C)C):C:1[N+](=O)[O-],0.0,Cc1c([N+](=O)[O-])c(C)c([N+](=O)[O-])c(C(C)(C)C)c1[N+](=O)[O-]
CNC(=S)N(C)C,0.0,CNC(=S)N(C)C
CCCOCCC,0.0,CCCOCCC
CSC(C)(C)/C=N\O,0.0,CSC(C)(C)/C=N\O
N#CC1:S:C2:C(=O):C3:C:C:C:C:C:3:C(=O):C=2:S:C:1C#N,1.0,N#Cc1sc2c(=O)c3ccccc3c(=O)c=2sc1C#N
CC1:C:C:C2:C:C:C:C:C:2:N:1,0.0,Cc1ccc2ccccc2n1
CCOP(=S)(OCC)OC1:C:C:C(Cl):C:C:1Cl,0.0,CCOP(=S)(OCC)Oc1ccc(Cl)cc1Cl
N#CCCCl,0.0,N#CCCCl
ClCBr,0.0,ClCBr
O=C([O-])C(=O)[O-].[Ca+2],0.0,O=C([O-])C(=O)[O-].[Ca+2]
C=CC(C)(C)C,0.0,C=CC(C)(C)C
CCC1:C:C:C:C(CC):C:1N,0.0,CCc1cccc(CC)c1N
O=C([O-])C1:C:C:C:C:C:1,0.0,O=C([O-])c1ccccc1
C1:C:C:C2:C(:C:1)C1:C:C:C:C3:C:1:C2:C:C1:C:C:C:C:C:1:3,1.0,c1ccc2c(c1)-c1cccc3c1c-2cc1ccccc13
C1:C:C:C2:C:C3:C(:C:C:C4:C:C:C:C:C:4:3):C:C:2:C:1,1.0,c1ccc2cc3c(ccc4ccccc43)cc2c1
CCCCNC(=O)N1:C(NC(=O)OC):N:C2:C:C:C:C:C:2:1,0.0,CCCCNC(=O)n1c(NC(=O)OC)nc2ccccc21
CC(C)N1C(=O)C2:C:C:C:C:C:2NS1(=O)=O,0.0,CC(C)N1C(=O)c2ccccc2NS1(=O)=O
C1:C:C2:C:C:C3:C:C:C4:C:C:C5:C:C:C:C6:C(:C:1):C:2:C:3:C:4:C:5:6,1.0,c1cc2ccc3ccc4ccc5cccc6c(c1)c2c3c4c56
CC1:C:C:C(C):C(S(=O)(=O)[O-]):C:1,0.0,Cc1ccc(C)c(S(=O)(=O)[O-])c1
O=C(C(Cl)Cl)N1CCOC12CCCCC2,1.0,O=C(C(Cl)Cl)N1CCOC12CCCCC2
CC1=CC(C)C(C=O)CC1,0.0,CC1=CC(C)C(C=O)CC1
Br[Ca]Br,0.0,[Br][Ca][Br]
CCOC(=O)CC(CC(=O)OCC)(OC(C)=O)C(=O)OCC,0.0,CCOC(=O)CC(CC(=O)OCC)(OC(C)=O)C(=O)OCC
CC(C)C1:C:C:C:C(O):C:1,0.0,CC(C)c1cccc(O)c1
NCCN,0.0,NCCN
CCC(C)(C)C1CCCCC1OC(C)=O,1.0,CCC(C)(C)C1CCCCC1OC(C)=O
OCCC(F)(F)C(F)(F)C(F)(F)C(F)(F)C(F)(F)C(F)(F)F,0.0,OCCC(F)(F)C(F)(F)C(F)(F)C(F)(F)C(F)(F)C(F)(F)F
COC1:C:C:C(CCN(C)CCCC(C#N)(C2:C:C(OC):C(OC):C(OC):C:2)C(C)C):C:C:1OC,0.0,COc1ccc(CCN(C)CCCC(C#N)(c2cc(OC)c(OC)c(OC)c2)C(C)C)cc1OC
COC1:C:C2:C(:C:C:1OC)C1:C:C3:C:C:C(OC):C(OC):C:3:C:[N+]:1CC2,0.0,COc1cc2c(cc1OC)-c1cc3ccc(OC)c(OC)c3c[n+]1CC2
CCCCCCN1:C:C:[N+](C):C:1.O=S(=O)([O-])C(F)(F)F,1.0,CCCCCCn1cc[n+](C)c1.O=S(=O)([O-])C(F)(F)F
CCCCCCCCN1:C:C:[N+](C):C:1,1.0,CCCCCCCCn1cc[n+](C)c1
OC[C@H]1O[C@@H](N2:C:N:C3:C(O):N:C:N:C:3:2)[C@H](O)[C@@H]1O,0.0,OC[C@H]1O[C@@H](n2cnc3c(O)ncnc32)[C@H](O)[C@@H]1O
CN(C)N,0.0,CN(C)N
CN(C)C=O,0.0,CN(C)C=O
CN(C)C(=O)Cl,0.0,CN(C)C(=O)Cl
CC1:C2:C:C:C:C:C:2:C(C):C2:C:1:C:C:C1:C:C:C:C:C:1:2,1.0,Cc1c2ccccc2c(C)c2c1ccc1ccccc12
O=C1NCN(C2:C:C:C:C:C:2)C12CCN(CC1COC3:C:C:C:C:C:3O1)CC2,0.0,O=C1NCN(c2ccccc2)C12CCN(CC1COc3ccccc3O1)CC2
C1:C:C:C2:N:C(N3CCNCC3):C:C:C:2:C:1,0.0,c1ccc2nc(N3CCNCC3)ccc2c1
CN/C(=C\[N+](=O)[O-])NCCSCC1:C:C:C(CN(C)C):O:1,0.0,CN/C(=C\[N+](=O)[O-])NCCSCc1ccc(CN(C)C)o1
NC1:N:C2:C:C:C(OC(F)(F)F):C:C:2:S:1,0.0,Nc1nc2ccc(OC(F)(F)F)cc2s1
C1COC(NC(C2CC2)C2CC2)=N1,0.0,C1COC(NC(C2CC2)C2CC2)=N1
CCCN(CCC)CCC1:C:C:C:C2:C:1CC(=O)N2,0.0,CCCN(CCC)CCc1cccc2c1CC(=O)N2
COC1:C:C:C:C:C:1OCC(O)CN1CCN(CC(=O)NC2:C(C):C:C:C:C:2C)CC1,0.0,COc1ccccc1OCC(O)CN1CCN(CC(=O)Nc2c(C)cccc2C)CC1
C[C@]12CC[C@H]3[C@@H](CC[C@H]4CC(=O)CC[C@@]43C)[C@@H]1CC[C@@H]2O,1.0,C[C@]12CCC(=O)C[C@@H]1CC[C@@H]1[C@@H]2CC[C@]2(C)[C@@H](O)CC[C@@H]12
C[C@]12CC[C@@H]3C4:C:C:C(O):C:C:4CC[C@H]3[C@@H]1CCC2=O,0.0,C[C@]12CC[C@@H]3c4ccc(O)cc4CC[C@H]3[C@@H]1CCC2=O
C[C@]12CC[C@@H]3C4:C:C:C(O):C:C:4CC[C@H]3[C@@H]1C[C@@H](O)[C@@H]2O,0.0,C[C@]12CC[C@@H]3c4ccc(O)cc4CC[C@H]3[C@@H]1C[C@@H](O)[C@@H]2O
C=CC1(C)OC(=O)N(C2:C:C(Cl):C:C(Cl):C:2)C1=O,0.0,C=CC1(C)OC(=O)N(c2cc(Cl)cc(Cl)c2)C1=O
C[C@]12CC[C@@H]3C4:C:C:C(O):C:C:4C[C@@H](CCCCCCCCCS(=O)CCCC(F)(F)C(F)(F)F)[C@H]3[C@@H]1CC[C@@H]2O,1.0,C[C@]12CC[C@@H]3c4ccc(O)cc4C[C@@H](CCCCCCCCCS(=O)CCCC(F)(F)C(F)(F)F)[C@H]3[C@@H]1CC[C@@H]2O
CC(=O)NC(CC1:C:C:C:C:C:1)C(=O)O,0.0,CC(=O)NC(Cc1ccccc1)C(=O)O
C#C[C@]1(O)CC[C@H]2[C@@H]3CCC4=CC(=O)CC[C@]4(C)[C@H]3CC[C@@]21C,0.0,C#C[C@]1(O)CC[C@H]2[C@@H]3CCC4=CC(=O)CC[C@]4(C)[C@H]3CC[C@@]21C
C#CC(O)(/C=C\Cl)CC,0.0,C#CC(O)(/C=C\Cl)CC
CCN(CC)S(=O)(=O)C1:C:C:C(C(=O)O):C:C:1,0.0,CCN(CC)S(=O)(=O)c1ccc(C(=O)O)cc1
CCC1(C)CC(=O)NC1=O,0.0,CCC1(C)CC(=O)NC1=O
CC(C)CC(=O)C1C(=O)C2:C:C:C:C:C:2C1=O,0.0,CC(C)CC(=O)C1C(=O)c2ccccc2C1=O
NC(=O)NC1:C:C:C:C:C:1,0.0,NC(=O)Nc1ccccc1
CCCOC1:C:C:C:C:C:1C1:N:C2:[NH]:N:N:C:2:C(=O):[NH]:1,0.0,CCCOc1ccccc1-c1nc2[nH]nnc2c(=O)[nH]1
CCCCOC(CC)OC(C)COC(O)CC,0.0,CCCCOC(CC)OC(C)COC(O)CC
CCN(CC1:C:C:N:C:C:1)C(=O)C(CO)C1:C:C:C:C:C:1,0.0,CCN(Cc1ccncc1)C(=O)C(CO)c1ccccc1
CC(C)(C)C1CCC(O)CC1,0.0,CC(C)(C)C1CCC(O)CC1
O=C1:[NH]:C:N:C2:C:1:N:C:N:2[C@H]1CC[C@@H](CO)O1,0.0,O=c1[nH]cnc2c1ncn2[C@H]1CC[C@@H](CO)O1
CCC1:N:C(C):C:[NH]:1,0.0,CCc1nc(C)c[nH]1
CC1:C:C:C(Cl):C(O):C:1,0.0,Cc1ccc(Cl)c(O)c1
CC1(C)C(=O)C(C)(C)C1=O,0.0,CC1(C)C(=O)C(C)(C)C1=O
CC(C)(C)C(=O)C(OC1:C:C:C(Cl):C:C:1)N1:C:C:N:C:1,0.0,CC(C)(C)C(=O)C(Oc1ccc(Cl)cc1)n1ccnc1
CN1CCN(C(=O)O[C@H]2C3:N:C:C:N:C:3C(=O)N2C2:C:C:C(Cl):C:N:2)CC1,0.0,CN1CCN(C(=O)O[C@H]2c3nccnc3C(=O)N2c2ccc(Cl)cn2)CC1
CCCCCCCCCCCCC1:C:C:C:C:C:1,0.0,CCCCCCCCCCCCc1ccccc1
CCOC(=O)C1=C(C)NC(C)=C(C(=O)OC)C1C1:C:C:C:C([N+](=O)[O-]):C:1,0.0,CCOC(=O)C1=C(C)NC(C)=C(C(=O)OC)C1c1cccc([N+](=O)[O-])c1
CC1:C:C(OI):C(C(C)C):C:C:1C1:C:C(C(C)C):C(OI):C:C:1C,0.0,Cc1cc(OI)c(C(C)C)cc1-c1cc(C(C)C)c(OI)cc1C
CCOP(OCC)OCC,0.0,CCOP(OCC)OCC
CC(C)CC(=O)CC(C)CC(C)C,0.0,CC(C)CC(=O)CC(C)CC(C)C
O=[N+]([O-])C1:C:C:C2:N:C:C:C:C:2:C:1,0.0,O=[N+]([O-])c1ccc2ncccc2c1
O=[N+]([O-])C1:C:C:C:C2:C:C:C:N:C:1:2,1.0,O=[N+]([O-])c1cccc2cccnc12
C=O,0.0,C=O
O=C1:[NH]:C:C(F):C(=O):[NH]:1,0.0,O=c1[nH]cc(F)c(=O)[nH]1
CN1:C(CCCC(=O)O):N:C2:C:C(N(CCCl)CCCl):C:C:C:2:1,0.0,Cn1c(CCCC(=O)O)nc2cc(N(CCCl)CCCl)ccc21
CN[C@@H]1[C@@H](O)[C@@H](O[C@H]2[C@H](N)C[C@H](N)[C@@H](O[C@H]3OC(CN)=CC[C@H]3N)[C@H]2O)OC[C@@]1(C)O,0.0,CN[C@@H]1[C@@H](O)[C@@H](O[C@@H]2[C@H](O)[C@H](O[C@H]3OC(CN)=CC[C@H]3N)[C@@H](N)C[C@H]2N)OC[C@@]1(C)O
CCC(C)C(N)C(=O)O,0.0,CCC(C)C(N)C(=O)O
C[N+](C)(C)CC[N+]1(C)CC2:C(Cl):C(Cl):C(Cl):C(Cl):C:2C1,1.0,C[N+](C)(C)CC[N+]1(C)Cc2c(Cl)c(Cl)c(Cl)c(Cl)c2C1
CCCCCCC(C)(C)S,0.0,CCCCCCC(C)(C)S
CCC1:C:C:C:C:C:1CC,0.0,CCc1ccccc1CC
COC(=O)C1:C:C:C:C:C:1S(=O)(=O)NC(=O)N(C)C1:N:C(C):N:C(OC):N:1,0.0,COC(=O)c1ccccc1S(=O)(=O)NC(=O)N(C)c1nc(C)nc(OC)n1
CCOC(=O)COC(=O)C1:C:C:C:C:C:1C(=O)OCC,0.0,CCOC(=O)COC(=O)c1ccccc1C(=O)OCC
CN1:C:C(C2:C:C:C:C:C:2):C(=O):C(C2:C:C:C:C(C(F)(F)F):C:2):C:1,0.0,Cn1cc(-c2ccccc2)c(=O)c(-c2cccc(C(F)(F)F)c2)c1
C1:C:C:C2:C(:C:1)CC1:C:C:C:C:C:12,0.0,c1ccc2c(c1)Cc1ccccc1-2
C1:C:C:C2:C(:C:1)C1:C:C:C:C3:C:C:C:C2:C:1:3,0.0,c1ccc2c(c1)-c1cccc3cccc-2c13
CC(=O)CC(C)(C)C1CCCCC1,0.0,CC(=O)CC(C)(C)C1CCCCC1
CC(C)C(O)(C1:C:C:C(OC(F)(F)F):C:C:1)C1:C:N:C:N:C:1,0.0,CC(C)C(O)(c1ccc(OC(F)(F)F)cc1)c1cncnc1
O=C1O[C@H]([C@@H](O)CO)C([O-])=C1O.O=C1O[C@H]([C@@H](O)CO)C([O-])=C1O,0.0,O=C1O[C@H]([C@@H](O)CO)C([O-])=C1O.O=C1O[C@H]([C@@H](O)CO)C([O-])=C1O
C/C=C(\C)C(=O)OCCC1:C:C:C:C:C:1,0.0,C/C=C(\C)C(=O)OCCc1ccccc1
CN1[C@H]2CC[C@@H]1C[C@H](OC(=O)C(O)C1:C:C:C:C:C:1)C2,0.0,CN1[C@@H]2CC[C@H]1C[C@@H](OC(=O)C(O)c1ccccc1)C2
CCNC1:N:C(NC(C)CC):N:C(OC):N:1,0.0,CCNc1nc(NC(C)CC)nc(OC)n1
CCNC1:N:C(NCC):N:C(SC):N:1,0.0,CCNc1nc(NCC)nc(SC)n1
C#CC(C)N(C)C(=O)NC1:C:C:C(Cl):C:C:1,0.0,C#CC(C)N(C)C(=O)Nc1ccc(Cl)cc1
CC(=O)OC/C=C(/C)CCC=C(C)C,0.0,CC(=O)OC/C=C(/C)CCC=C(C)C
CCCC(=O)C(C)=O,0.0,CCCC(=O)C(C)=O
CC1:C:C:N:C2:C:C:C:C:C:1:2,0.0,Cc1ccnc2ccccc12
O=C(O)CCC1:C:C:C:C:C:1,0.0,O=C(O)CCc1ccccc1
COC1:C:C:C:C:C:1OC,0.0,COc1ccccc1OC
CCC/C=C/CO,0.0,CCC/C=C/CO
COC1:C:C:C:C(OC):C:1,0.0,COc1cccc(OC)c1
CCCCCCCCCCCCCCCCC,0.0,CCCCCCCCCCCCCCCCC
C=C[C@@]1(C)CC(=O)[C@@]2(O)[C@](C)(O1)[C@@H](OC(C)=O)[C@@H](O)[C@H]1C(C)(C)CC[C@H](O)[C@@]12C,0.0,C=C[C@@]1(C)CC(=O)[C@]2(O)[C@@]3(C)[C@@H](O)CCC(C)(C)[C@@H]3[C@H](O)[C@H](OC(C)=O)[C@@]2(C)O1
O=S(=O)(O)C1:C:C:C2:[NH]:C(C3:C:C:C:C:C:3):N:C:2:C:1,0.0,O=S(=O)(O)c1ccc2[nH]c(-c3ccccc3)nc2c1
CCC(C)C1:N:C:C:N:C:1OC,0.0,CCC(C)c1nccnc1OC
CC1:C:C(C(=C2C=CC(=NC3:C:C:C(S(=O)(=O)[O-]):C:C:3S(=O)(=O)O)C=C2)C2:C:C:C(NC3:C:C:C(S(=O)(=O)[O-]):C:C:3):C:C:2):C:C:C:1N,0.0,Cc1cc(C(=C2C=CC(=Nc3ccc(S(=O)(=O)[O-])cc3S(=O)(=O)O)C=C2)c2ccc(Nc3ccc(S(=O)(=O)[O-])cc3)cc2)ccc1N
CC1(C)CC(=O)CC(C)(C)N1[O],0.0,CC1(C)CC(=O)CC(C)(C)N1[O]
OCC1CC2CC1C1CCC(CO)C21,0.0,OCC1CC2CC1C1CCC(CO)C21
C=CCOC(=O)C1:C:C:C(C(=O)OCC=C):C(C(=O)OCC=C):C:1,0.0,C=CCOC(=O)c1ccc(C(=O)OCC=C)c(C(=O)OCC=C)c1
CCC(C)(CCC(C)C)C(=O)[O-].CCC(C)(CCC(C)C)C(=O)[O-],0.0,CCC(C)(CCC(C)C)C(=O)[O-].CCC(C)(CCC(C)C)C(=O)[O-]
CC1(C)C(O)C(C)(C)C1O,0.0,CC1(C)C(O)C(C)(C)C1O
CCC1(C2:C:C:C:C:C:2)C(=O)N(COC)C(=O)N(COC)C1=O,0.0,CCC1(c2ccccc2)C(=O)N(COC)C(=O)N(COC)C1=O
CN1CCC(=C2C3:C:C:C:C:C:3SC3:C:C:C:C:C:32)CC1,0.0,CN1CCC(=C2c3ccccc3Sc3ccccc32)CC1
O=C(O)CC(C(=O)O)S(=O)(=O)O,0.0,O=C(O)CC(C(=O)O)S(=O)(=O)O
CCC(=O)O[C@H]1[C@H](O[C@@H]2[C@@H](C)[C@H](O[C@H]3C[C@@](C)(OC)[C@@H](O)[C@H](C)O3)[C@@H](C)C(=O)O[C@H](CC)[C@@](C)(O)[C@H](O)[C@@H](C)C(=O)[C@H](C)C[C@@]2(C)O)O[C@H](C)C[C@@H]1N(C)C,0.0,CCC(=O)O[C@H]1[C@H](O[C@@H]2[C@@H](C)[C@H](O[C@H]3C[C@@](C)(OC)[C@@H](O)[C@H](C)O3)[C@@H](C)C(=O)O[C@H](CC)[C@@](C)(O)[C@H](O)[C@@H](C)C(=O)[C@H](C)C[C@@]2(C)O)O[C@H](C)C[C@@H]1N(C)C
CC(C)NCC(O)COC1:C:C:C(CC(N)=O):C:C:1,0.0,CC(C)NCC(O)COc1ccc(CC(N)=O)cc1
CCCNC(C)(C)COC(=O)C1:C:C:C:C:C:1,0.0,CCCNC(C)(C)COC(=O)c1ccccc1
C[C@]12CC[C@@H]3C4:C:C:C(O):C:C:4CC[C@H]3[C@@H]1CC[C@@H]2OC(=O)CCC1CCCC1,0.0,C[C@]12CC[C@@H]3c4ccc(O)cc4CC[C@H]3[C@@H]1CC[C@@H]2OC(=O)CCC1CCCC1
CC(=O)OC[C@H]1O[C@H](O[C@]2(COC(C)=O)O[C@H](COC(C)=O)[C@@H](OC(C)=O)[C@@H]2OC(C)=O)[C@H](OC(C)=O)[C@@H](OC(C)=O)[C@@H]1OC(C)=O,0.0,CC(=O)OC[C@H]1O[C@@](COC(C)=O)(O[C@H]2O[C@H](COC(C)=O)[C@@H](OC(C)=O)[C@H](OC(C)=O)[C@H]2OC(C)=O)[C@@H](OC(C)=O)[C@@H]1OC(C)=O
OCC(O)C1:C:C:C:C:C:1,0.0,OCC(O)c1ccccc1
CC1=CC(=O)C2:C:C:C:C:C:2C1=O,1.0,CC1=CC(=O)c2ccccc2C1=O
CC1:C:C(O):C:C:C:1Cl,0.0,Cc1cc(O)ccc1Cl
OC1:C(Cl):C:C(Cl):C(Cl):C:1Cl,1.0,Oc1c(Cl)cc(Cl)c(Cl)c1Cl
C1:C:C:C(CC2=NCCN2):C:C:1,0.0,c1ccc(CC2=NCCN2)cc1
COC(=O)[C@@H](N)CC1:C:C:C(O):C(O):C:1,0.0,COC(=O)[C@@H](N)Cc1ccc(O)c(O)c1
CCOC(=O)C1:C:N:C2:C(:C:N:N:2CC):C:1NN=C(C)C,0.0,CCOC(=O)c1cnc2c(cnn2CC)c1NN=C(C)C
NCCCC(N)(C(=O)O)C(F)F,0.0,NCCCC(N)(C(=O)O)C(F)F
CCC1:C:C(Cl):C(OC):C(C(=O)NC[C@@H]2CCCN2CC):C:1O,0.0,CCc1cc(Cl)c(OC)c(C(=O)NC[C@@H]2CCCN2CC)c1O
CCCCCCCCCCCCCCC[C@H](O)[C@@H](N)CO,0.0,CCCCCCCCCCCCCCC[C@H](O)[C@@H](N)CO
CCCCCCC(O)CO,0.0,CCCCCCC(O)CO
C=C(C)C(=O)OCC1:C:C:C:C:C:1,0.0,C=C(C)C(=O)OCc1ccccc1
C=C(C)C(=O)OCC1CCCO1,0.0,C=C(C)C(=O)OCC1CCCO1
C=CC(=O)OCCCCCC,0.0,C=CC(=O)OCCCCCC
CC1:C:C:N2:N:C(S(=O)(=O)NC3:C(F):C:C:C:C:3F):N:C:2:N:1,0.0,Cc1ccn2nc(S(=O)(=O)Nc3c(F)cccc3F)nc2n1
CCCN(CCCl)C1:C([N+](=O)[O-]):C:C(C(F)(F)F):C:C:1[N+](=O)[O-],0.0,CCCN(CCCl)c1c([N+](=O)[O-])cc(C(F)(F)F)cc1[N+](=O)[O-]
CCCSP(=O)(OCC)SCCC,0.0,CCCSP(=O)(OCC)SCCC
COP(=S)(OC)OC1:C:C:C([N+](=O)[O-]):C(C):C:1,0.0,COP(=S)(OC)Oc1ccc([N+](=O)[O-])c(C)c1
CC(C)(C)N(NC(=O)C1:C:C:C(Cl):C:C:1)C(=O)C1:C:C:C:C:C:1,0.0,CC(C)(C)N(NC(=O)c1ccc(Cl)cc1)C(=O)c1ccccc1
O=C(O)/C=C/C1:C:C:C(CN2:C:C:N:C:2):C:C:1,0.0,O=C(O)/C=C/c1ccc(Cn2ccnc2)cc1
CS(=O)(=O)C1:C:C:C([C@@H](O)[C@@H](CF)NC(=O)C(Cl)Cl):C:C:1,0.0,CS(=O)(=O)c1ccc([C@@H](O)[C@@H](CF)NC(=O)C(Cl)Cl)cc1
C[C@@H]1CN([C@H]2CC[C@](C#N)(C3:C:C:C(F):C:C:3)CC2)CC[C@]1(C(=O)O)C1:C:C:C:C:C:1,0.0,C[C@@H]1CN([C@H]2CC[C@](C#N)(c3ccc(F)cc3)CC2)CC[C@]1(C(=O)O)c1ccccc1
O=C(OC1:C:C:C:C:C:1C(=O)O)C1:C:C:C:C:C:1O,0.0,O=C(Oc1ccccc1C(=O)O)c1ccccc1O
CC1:C(C):C2:C(:C(C):C:1O)CCC(C)(COC1:C:C:C(CC3SC(=O)NC3=O):C:C:1)O2,1.0,Cc1c(C)c2c(c(C)c1O)CCC(C)(COc1ccc(CC3SC(=O)NC3=O)cc1)O2
CC1:C:C:C(/C(=C\CN2CCCC2)C2:C:C:C:C:N:2):C:C:1,0.0,Cc1ccc(/C(=C\CN2CCCC2)c2ccccn2)cc1
COC1:C:C(C(=O)N2CCOCC2):C:C(OC):C:1OC,0.0,COc1cc(C(=O)N2CCOCC2)cc(OC)c1OC
COC1:C:C(CC2:C:N:C(N):N:C:2N):C:C(OC):C:1OC,0.0,COc1cc(Cc2cnc(N)nc2N)cc(OC)c1OC
CC1:C:C2:C:C3:C(C):C:C(=O):O:C:3:C(C):C:2:O:1,0.0,Cc1cc2cc3c(C)cc(=O)oc3c(C)c2o1
CCOP(=S)(OCC)OC1:C:N:C2:C:C:C:C:C:2:N:1,0.0,CCOP(=S)(OCC)Oc1cnc2ccccc2n1
NC1:C:C:C(C=CC2:C:C:C(N):C:C:2S(=O)(=O)O):C(S(=O)(=O)O):C:1,0.0,Nc1ccc(C=Cc2ccc(N)cc2S(=O)(=O)O)c(S(=O)(=O)O)c1
NC1CCC(CC2CCC(N)CC2)CC1,0.0,NC1CCC(CC2CCC(N)CC2)CC1
N#C/C(N)=C(/N)C#N,0.0,N#C/C(N)=C(/N)C#N
NCCCCCCN,0.0,NCCCCCCN
C[C@H]1[C@H](C2:C:C:C(Cl):C:C:2)SC(=O)N1C(=O)NC1CCCCC1,1.0,C[C@H]1[C@H](c2ccc(Cl)cc2)SC(=O)N1C(=O)NC1CCCCC1
CCCC[Sn](CCCC)(CCCC)O[Sn](CCCC)(CCCC)CCCC,1.0,CCC[CH2][Sn]([CH2]CCC)([CH2]CCC)[O][Sn]([CH2]CCC)([CH2]CCC)[CH2]CCC
CC(CCl)OC(C)CCl,0.0,CC(CCl)OC(C)CCl
OCC(CO)(CBr)CBr,0.0,OCC(CO)(CBr)CBr
CC1:C(COC(=O)C2C(/C=C(\Cl)C(F)(F)F)C2(C)C):C:C:C:C:1C1:C:C:C:C:C:1,0.0,Cc1c(COC(=O)C2C(/C=C(\Cl)C(F)(F)F)C2(C)C)cccc1-c1ccccc1
ClCCOCCCl,0.0,ClCCOCCCl
O=C(O)CN(CCN(CC(=O)O)CC(=O)O)CC(=O)O,0.0,O=C(O)CN(CCN(CC(=O)O)CC(=O)O)CC(=O)O
NC1:C2:C(:N:C3:C:C:C:C:C:1:3)CCCC2,0.0,Nc1c2c(nc3ccccc13)CCCC2
CNC(=O)C1:C:C:C:C:C:1,1.0,CNC(=O)c1ccccc1
CCCCCCCCCCCCCCCl,0.0,CCCCCCCCCCCCCCCl
COC1:C:C:C(Cl):C:C:1C,0.0,COc1ccc(Cl)cc1C
OC1:C:C:C(Cl):C:C:1C1CCCC1,1.0,Oc1ccc(Cl)cc1C1CCCC1
CC1:C:C(Cl):C:C:C:1N,0.0,Cc1cc(Cl)ccc1N
CCN1CCCC1CN,0.0,CCN1CCCC1CN
CC(=O)O[C@@H]1CC2C3CCC4:C:C(OC(=O)C5:C:C:C:C:C:5):C:C:C:4C3CCC2(C)[C@H]1OC(C)=O,0.0,CC(=O)O[C@@H]1CC2C3CCc4cc(OC(=O)c5ccccc5)ccc4C3CCC2(C)[C@H]1OC(C)=O
COC1:C:C2:N:C(Cl):N:C(N):C:2:C:C:1OC,0.0,COc1cc2nc(Cl)nc(N)c2cc1OC
O=C(O)C1:C:C:C:C:C:1NCCC1:C:C:C:C:C:1,0.0,O=C(O)c1ccccc1NCCc1ccccc1
CC(=O)C1:C:C2:C:C:C:C:C:2:S:1,0.0,CC(=O)c1cc2ccccc2s1
NC(=O)NS(=O)(=O)C1:C:C:C(Cl):C:C:1,0.0,NC(=O)NS(=O)(=O)c1ccc(Cl)cc1
CC1:O:C:C:C(=O):C:1O,0.0,Cc1occc(=O)c1O
CCC(CC)NC1:C:C:C(C):C(C):C:1,0.0,CCC(CC)Nc1ccc(C)c(C)c1
CC(=O)O[C@]1(C(C)=O)CC[C@H]2[C@@H]3C[C@H](C)C4=CC(=O)CC[C@]4(C)[C@H]3CC[C@@]21C,1.0,CC(=O)O[C@]1(C(C)=O)CC[C@H]2[C@@H]3C[C@H](C)C4=CC(=O)CC[C@]4(C)[C@H]3CC[C@@]21C
O=C(CCCN1CC=C(N2:C(=O):[NH]:C3:C:C:C:C:C:3:2)CC1)C1:C:C:C(F):C:C:1,0.0,O=C(CCCN1CC=C(n2c(=O)[nH]c3ccccc32)CC1)c1ccc(F)cc1
CCCCN=C=O,0.0,CCCCN=C=O
C1CCCNCC1,0.0,C1CCCNCC1
OCCSCCO,0.0,OCCSCCO
P#[In],0.0,[P]#[In]
CCN(CC)C1:C:C:C2:C(C3:C:C:C:C:C:3C(=O)O):C3:C:C:C(N(CC)CC):C:C:3:[O+]:C:2:C:1,1.0,CCN(CC)c1ccc2c(-c3ccccc3C(=O)O)c3ccc(N(CC)CC)cc3[o+]c2c1
O=C(NCC1:C:C:C:N:C:1)NC1:C:C:C([N+](=O)[O-]):C:C:1,0.0,O=C(NCc1cccnc1)Nc1ccc([N+](=O)[O-])cc1
CC1:C:N:C2:C(C(=O)O):C(Cl):C:C:C:2:C:1,0.0,Cc1cnc2c(C(=O)O)c(Cl)ccc2c1
CCOC1:C:C:C2:C(:C:1)C(C)CC(C)(C)N2,0.0,CCOc1ccc2c(c1)C(C)CC(C)(C)N2
CC(=O)NCC1:C(I):C(NC(C)=O):C(I):C(C(=O)O):C:1I,0.0,CC(=O)NCc1c(I)c(NC(C)=O)c(I)c(C(=O)O)c1I
O=C(O)C1:C(Cl):C:C:C(Cl):C:1Cl,0.0,O=C(O)c1c(Cl)ccc(Cl)c1Cl
O=C(O)CC(Cl)C(=O)O,1.0,O=C(O)CC(Cl)C(=O)O
N#CCCl,0.0,N#CCCl
CC1:C:C:C:C2:S:C3:N:N:C:N:3:C:1:2,1.0,Cc1cccc2sc3nncn3c12
C=C(C)C1CC=C(C)C(OC(C)=O)C1,0.0,C=C(C)C1CC=C(C)C(OC(C)=O)C1
C=C1CCC=C(C)CC[C@@H]2[C@@H]1CC2(C)C,0.0,C=C1CCC=C(C)CC[C@@H]2[C@@H]1CC2(C)C
CCCC(C)(COC(N)=O)COC(=O)NC(C)C,0.0,CCCC(C)(COC(N)=O)COC(=O)NC(C)C
C=C(C)C1CC=C(C)C(O)C1,0.0,C=C(C)C1CC=C(C)C(O)C1
CCCCCCCCCCCCCCCO,0.0,CCCCCCCCCCCCCCCO
[Mn+2],1.0,[Mn+2]
CCC(C)Cl,0.0,CCC(C)Cl
CCCCO,0.0,CCCCO
CC1=CC(=O)CC(C)(C)C1,0.0,CC1=CC(=O)CC(C)(C)C1
NC1:C:C:C:C(C(F)(F)F):C:1,0.0,Nc1cccc(C(F)(F)F)c1
NNC(=O)C1:C:C:N:C:C:1,0.0,NNC(=O)c1ccncc1
O=C(O)C1:C:C:N:C:C:1,0.0,O=C(O)c1ccncc1
NC(=O)C1:C:C:N:C:C:1,0.0,NC(=O)c1ccncc1
CC(C)CON=O,0.0,CC(C)CON=O
OC[C@H]1O[C@H](OC[C@@H](O)[C@@H](O)[C@H](O)[C@H](O)CO)[C@H](O)[C@@H](O)[C@@H]1O,0.0,OC[C@@H](O)[C@@H](O)[C@H](O)[C@H](O)CO[C@H]1O[C@H](CO)[C@@H](O)[C@H](O)[C@H]1O
FC(F)OC(Cl)C(F)(F)F,0.0,FC(F)OC(Cl)C(F)(F)F
C1:C:C:C(C[N+]2:C:C:C:C3:C:C:C:C:C:3:2):C:C:1,1.0,c1ccc(C[n+]2cccc3ccccc32)cc1
CCCCN1C(=O)C2:C:C:C:C:C:2C1=O,0.0,CCCCN1C(=O)c2ccccc2C1=O
CC1:C:C(C):C(C(=O)P(=O)(C(=O)C2:C(C):C:C(C):C:C:2C)C2:C:C:C:C:C:2):C(C):C:1,0.0,Cc1cc(C)c(C(=O)P(=O)(C(=O)c2c(C)cc(C)cc2C)c2ccccc2)c(C)c1
CC(C)(C)C(=O)/C=C/C1:C:C:C(Cl):C:C:1,0.0,CC(C)(C)C(=O)/C=C/c1ccc(Cl)cc1
CCCCCCCCOCCC#N,0.0,CCCCCCCCOCCC#N
CC1:C:C(C(C)(C)C2:C:C:C(O):C(C):C:2):C:C:C:1O,1.0,Cc1cc(C(C)(C)c2ccc(O)c(C)c2)ccc1O
CC(C1:C:C:C(O):C:C:1)C1:C:C:C(O):C:C:1,1.0,CC(c1ccc(O)cc1)c1ccc(O)cc1
CCCCC#N,0.0,CCCCC#N
COC1:C:C:C(C(=O)C2:C:C:C:C(O):C:2):C(OC):C:1,0.0,COc1ccc(C(=O)c2cccc(O)c2)c(OC)c1
CCN1:C:C:[N+](C):C:1.N#C[S-],0.0,CCn1cc[n+](C)c1.N#C[S-]
O=C1/C(=C2\NC3:C:C:C:C:C:3C2=O)NC2:C:C:C:C:C:21,1.0,O=C1/C(=C2\Nc3ccccc3C2=O)Nc2ccccc21
OC1:C:C:C(C2(C3:C:C:C(O):C:C:3)CC3CC2C2CCCC32):C:C:1,1.0,Oc1ccc(C2(c3ccc(O)cc3)CC3CC2C2CCCC32)cc1
NC1:C:C:C(F):C:C:1F,0.0,Nc1ccc(F)cc1F
CCCCC(=O)N(C)C,0.0,CCCCC(=O)N(C)C
CN(C)C1:N:C(=O):N(C2CCCCC2):C(=O):N:1C,0.0,CN(C)c1nc(=O)n(C2CCCCC2)c(=O)n1C
CCCCCCOC(=O)C1:C:C:C:C:C:1C(=O)OCCCCCC,0.0,CCCCCCOC(=O)c1ccccc1C(=O)OCCCCCC
COC1:C:C:C2:C(:C:1OC)C(=O)O[C@@H]2[C@H]1C2:C(:C:C3:C(:C:2OC)OCO3)CCN1C,0.0,COc1ccc2c(c1OC)C(=O)O[C@@H]2[C@H]1c2c(cc3c(c2OC)OCO3)CCN1C
CO[C@@H]1[C@@H](OC(N)=O)[C@@H](O)[C@H](OC2:C:C:C3:C([O-]):C(NC(=O)C4:C:C:C(O):C(CC=C(C)C):C:4):C(=O):O:C:3:C:2C)OC1(C)C,0.0,CO[C@@H]1[C@@H](OC(N)=O)[C@@H](O)[C@H](Oc2ccc3c([O-])c(NC(=O)c4ccc(O)c(CC=C(C)C)c4)c(=O)oc3c2C)OC1(C)C
C#C[C@]1(O)CC[C@H]2[C@@H]3CCC4=CC(=O)CC[C@@H]4[C@H]3CC[C@@]21C,1.0,C#C[C@]1(O)CC[C@H]2[C@@H]3CCC4=CC(=O)CC[C@@H]4[C@H]3CC[C@@]21C
O=C1O[C@H]([C@H](O)CO)C([O-])=C1O,0.0,O=C1O[C@H]([C@H](O)CO)C([O-])=C1O
C[C@]12CC[C@@H]3C4:C:C:C(O):C:C:4CC[C@H]3[C@@H]1CC[C@@H]2O,0.0,C[C@]12CC[C@@H]3c4ccc(O)cc4CC[C@H]3[C@@H]1CC[C@@H]2O
CC1:C:C2:C(:S:1)NC1:C:C:C:C:C:1N=C2N1CCN(C)CC1,0.0,Cc1cc2c(s1)Nc1ccccc1N=C2N1CCN(C)CC1
CCC1:C:C(C(N)=S):C:C:N:1,0.0,CCc1cc(C(N)=S)ccn1
C#C[C@]1(O)CC[C@H]2[C@@H]3CCC4:C:C(O):C:C:C:4[C@H]3CC[C@@]21C,0.0,C#C[C@]1(O)CC[C@H]2[C@@H]3CCc4cc(O)ccc4[C@H]3CC[C@@]21C
CN/C(=N\[N+](=O)[O-])NCC1:C:N:C(Cl):S:1,0.0,CN/C(=N\[N+](=O)[O-])NCc1cnc(Cl)s1
CC[C@H](C1:C:C:C(O):C:C:1)[C@@H](CC)C1:C:C:C(O):C:C:1,1.0,CC[C@H](c1ccc(O)cc1)[C@@H](CC)c1ccc(O)cc1
CC(=O)OCC(CCN1:C:N:C2:C:N:C(N):N:C:2:1)COC(C)=O,0.0,CC(=O)OCC(CCn1cnc2cnc(N)nc21)COC(C)=O
NC(N)=NC1:N:C(CSCC/C(N)=N\S(N)(=O)=O):C:S:1,0.0,NC(N)=Nc1nc(CSCC/C(N)=N\S(N)(=O)=O)cs1
C=C1C[C@@H]2[C@H](CC[C@]3(C)C(=O)CC[C@@H]23)[C@@]2(C)C=CC(=O)C=C12,1.0,C=C1C[C@@H]2[C@H](CC[C@]3(C)C(=O)CC[C@@H]23)[C@@]2(C)C=CC(=O)C=C12
CCOC(=O)C1:C:N:C:N:1C(C)C1:C:C:C:C:C:1,0.0,CCOC(=O)c1cncn1C(C)c1ccccc1
CCC1:C:C2:C(:S:1)N1:C(C):N:N:C:1CN=C2C1:C:C:C:C:C:1Cl,0.0,CCc1cc2c(s1)-n1c(C)nnc1CN=C2c1ccccc1Cl
CN1:C(=O):C2:C(:N:C:N:2CCO):N(C):C:1=O,0.0,Cn1c(=O)c2c(ncn2CCO)n(C)c1=O
CC1:C:C:C:C:C:1NC(=N)NC1:C:C:C:C:C:1C,0.0,Cc1ccccc1NC(=N)Nc1ccccc1C
CO[C@H]1O[C@H](CO)[C@@H](O)[C@H](O)[C@H]1O,0.0,CO[C@H]1O[C@H](CO)[C@@H](O)[C@H](O)[C@H]1O
CC(C)(C)C1:C:C:C(O):C(C(C)(C)C):C:1,0.0,CC(C)(C)c1ccc(O)c(C(C)(C)C)c1
CNC(=O)OC1:C:C:C:C(N=CN(C)C):C:1,1.0,CNC(=O)Oc1cccc(N=CN(C)C)c1
O=C1OCCO1,0.0,O=C1OCCO1
C=C(CC(=O)O)C(=O)O,0.0,C=C(CC(=O)O)C(=O)O
CC(C)C(=O)OC(=O)C(C)C,0.0,CC(C)C(=O)OC(=O)C(C)C
NC1:N:C2:C:C(Cl):C:C:C:2:O:1,0.0,Nc1nc2cc(Cl)ccc2o1
CC1:C:C:C(Cl):C:C:1N,0.0,Cc1ccc(Cl)cc1N
CC1:C:C:C(N):C:C:1Cl,0.0,Cc1ccc(N)cc1Cl
CC(O)CCl,0.0,CC(O)CCl
NC1:C:C:C(N):C(Cl):C:1,1.0,Nc1ccc(N)c(Cl)c1
NC1:C:C:C(Cl):C:C:1N,1.0,Nc1ccc(Cl)cc1N
CCCCN(CCC(=O)OCC)C(C)=O,0.0,CCCCN(CCC(=O)OCC)C(C)=O
O=[N+]([O-])C1:C:C:C:C:C:1Cl,0.0,O=[N+]([O-])c1ccccc1Cl
COC(=O)C=C(C)N,0.0,COC(=O)C=C(C)N
COC1:C:N:C(OC):N2:N:C(NS(=O)(=O)C3:C(OCC(F)F):C:C:C:C:3C(F)(F)F):N:C:1:2,0.0,COc1cnc(OC)n2nc(NS(=O)(=O)c3c(OCC(F)F)cccc3C(F)(F)F)nc12
O=C([O-])[O-].[Sr+2],0.0,O=C([O-])[O-].[Sr+2]
O=C(O)[C@@H]1CSCN1,0.0,O=C(O)[C@@H]1CSCN1
CC(=O)N[C@@H](CCC(=O)O)C(=O)O,0.0,CC(=O)N[C@@H](CCC(=O)O)C(=O)O
C=CC(=O)OC(C)(C)C,0.0,C=CC(=O)OC(C)(C)C
OCC1:C:C:C:C:N:1,1.0,OCc1ccccn1
CN1:C:C:C2:C:C3:C(:C:C:2:1)CCN3C(=O)NC1:C:C:C:N:C:1,0.0,Cn1ccc2cc3c(cc21)CCN3C(=O)Nc1cccnc1
CC1(C)CC(O)CC(C)(C)N1,0.0,CC1(C)CC(O)CC(C)(C)N1
CC1:C:C:C:N:C:1,0.0,Cc1cccnc1
OC1CCCCC1,0.0,OC1CCCCC1
CC1:C:C:N:C:C:1,0.0,Cc1ccncc1
CC(C)OC(C)C,0.0,CC(C)OC(C)C
O=C(O)COC1:C:C:C2:C:C:C:C:C:2:C:1,0.0,O=C(O)COc1ccc2ccccc2c1
CCCCOC(=O)C(C)O,0.0,CCCCOC(=O)C(C)O
CNC(=S)NC,0.0,CNC(=S)NC
CCCCCCCCCC[N+](C)(C)[O-],0.0,CCCCCCCCCC[N+](C)(C)[O-]
O=C1CCC(=O)N1Cl,0.0,O=C1CCC(=O)N1Cl
CCCCNS(=O)(=O)C1:C:C:C(C):C:C:1,0.0,CCCCNS(=O)(=O)c1ccc(C)cc1
CCN(CCN)C1:C:C:C:C(C):C:1,0.0,CCN(CCN)c1cccc(C)c1
CC(COC(=O)C1:C:C:C:C:C:1)OC(=O)C1:C:C:C:C:C:1,0.0,CC(COC(=O)c1ccccc1)OC(=O)c1ccccc1
O=C([O-])CNC1:C:C:C:C:C:1,0.0,O=C([O-])CNc1ccccc1
CC1:C:C:C2:C(:C:1)C(=O)OC2=O,0.0,Cc1ccc2c(c1)C(=O)OC2=O
CC(C)(N)C#N,0.0,CC(C)(N)C#N
CNC(C)CC1:C:C:C:C:C:1OC,0.0,CNC(C)Cc1ccccc1OC
NCCN1CCOCC1,0.0,NCCN1CCOCC1
COP(=S)(OC)OC1:C:C:C(S(N)(=O)=O):C:C:1,0.0,COP(=S)(OC)Oc1ccc(S(N)(=O)=O)cc1
CC1CC(C)C(=O)C1=O,0.0,CC1CC(C)C(=O)C1=O
CC(=O)SCC1:C:C:C:O:1,1.0,CC(=O)SCc1ccco1
CC1:C:C:C(C(C)NC(=O)[C@@H](NC(=O)OC(C)C)C(C)C):C:C:1,0.0,Cc1ccc(C(C)NC(=O)[C@@H](NC(=O)OC(C)C)C(C)C)cc1
C1:C:O:C(CN2:C:C:C:C:2):C:1,0.0,c1coc(Cn2cccc2)c1
BrC1:C(Br):C(Br):C(Br):C(Br):C:1Br,0.0,Brc1c(Br)c(Br)c(Br)c(Br)c1Br
CCCCCCCCCCC=CC#N,0.0,CCCCCCCCCCC=CC#N
COC(=O)C1:S:C:C:C:1S(=O)(=O)NC(=O)NC1:N:C(C):N:C(OC):N:1,0.0,COC(=O)c1sccc1S(=O)(=O)NC(=O)Nc1nc(C)nc(OC)n1
CCCCCCC,0.0,CCCCCCC
COC(=O)C(C)OC1:C:C:C(OC2:N:C:C(C(F)(F)F):C:C:2Cl):C:C:1,0.0,COC(=O)C(C)Oc1ccc(Oc2ncc(C(F)(F)F)cc2Cl)cc1
CC1=NN(C2:C:C(Cl):C(S(=O)(=O)[O-]):C:C:2Cl)C(=O)C1/N=N/C1:C:C:C(S(=O)(=O)[O-]):C:C:1,0.0,CC1=NN(c2cc(Cl)c(S(=O)(=O)[O-])cc2Cl)C(=O)C1/N=N/c1ccc(S(=O)(=O)[O-])cc1
COC1:C:C:C:C:C:1/N=N/C1:C(S(=O)(=O)[O-]):C:C2:C:C(S(=O)(=O)[O-]):C:C(NC(C)=O):C:2:C:1O,0.0,COc1ccccc1/N=N/c1c(S(=O)(=O)[O-])cc2cc(S(=O)(=O)[O-])cc(NC(C)=O)c2c1O
CC1(C)[C@@H](O[C@H]2O[C@H](C(=O)O)[C@@H](O)[C@H](O)[C@H]2O[C@@H]2O[C@H](C(=O)O)[C@@H](O)[C@H](O)[C@H]2O)CC[C@@]2(C)[C@H]1CC[C@]1(C)[C@@H]2C(=O)C=C2[C@@H]3C[C@@](C)(C(=O)O)CC[C@]3(C)CC[C@]21C,0.0,CC1(C)[C@@H](O[C@H]2O[C@H](C(=O)O)[C@@H](O)[C@H](O)[C@H]2O[C@@H]2O[C@H](C(=O)O)[C@@H](O)[C@H](O)[C@H]2O)CC[C@]2(C)[C@H]3C(=O)C=C4[C@@H]5C[C@@](C)(C(=O)O)CC[C@]5(C)CC[C@@]4(C)[C@]3(C)CC[C@@H]12
ClCCOCCOCCCl,0.0,ClCCOCCOCCCl
COC(CC1:C:C:C:C:C:1)OC,0.0,COC(Cc1ccccc1)OC
NC1:C(/N=N/C2:C:C:C(C3:C:C:C(/N=N/C4:C:C(S(=O)(=O)[O-]):C5:C:C:C:C:C:5:C:4N):C:C:3):C:C:2):C:C(S(=O)(=O)[O-]):C2:C:C:C:C:C:1:2,0.0,Nc1c(/N=N/c2ccc(-c3ccc(/N=N/c4cc(S(=O)(=O)[O-])c5ccccc5c4N)cc3)cc2)cc(S(=O)(=O)[O-])c2ccccc12
O=C1:[NH]:C2:C:C(Cl):C:C:C:2:O:1,0.0,O=c1[nH]c2cc(Cl)ccc2o1
CCC(C)(OC1:C:C:C(C2(C3:C:C:C(OC(C)(CC)C(=O)O):C:C:3)CCCCC2):C:C:1)C(=O)O,0.0,CCC(C)(Oc1ccc(C2(c3ccc(OC(C)(CC)C(=O)O)cc3)CCCCC2)cc1)C(=O)O
CC1:C:C:C:C(C):C:1NC(=O)CC12CCCN1CCC2,0.0,Cc1cccc(C)c1NC(=O)CC12CCCN1CCC2
C[C@]12CC[C@H]3[C@@H](CC=C4C[C@@H](O)CC[C@@]43C)[C@@H]1CC[C@@H]2O,0.0,C[C@]12CC[C@H]3[C@@H](CC=C4C[C@@H](O)CC[C@@]43C)[C@@H]1CC[C@@H]2O
CC[N+](C)(C)C1:C:C:C:C(O):C:1,0.0,CC[N+](C)(C)c1cccc(O)c1
COC(=O)C1:C:C:C:C:C:1O,0.0,COC(=O)c1ccccc1O
CC1:C:C:C2:C:C:C3:C:C:C:C4:C:C:C:1:C:2:C:3:4,0.0,Cc1ccc2ccc3cccc4ccc1c2c34
CC1:C:C:C2:C:C:C:N:C:2:C:1,0.0,Cc1ccc2cccnc2c1
CC(C)(C#N)C1:C:C(CN2:C:N:C:N:2):C:C(C(C)(C)C#N):C:1,0.0,CC(C)(C#N)c1cc(Cn2cncn2)cc(C(C)(C)C#N)c1
CC(C)CC1:N:C:C:S:1,0.0,CC(C)Cc1nccs1
CCN(CC)CCNC(=O)C1:C:C:C(NC(C)=O):C:C:1,0.0,CCN(CC)CCNC(=O)c1ccc(NC(C)=O)cc1
O=C(OC1:C:C:C:C:C:1)C1:C:C:C:C:C:1C(=O)OC1:C:C:C:C:C:1,0.0,O=C(Oc1ccccc1)c1ccccc1C(=O)Oc1ccccc1
COP(=O)(OC)OC(C1:C:C:C(Cl):C:C:1)P(=O)(OC)OC,0.0,COP(=O)(OC)OC(c1ccc(Cl)cc1)P(=O)(OC)OC
CC1(N)CCC(C(C)(C)N)CC1,0.0,CC1(N)CCC(C(C)(C)N)CC1
CN1:N:C(N):C2:C:N([C@@H]3O[C@H](CO)[C@@H](O)[C@H]3O):C3:N:C:N:C:1:C:2:3,1.0,CN1N=C(N)c2cn([C@@H]3O[C@H](CO)[C@@H](O)[C@H]3O)c3ncnc1c23
CCC(CC)(CC(=O)NC1:C:C:C:C(/C=C/C2:N:C(C3CCC3):C:S:2):C:1)C(=O)O,1.0,CCC(CC)(CC(=O)Nc1cccc(/C=C/c2nc(C3CCC3)cs2)c1)C(=O)O
CC1:C:C2:N:C3:C(=O):[NH]:C(=O):N:C3:N(C[C@H](O)[C@H](O)[C@H](O)CO):C:2:C:C:1C,0.0,Cc1cc2nc3c(=O)[nH]c(=O)nc-3n(C[C@H](O)[C@H](O)[C@H](O)CO)c2cc1C
OC(CN1CCC(CC2:C:C:C(F):C:C:2)CC1)C1:C:C:C(Cl):C:C:1,0.0,OC(CN1CCC(Cc2ccc(F)cc2)CC1)c1ccc(Cl)cc1
CC1:C:[NH]:C2:C:C:C:C:C:1:2,0.0,Cc1c[nH]c2ccccc12
C1:C:C2:C3:C(:C:C:C:C:3:C:1)CC2,0.0,c1cc2c3c(cccc3c1)CC2
CC/C(=N\OC/C=C/Cl)C1=C(O)CC(C2CCOCC2)CC1=O,0.0,CC/C(=N\OC/C=C/Cl)C1=C(O)CC(C2CCOCC2)CC1=O
NC(=O)CF,0.0,NC(=O)CF
CC(C)(C)Cl,0.0,CC(C)(C)Cl
CCCCCCCCCCCCSC,0.0,CCCCCCCCCCCCSC
O=C1NC(C2:C:C:C:C:C:2)(C2:C:C:C:C:C:2)C(=O)N1COP(=O)(O)O,0.0,O=C1NC(c2ccccc2)(c2ccccc2)C(=O)N1COP(=O)(O)O
O=C1CCCN1CCO,0.0,O=C1CCCN1CCO
CCCCC(CC)COC(=O)OOC(C)(C)C,0.0,CCCCC(CC)COC(=O)OOC(C)(C)C
CCCCNC1CC(C)(C)NC(C)(C)C1,0.0,CCCCNC1CC(C)(C)NC(C)(C)C1
CCCCC(CC)CO[PH](=O)OCC(CC)CCCC,0.0,CCCCC(CC)CO[PH](=O)OCC(CC)CCCC
O=C(C(=O)C1:C:C:C(Br):C:C:1)C1:C:C:C(Br):C:C:1,0.0,O=C(C(=O)c1ccc(Br)cc1)c1ccc(Br)cc1
CCN1:C:C(C(=O)O):C(=O):C2:C:C(F):C(N3CCNC(C)C3):C(F):C:2:1,0.0,CCn1cc(C(=O)O)c(=O)c2cc(F)c(N3CCNC(C)C3)c(F)c21
C[C@@H](O)[C@H]1C(=O)N2C(C(=O)O)=C(S[C@@H]3CN[C@H](C(=O)N(C)C)C3)[C@H](C)[C@H]12,0.0,C[C@@H](O)[C@H]1C(=O)N2C(C(=O)O)=C(S[C@@H]3CN[C@H](C(=O)N(C)C)C3)[C@H](C)[C@H]12
O=C(NCC(O)CO)C1:C(I):C(C(=O)NCC(O)CO):C(I):C(N(CCO)C(=O)CO):C:1I,0.0,O=C(NCC(O)CO)c1c(I)c(C(=O)NCC(O)CO)c(I)c(N(CCO)C(=O)CO)c1I
CC(=O)N(CC(O)CN(C(C)=O)C1:C(I):C(C(=O)NCC(O)CO):C(I):C(C(=O)NCC(O)CO):C:1I)C1:C(I):C(C(=O)NCC(O)CO):C(I):C(C(=O)NCC(O)CO):C:1I,0.0,CC(=O)N(CC(O)CN(C(C)=O)c1c(I)c(C(=O)NCC(O)CO)c(I)c(C(=O)NCC(O)CO)c1I)c1c(I)c(C(=O)NCC(O)CO)c(I)c(C(=O)NCC(O)CO)c1I
O=C(O)COC(=O)CC1:C:C:C:C:C:1NC1:C(Cl):C:C:C:C:1Cl,0.0,O=C(O)COC(=O)Cc1ccccc1Nc1c(Cl)cccc1Cl
O=S(=O)(O)C1:C:C:C:C:C:1O,0.0,O=S(=O)(O)c1ccccc1O
CCCCCCCC/C=C\CCCCCCCC(=O)OC[C@@H](O)[C@H]1OC[C@H](O)[C@H]1O,0.0,CCCCCCCC/C=C\CCCCCCCC(=O)OC[C@@H](O)[C@H]1OC[C@H](O)[C@H]1O
CC(=O)OC1:C:C2:C(:S:1)CCN(C(C(=O)C1CC1)C1:C:C:C:C:C:1F)C2,0.0,CC(=O)Oc1cc2c(s1)CCN(C(C(=O)C1CC1)c1ccccc1F)C2
CCOC(=O)[C@H](CCC1:C:C:C:C:C:1)N[C@@H](C)C(=O)N1[C@H](C(=O)O)C[C@@H]2CCC[C@@H]21,0.0,CCOC(=O)[C@H](CCc1ccccc1)N[C@@H](C)C(=O)N1[C@H](C(=O)O)C[C@@H]2CCC[C@@H]21
O=C(C1:C:C:C(OCCN2CCCCC2):C:C:1)C1:C(C2:C:C:C(O):C:C:2):S:C2:C:C(O):C:C:C:1:2,0.0,O=C(c1ccc(OCCN2CCCCC2)cc1)c1c(-c2ccc(O)cc2)sc2cc(O)ccc12
NC(=O)C1:N:C:N([C@@H]2O[C@H](CO)[C@@H](O)[C@H]2O):N:1,0.0,NC(=O)c1ncn([C@@H]2O[C@H](CO)[C@@H](O)[C@H]2O)n1
CC1=C(/C=C/C(C)=C/C=C/C(C)=C/CO)C(C)(C)CCC1,1.0,CC1=C(/C=C/C(C)=C/C=C/C(C)=C/CO)C(C)(C)CCC1
CCCCCCCCCCCCCCCCCCN(C)C,0.0,CCCCCCCCCCCCCCCCCCN(C)C
CCCCOCCOCCOC(C)=O,0.0,CCCCOCCOCCOC(C)=O
O=C1CCCCO1,0.0,O=C1CCCCO1
CCCCOC(=O)CC#N,0.0,CCCCOC(=O)CC#N
COC1:C:C:C(C(CN(C)C)C2(O)CCCCC2):C:C:1,0.0,COc1ccc(C(CN(C)C)C2(O)CCCCC2)cc1
N[C@@H](CC1:C:C:C(O):C:C:1)C(=O)O,0.0,N[C@@H](Cc1ccc(O)cc1)C(=O)O
CCCC(CCC)C(=O)O,0.0,CCCC(CCC)C(=O)O
O=C(CC1:C:C:C:C:C:1)C1:C:C:C:C:C:1,0.0,O=C(Cc1ccccc1)c1ccccc1
CC(C)(C)NCCO,0.0,CC(C)(C)NCCO
CCN(CC)CCOC(=O)C1:C:C:C(N):C:C:1,0.0,CCN(CC)CCOC(=O)c1ccc(N)cc1
CC(=O)C1CCOC1=O,0.0,CC(=O)C1CCOC1=O
NC1:C:C(N):C:C(C(=O)O):C:1,0.0,Nc1cc(N)cc(C(=O)O)c1
N#CC1:C(Cl):C:C:C:C:1Cl,0.0,N#Cc1c(Cl)cccc1Cl
C1:C:C:C2:O:C:C:C:2:C:1,0.0,c1ccc2occc2c1
NC1:N:C(N):N:C(C2:C:C:C:C:C:2):N:1,0.0,Nc1nc(N)nc(-c2ccccc2)n1
O=C(O)C1:C:C:C:C:C:1,0.0,O=C(O)c1ccccc1
O=C(C1:C:C:C:C:C:1)C(O)C1:C:C:C:C:C:1,0.0,O=C(c1ccccc1)C(O)c1ccccc1
O=C1C=CC(=O)C=C1,1.0,O=C1C=CC(=O)C=C1
C1:C:C:C2:S:C(SSC3:N:C4:C:C:C:C:C:4:S:3):N:C:2:C:1,1.0,c1ccc2sc(SSc3nc4ccccc4s3)nc2c1
C1:C:C:C2:[NH]:N:N:C:2:C:1,0.0,c1ccc2[nH]nnc2c1
ClC(Cl)(Cl)C1:C:C:C:C:C:1,0.0,ClC(Cl)(Cl)c1ccccc1
NNC(=O)C1:C:C:C:C:C:1,0.0,NNC(=O)c1ccccc1
CS(=O)(=O)NC1:C:C:C([N+](=O)[O-]):C:C:1OC1:C:C:C:C:C:1,0.0,CS(=O)(=O)Nc1ccc([N+](=O)[O-])cc1Oc1ccccc1
FC1(F)C(F)(F)C(F)(F)C2(F)C(F)(F)C(F)(F)C(F)(F)C(F)(F)C2(F)C1(F)F,0.0,FC1(F)C(F)(F)C(F)(F)C2(F)C(F)(F)C(F)(F)C(F)(F)C(F)(F)C2(F)C1(F)F
CCCC/C=C/C=C\C=O,1.0,CCCC/C=C/C=C\C=O
CC(C)=CCCC(C)CC(=O)O,0.0,CC(C)=CCCC(C)CC(=O)O
CCC1:N:C:C:N:C:1CC,0.0,CCc1nccnc1CC
C1:C:C:C(NC2:C:C:C:C3:C:C:C:C:C:2:3):C:C:1,0.0,c1ccc(Nc2cccc3ccccc23)cc1
N#CC1:C:C:N:C:C:1,0.0,N#Cc1ccncc1
C[C@@H](N)[C@@H](O)C1:C:C:C:C:C:1,0.0,C[C@@H](N)[C@@H](O)c1ccccc1
NCCCN1CCOCC1,0.0,NCCCN1CCOCC1
CC1(C)CC(=O)CC(C)(C)N1,0.0,CC1(C)CC(=O)CC(C)(C)N1
O=C(O)C(O)C(O)C(=O)O,0.0,O=C(O)C(O)C(O)C(=O)O
SC1:C:C:C:C:C:1,0.0,Sc1ccccc1
O=C1:C2:C:C:C:C:C:2:C(=O):C2:C:1:C:C(Cl):C1:[NH]:C3:C(:[NH]:C:1:2):C(Cl):C:C1:C(=O):C2:C:C:C:C:C:2:C(=O):C:1:3,0.0,O=c1c2ccccc2c(=O)c2c1cc(Cl)c1[nH]c3c([nH]c12)c(Cl)cc1c(=O)c2ccccc2c(=O)c13
CCC(C(=O)OCCOCCN(CC)CC)C1:C:C:C:C:C:1.O=C(O)CC(O)(CC(=O)O)C(=O)O,0.0,CCC(C(=O)OCCOCCN(CC)CC)c1ccccc1.O=C(O)CC(O)(CC(=O)O)C(=O)O
CN1CCN(C2:C:C3:C(:N:N:2)OC2:C:C:C:C:C:2N3C)CC1,0.0,CN1CCN(c2cc3c(nn2)Oc2ccccc2N3C)CC1
O=C(N/N=C/C1:C:C:C:C:C:1O)C1:C:C:N:C:C:1,0.0,O=C(N/N=C/c1ccccc1O)c1ccncc1
CC1:C:C:C(S(=O)(=O)NC(=O)NC2CCCCC2):C:C:1,0.0,Cc1ccc(S(=O)(=O)NC(=O)NC2CCCCC2)cc1
NS(=O)(=O)C1:C:C:C(NC(=O)CCC(=O)O):C:C:1,0.0,NS(=O)(=O)c1ccc(NC(=O)CCC(=O)O)cc1
COC1:C:C:C(S(=O)(=O)NC2:N:N:C(CC(C)C):S:2):C:C:1,0.0,COc1ccc(S(=O)(=O)Nc2nnc(CC(C)C)s2)cc1
O=C(NC1:N:C:C([N+](=O)[O-]):S:1)C1:C:C:C:S:1,1.0,O=C(Nc1ncc([N+](=O)[O-])s1)c1cccs1
CC(C)(O)C(=O)O,0.0,CC(C)(O)C(=O)O
CC[C@@H]1C[C@H](N(CC2:C:C(C(F)(F)F):C:C(C(F)(F)F):C:2)C(C)=O)C2:C:C(C(F)(F)F):C:C:C:2N1C(=O)OC(C)C,0.0,CC[C@@H]1C[C@H](N(Cc2cc(C(F)(F)F)cc(C(F)(F)F)c2)C(C)=O)c2cc(C(F)(F)F)ccc2N1C(=O)OC(C)C
CC(C)(O)C1:C:C:C(CNC(=O)C2:C:C:C:N:C:2OC2:C:C:C(F):C:C:2):C:C:1,0.0,CC(C)(O)c1ccc(CNC(=O)c2cccnc2Oc2ccc(F)cc2)cc1
CC(CC1:C:C:C(OCC(=O)O):C:C:1)NCC(O)C1:C:S:C(C(F)(F)F):N:1,0.0,CC(Cc1ccc(OCC(=O)O)cc1)NCC(O)c1csc(C(F)(F)F)n1
CC1:N:C:C:N:1C1:C:C:C(SC2:C:C:C:C(C3(C(N)=O)CCOCC3):C:2):C:C:1,1.0,Cc1nccn1-c1ccc(Sc2cccc(C3(C(N)=O)CCOCC3)c2)cc1
CC1:C:C(CCN2CCN(C3:N:S:C4:C:C:C:C:C:3:4)CC2):C:C2:C:1NC(=O)CC2(C)C,1.0,Cc1cc(CCN2CCN(c3nsc4ccccc34)CC2)cc2c1NC(=O)CC2(C)C
O=C1:[NH]:C2:C:C:C(S(=O)CCN3CCC(CC4:C:C:C(F):C:C:4)CC3):C:C:2:O:1,1.0,O=c1[nH]c2ccc(S(=O)CCN3CCC(Cc4ccc(F)cc4)CC3)cc2o1
NC1:C:C(Cl):C(O):C(Cl):C:1,1.0,Nc1cc(Cl)c(O)c(Cl)c1
OC1CCC(C2CCCCC2)CC1,0.0,OC1CCC(C2CCCCC2)CC1
O=C(NC1:C:C:C:C:C:1)C1:C:C([N+](=O)[O-]):C:C:C:1Cl,1.0,O=C(Nc1ccccc1)c1cc([N+](=O)[O-])ccc1Cl
O=C(O)C1:C:C:C([Hg]Cl):C:C:1,1.0,O=C(O)c1cc[c]([Hg][Cl])cc1
CC1:C(C(=O)NCCO):[N+]([O-]):C2:C:C:C:C:C:2:[N+]:1[O-],0.0,Cc1c(C(=O)NCCO)[n+]([O-])c2ccccc2[n+]1[O-]
OC(CN1:C:N:C:N:1)(C1:C:C:C(F):C:C:1)C1:C:C:C:C:C:1F,0.0,OC(Cn1cncn1)(c1ccc(F)cc1)c1ccccc1F
CCCCOP(=O)(O)OCCCC,0.0,CCCCOP(=O)(O)OCCCC
NC(=O)C1:C:C:C([N+](=O)[O-]):C:C:1,0.0,NC(=O)c1ccc([N+](=O)[O-])cc1
CCCO[Si](OCCC)(OCCC)OCCC,0.0,CCCO[Si](OCCC)(OCCC)OCCC
CCCC(=O)Cl,0.0,CCCC(=O)Cl
CCCCCCCCCl,0.0,CCCCCCCCCl
OC1:C:C:C:C:C:1Cl,0.0,Oc1ccccc1Cl
CC(Cl)C(=O)O,0.0,CC(Cl)C(=O)O
O=C(O)CCCl,0.0,O=C(O)CCCl
O=[Cd],0.0,[O]=[Cd]
COC1:C:C:C(OC):C(C(O)CNC(=O)CN):C:1,0.0,COc1ccc(OC)c(C(O)CNC(=O)CN)c1
CSC1:C:N:C:C:N:1,0.0,CSc1cnccn1
C=CC(C)(CCC=C(C)C)OC(=O)C(C)C,0.0,C=CC(C)(CCC=C(C)C)OC(=O)C(C)C
CCCCCCCCCCOC(=O)C1:C:C:C:C:C:1C(=O)OCCCCCCCC,0.0,CCCCCCCCCCOC(=O)c1ccccc1C(=O)OCCCCCCCC
CC(C)OC=O,0.0,CC(C)OC=O
N#CC1:C:C:C:C(C#N):C:1,0.0,N#Cc1cccc(C#N)c1
CCOC(=O)/C=C/C(=O)OCC,1.0,CCOC(=O)/C=C/C(=O)OCC
CCC(C)COC(C)=O,0.0,CCC(C)COC(C)=O
C1:C:C:C(CC2:C:C:C:C:C:2):C:C:1,0.0,c1ccc(Cc2ccccc2)cc1
C[C@H]1CNCCC2:C:C:C(Cl):C:C:21,0.0,C[C@H]1CNCCc2ccc(Cl)cc21
CC1:N:N:C(C(=O)NC(C)(C)C2:N:C(C(=O)NCC3:C:C:C(F):C:C:3):C(O):C(=O):N:2C):O:1,0.0,Cc1nnc(C(=O)NC(C)(C)c2nc(C(=O)NCc3ccc(F)cc3)c(O)c(=O)n2C)o1
O=S(=O)(C1:C:C:C:C:C:1)C1:C:C:C:C:C:1,0.0,O=S(=O)(c1ccccc1)c1ccccc1
CCC(C)OC(=O)C1:C:C:C(O):C:C:1,0.0,CCC(C)OC(=O)c1ccc(O)cc1
CC1:C:C:C(NC(=O)N(C)C):C:C:1NC(=O)N(C)C,0.0,Cc1ccc(NC(=O)N(C)C)cc1NC(=O)N(C)C
C=COCC1CCC(COC=C)CC1,0.0,C=COCC1CCC(COC=C)CC1
N#CC1:C(F):C:C:C:C:1F,0.0,N#Cc1c(F)cccc1F
CC(O)CN1CCN(CC(=O)[O-])CCN(CC(=O)[O-])CCN(CC(=O)[O-])CC1.[Gd+3],0.0,CC(O)CN1CCN(CC(=O)[O-])CCN(CC(=O)[O-])CCN(CC(=O)[O-])CC1.[Gd+3]
S=C=S,0.0,S=C=S
CN1[C@H]2CC[C@@H]1C[C@H](NC(=O)N1:C(=O):[NH]:C3:C:C:C:C:C:3:1)C2,0.0,CN1[C@@H]2CC[C@H]1C[C@@H](NC(=O)n1c(=O)[nH]c3ccccc31)C2
CC(C(=O)O)C1:C:C:C(/C=C2\CCCCC2=O):C:C:1,1.0,CC(C(=O)O)c1ccc(/C=C2\CCCCC2=O)cc1
CCCCCOC1:C:C:C(C2SC(=O)NC2=O):C:C:1OCC,0.0,CCCCCOc1ccc(C2SC(=O)NC2=O)cc1OCC
CC[N+](CC)(CC)CCOC(=O)C(C1CCCC1)C1CCCC1,0.0,CC[N+](CC)(CC)CCOC(=O)C(C1CCCC1)C1CCCC1
CCOC(=O)C1:C:C:C(OCCN2C[C@H](O)[C@@H](O)[C@H](O)[C@H]2CO):C:C:1,0.0,CCOC(=O)c1ccc(OCCN2C[C@H](O)[C@@H](O)[C@H](O)[C@H]2CO)cc1
CC1:C:C:C(/C=N/N2:C(C3:C:C:C:C:C:3):C:S:C:2=S):C:C:1,1.0,Cc1ccc(/C=N/n2c(-c3ccccc3)csc2=S)cc1
CN(CCCN1C2:C:C:C:C:C:2CCC2:C:C:C:C:C:21)CC(=O)C1:C:C:C(Cl):C:C:1,1.0,CN(CCCN1c2ccccc2CCc2ccccc21)CC(=O)c1ccc(Cl)cc1
ClC1:C:C:C(C(Cl)(Cl)Cl):C:N:1,0.0,Clc1ccc(C(Cl)(Cl)Cl)cn1
C1:C:C:C(OP(OC2:C:C:C:C:C:2)OC2:C:C:C:C:C:2):C:C:1,0.0,c1ccc(OP(Oc2ccccc2)Oc2ccccc2)cc1
CC(CCl)OP(=O)(OC(C)CCl)OC(C)CCl,0.0,CC(CCl)OP(=O)(OC(C)CCl)OC(C)CCl
ClCCOP(OCCCl)OCCCl,0.0,ClCCOP(OCCCl)OCCCl
CCOC(=O)OCC,0.0,CCOC(=O)OCC
C=CC(=O)OCCOCCOC(=O)C=C,1.0,C=CC(=O)OCCOCCOC(=O)C=C
CCOCCOCCOCC,0.0,CCOCCOCCOCC
CCOP(=S)(OCC)SCCSCC,0.0,CCOP(=S)(OCC)SCCSCC
COCCOCCO,0.0,COCCOCCO
C1CN2CCN1CC2,0.0,C1CN2CCN1CC2
COC1:C:C:C(OC):C:C:1,0.0,COc1ccc(OC)cc1
CCCCCCCC/C=C\CCCCCCCCO,0.0,CCCCCCCC/C=C\CCCCCCCCO
ClC(Cl)(Cl)Br,0.0,ClC(Cl)(Cl)Br
CC(C)(C)NC[C@H](O)COC1:C:C:C:C2:C:1CCCC2=O,0.0,CC(C)(C)NC[C@H](O)COc1cccc2c1CCCC2=O
CC(C(=O)O)C1:C:C:C:C(C(=O)C2:C:C:C:C:C:2):C:1,0.0,CC(C(=O)O)c1cccc(C(=O)c2ccccc2)c1
C[C@H](CCC(=O)O)[C@H]1CC[C@H]2[C@@H]3CC[C@@H]4C[C@H](O)CC[C@]4(C)[C@H]3CC[C@@]21C,1.0,C[C@H](CCC(=O)O)[C@H]1CC[C@H]2[C@@H]3CC[C@@H]4C[C@H](O)CC[C@]4(C)[C@H]3CC[C@]12C
C=C(C)[C@H]1CC=C(C)CC1,0.0,C=C(C)[C@H]1CC=C(C)CC1
NC1:N:C(=O):[NH]:C:C:1F,0.0,Nc1nc(=O)[nH]cc1F
O=C(O)CC1:S:C(C2:C:C:C:C:C:2):N:C:1C1:C:C:C(Cl):C:C:1,0.0,O=C(O)Cc1sc(-c2ccccc2)nc1-c1ccc(Cl)cc1
CC(C)=CCC1C(=O)N(C2:C:C:C:C:C:2)N(C2:C:C:C:C:C:2)C1=O,1.0,CC(C)=CCC1C(=O)N(c2ccccc2)N(c2ccccc2)C1=O
O=C1:[NH]:C(=O):N([C@H]2C[C@H](O)[C@@H](CO)O2):C:C:1F,1.0,O=c1[nH]c(=O)n([C@H]2C[C@H](O)[C@@H](CO)O2)cc1F
O=CC1CC=CCC1,0.0,O=CC1CC=CCC1
CS(=O)(=O)C1:C:C:C(C(=O)C2C(=O)CCCC2=O):C([N+](=O)[O-]):C:1,0.0,CS(=O)(=O)c1ccc(C(=O)C2C(=O)CCCC2=O)c([N+](=O)[O-])c1
SCC1:C:C:C:C:C:1,0.0,SCc1ccccc1
N#CC1:C:C:C:N:C:1,0.0,N#Cc1cccnc1
O=S(=O)([O-])C(F)(F)C(F)(F)C(F)(F)C(F)(F)C(F)(F)C(F)(F)C(F)(F)C(F)(F)F,0.0,O=S(=O)([O-])C(F)(F)C(F)(F)C(F)(F)C(F)(F)C(F)(F)C(F)(F)C(F)(F)C(F)(F)F
CCC1(CC)C(=O)C=CNC1=O,0.0,CCC1(CC)C(=O)C=CNC1=O
O=C(OCC(COC(=O)C1:C:C:C:C:C:1)(COC(=O)C1:C:C:C:C:C:1)COC(=O)C1:C:C:C:C:C:1)C1:C:C:C:C:C:1,0.0,O=C(OCC(COC(=O)c1ccccc1)(COC(=O)c1ccccc1)COC(=O)c1ccccc1)c1ccccc1
COC1:C2:O:C:C:C:2:C(OC):C2:C(=O):C:C(C):O:C:1:2,0.0,COc1c2occc2c(OC)c2c(=O)cc(C)oc12
NC1:C:C:C(S(=O)(=O)NC2:C:C:C(Cl):N:N:2):C:C:1,0.0,Nc1ccc(S(=O)(=O)Nc2ccc(Cl)nn2)cc1
O=C(O)CO,0.0,O=C(O)CO
O=CC=O,0.0,O=CC=O
CC1CCC(C(C)C)C(O)C1,0.0,CC1CCC(C(C)C)C(O)C1
CN(C)CCOC(C)(C1:C:C:C:C:C:1)C1:C:C:C:C:N:1.O=C(O)CCC(=O)O,0.0,CN(C)CCOC(C)(c1ccccc1)c1ccccn1.O=C(O)CCC(=O)O
SC1:N:C2:C:C:C:C:C:2:S:1,1.0,Sc1nc2ccccc2s1
NCCC1:C:C:C(O):C(O):C:1,1.0,NCCc1ccc(O)c(O)c1
CC1:C:N:C(NC(=O)C2=C(O)C3:C:C:C:C:C:3S(=O)(=O)N2C):S:1,0.0,Cc1cnc(NC(=O)C2=C(O)c3ccccc3S(=O)(=O)N2C)s1
NC1:N:C(N):N:C(N):N:1,0.0,Nc1nc(N)nc(N)n1
O=S(=O)([O-])CCS,0.0,O=S(=O)([O-])CCS
CCN1:C:C:[N+](C):C:1C.O=S(=O)([N-]S(=O)(=O)C(F)(F)F)C(F)(F)F,0.0,CCn1cc[n+](C)c1C.O=S(=O)([N-]S(=O)(=O)C(F)(F)F)C(F)(F)F
CC1:C(I):C(=O):N(C2:C:C:C:C:C:2):N:1C,0.0,Cc1c(I)c(=O)n(-c2ccccc2)n1C
CCC(C(N)=O)N1CCCC1=O,0.0,CCC(C(N)=O)N1CCCC1=O
CC(=O)N[C@@H](CC1:C:C:C(O):C:C:1)C(=O)O,0.0,CC(=O)N[C@@H](Cc1ccc(O)cc1)C(=O)O
OCC(O)CS,0.0,OCC(O)CS
NC1:C:C:C(NCCO):C([N+](=O)[O-]):C:1,1.0,Nc1ccc(NCCO)c([N+](=O)[O-])c1
CC1:C:C(C):C(S(=O)(=O)[O-]):C:C:1N=NC1:C:C(S(=O)(=O)[O-]):C2:C:C:C:C:C:2:C:1O,0.0,Cc1cc(C)c(S(=O)(=O)[O-])cc1N=Nc1cc(S(=O)(=O)[O-])c2ccccc2c1O
[Be+2],0.0,[Be+2]
COCCOCCOCCOCCO,0.0,COCCOCCOCCOCCO
CC1:C:C:C:C(OC2:C:C:C:C:C:2):C:1,0.0,Cc1cccc(Oc2ccccc2)c1
CCCCCCCCCCCCCCCCCCCl,0.0,CCCCCCCCCCCCCCCCCCCl
O=C(CC(C(=O)OC1CCCCC1)S(=O)(=O)[O-])OC1CCCCC1,0.0,O=C(CC(C(=O)OC1CCCCC1)S(=O)(=O)[O-])OC1CCCCC1
CC/C(C)=N/O[Si](C)(O/N=C(\C)CC)O/N=C(\C)CC,0.0,CC/C(C)=N/O[Si](C)(O/N=C(\C)CC)O/N=C(\C)CC
CC(C)(C)C(=O)C(Cl)Cl,0.0,CC(C)(C)C(=O)C(Cl)Cl
CCCOC1:N:N(C(=O)[N-]S(=O)(=O)C2:C:C:C:C:C:2C(=O)OC):C(=O):N:1C,0.0,CCCOc1nn(C(=O)[N-]S(=O)(=O)c2ccccc2C(=O)OC)c(=O)n1C
CCCCCCC(CCCCCCCCCCC(=O)OCC(COC(C)=O)OC(C)=O)OC(C)=O,0.0,CCCCCCC(CCCCCCCCCCC(=O)OCC(COC(C)=O)OC(C)=O)OC(C)=O
CC(C)CCCCCCOC(=O)C1CCCCC1C(=O)OCCCCCCC(C)C,0.0,CC(C)CCCCCCOC(=O)C1CCCCC1C(=O)OCCCCCCC(C)C
C=CC(C)(CCC=C(C)C)OC=O,0.0,C=CC(C)(CCC=C(C)C)OC=O
CCCCCCCCCCCCOC(C)=O,0.0,CCCCCCCCCCCCOC(C)=O
CC1C(C)(C)C2=C(C(=O)CCC2)C1(C)C,0.0,CC1C(C)(C)C2=C(C(=O)CCC2)C1(C)C
CC(=O)OCCCC1:C:C:C:C:C:1,0.0,CC(=O)OCCCc1ccccc1
COC1:C:C:C(COC=O):C:C:1,0.0,COc1ccc(COC=O)cc1
O=C(NC(=O)C1:C(F):C:C:C:C:1F)NC1:C:C(Cl):C(OC2:N:C:C(C(F)(F)F):C:C:2Cl):C(Cl):C:1,1.0,O=C(NC(=O)c1c(F)cccc1F)Nc1cc(Cl)c(Oc2ncc(C(F)(F)F)cc2Cl)c(Cl)c1
OC[C@H](O)[C@@H](O)[C@H](O[C@@H]1O[C@H](CO)[C@H](O)[C@H](O)[C@H]1O)[C@H](O)CO,0.0,OC[C@@H](O)[C@@H](O[C@@H]1O[C@H](CO)[C@H](O)[C@H](O)[C@H]1O)[C@H](O)[C@@H](O)CO
FC1(F)C(F)(F)C(F)(F)C2(F)C(F)(C1(F)F)C(F)(F)C(F)(F)C1(F)C(F)(F)C(F)(F)C(F)(F)C(F)(F)C12F,0.0,FC1(F)C(F)(F)C(F)(F)C2(F)C(F)(C1(F)F)C(F)(F)C(F)(F)C1(F)C(F)(F)C(F)(F)C(F)(F)C(F)(F)C12F
CC1(C)O[C@@H]2CO[C@@]3(COS(N)(=O)=O)OC(C)(C)O[C@H]3[C@@H]2O1,0.0,CC1(C)O[C@@H]2[C@@H](CO[C@@]3(COS(N)(=O)=O)OC(C)(C)O[C@@H]23)O1
CC(C)CC(C)CC(C)CC(C)COC(=O)C1:C:C:C:C:C:1C(=O)OCC(C)CC(C)CC(C)CC(C)C,0.0,CC(C)CC(C)CC(C)CC(C)COC(=O)c1ccccc1C(=O)OCC(C)CC(C)CC(C)CC(C)C
F[B-](F)(F)F,0.0,F[B-](F)(F)F
C1:C:C:C2:S:C(SN3CCOCC3):N:C:2:C:1,0.0,c1ccc2sc(SN3CCOCC3)nc2c1
CC(C)(C)NCC(O)C1:C:C(Cl):C(N):C(Cl):C:1,0.0,CC(C)(C)NCC(O)c1cc(Cl)c(N)c(Cl)c1
C[N+]12CCC(CC1)C(OC(=O)C(O)(C1:C:C:C:C:C:1)C1:C:C:C:C:C:1)C2,0.0,C[N+]12CCC(CC1)C(OC(=O)C(O)(c1ccccc1)c1ccccc1)C2
OC1:C(I):C:C(Cl):C2:C:C:C:N:C:1:2,1.0,Oc1c(I)cc(Cl)c2cccnc12
C=CCOC(=O)CCCCCC,0.0,C=CCOC(=O)CCCCCC
COC1:C:C(C(=O)NCCCCCC(=O)O):C:C(OC):C:1OC,0.0,COc1cc(C(=O)NCCCCCC(=O)O)cc(OC)c1OC
C=C(Cl)CSC(=S)N(CC)CC,1.0,C=C(Cl)CSC(=S)N(CC)CC
OC[C@H]1O[C@H](O[C@]2(CO)O[C@H](CO)[C@@H](O)[C@@H]2O)[C@H](O)[C@@H](O)[C@@H]1O,0.0,OC[C@H]1O[C@@](CO)(O[C@H]2O[C@H](CO)[C@@H](O)[C@H](O)[C@H]2O)[C@@H](O)[C@@H]1O
O=S(=O)([O-])[S-],0.0,O=S(=O)([O-])[S-]
CC(=O)NS(=O)(=O)C1:C:C:C(N):C:C:1,0.0,CC(=O)NS(=O)(=O)c1ccc(N)cc1
C=C1C(C)(C)[C@@]2(Cl)C(Cl)[C@]1(Cl)C(Cl)(Cl)C2(Cl)Cl,1.0,C=C1C(C)(C)[C@@]2(Cl)C(Cl)[C@]1(Cl)C(Cl)(Cl)C2(Cl)Cl
CN(N=O)C(=O)N[C@H]1[C@@H](O)O[C@H](CO)[C@@H](O)[C@@H]1O,0.0,CN(N=O)C(=O)N[C@@H]1[C@@H](O)[C@H](O)[C@@H](CO)O[C@@H]1O
O=C1CCC(=O)O1,0.0,O=C1CCC(=O)O1
C1:C:C:C(C2CO2):C:C:1,0.0,c1ccc(C2CO2)cc1
NC1:C:C:C(S(=O)(=O)NC2:N:C:C:S:2):C:C:1,0.0,Nc1ccc(S(=O)(=O)Nc2nccs2)cc1
C=CC1:C:C:C:C:C:1,0.0,C=Cc1ccccc1
CC1:C:C(=O):O:C2:C:C(O):C:C:C:1:2,0.0,Cc1cc(=O)oc2cc(O)ccc12
C=CC(C)=O,0.0,C=CC(C)=O
CC(CCC1:C:C:C(O):C:C:1)NCCC1:C:C:C(O):C(O):C:1,0.0,CC(CCc1ccc(O)cc1)NCCc1ccc(O)c(O)c1
CCCCC(CC)COC(=O)CC(C(=O)OCC(CC)CCCC)S(=O)(=O)[O-],1.0,CCCCC(CC)COC(=O)CC(C(=O)OCC(CC)CCCC)S(=O)(=O)[O-]
CCCCCCOC1:C:C:C:C:C:1C(N)=O,1.0,CCCCCCOc1ccccc1C(N)=O
O=C1C(O)=C(O)C(=O)C(O)=C1O,0.0,O=C1C(O)=C(O)C(=O)C(O)=C1O
CCCC(=O)O[C@]1(C(=O)CO)CC[C@H]2[C@@H]3CCC4=CC(=O)CC[C@]4(C)[C@H]3[C@@H](O)C[C@@]21C,0.0,CCCC(=O)O[C@]1(C(=O)CO)CC[C@H]2[C@@H]3CCC4=CC(=O)CC[C@]4(C)[C@H]3[C@@H](O)C[C@@]21C
CC(N)CCCC(C)(C)O,0.0,CC(N)CCCC(C)(C)O
CCC1:C:C:C:C(O):C:1,0.0,CCc1cccc(O)c1
OC1:C:C:C(C(=C(Cl)Cl)C2:C:C:C(O):C:C:2):C:C:1,1.0,Oc1ccc(C(=C(Cl)Cl)c2ccc(O)cc2)cc1
O=C(O)/C=C/C1:C:C:C:C:C:1,0.0,O=C(O)/C=C/c1ccccc1
O=C(NCCN1CCOCC1)C1:C:C:C(Cl):C:C:1,0.0,O=C(NCCN1CCOCC1)c1ccc(Cl)cc1
CCC1:C:C:C:C(CC):C:1NC(=O)CN(CC(=O)O)CC(=O)O,0.0,CCc1cccc(CC)c1NC(=O)CN(CC(=O)O)CC(=O)O
CSCC[C@H](NC(=O)[C@H](CC1:C:[NH]:C2:C:C:C:C:C:1:2)NC(=O)CCNC(=O)OC(C)(C)C)C(=O)N[C@@H](CC(=O)O)C(=O)N[C@@H](CC1:C:C:C:C:C:1)C(N)=O,0.0,CSCC[C@H](NC(=O)[C@H](Cc1c[nH]c2ccccc12)NC(=O)CCNC(=O)OC(C)(C)C)C(=O)N[C@@H](CC(=O)O)C(=O)N[C@@H](Cc1ccccc1)C(N)=O
OC(CCN1CCCCC1)(C1:C:C:C:C:C:1)C1:C:C:C:C:C:1,0.0,OC(CCN1CCCCC1)(c1ccccc1)c1ccccc1
O=C(O)CCC1:N:C2:C:C:C:C:C:2:[NH]:1,0.0,O=C(O)CCc1nc2ccccc2[nH]1
CN1CCN(C2:C(F):C:C3:C(=O):C(C(=O)O):C:N(CCF):C:3:C:2F)CC1,0.0,CN1CCN(c2c(F)cc3c(=O)c(C(=O)O)cn(CCF)c3c2F)CC1
CC(C)=O,0.0,CC(C)=O
CC(O)CN1:C:N:C2:C:1:C(=O):N(C):C(=O):N:2C,0.0,CC(O)Cn1cnc2c1c(=O)n(C)c(=O)n2C
O=NN(CCO)CCO,0.0,O=NN(CCO)CCO
CCCCN(CCCC)N=O,0.0,CCCCN(CCCC)N=O
C#CC1(O)CCCCC1,0.0,C#CC1(O)CCCCC1
NC1:C:C:C:C2:C(O):N:N:C(O):C:1:2,0.0,Nc1cccc2c(O)nnc(O)c12
OCC(F)(F)F,0.0,OCC(F)(F)F
CC(=O)CN(CC(C)=O)N=O,0.0,CC(=O)CN(CC(C)=O)N=O
CC(=O)C(C)(C)C,0.0,CC(=O)C(C)(C)C
CC(C)CO,0.0,CC(C)CO
NC1:N:C(CC(=O)O):C:S:1,0.0,Nc1nc(CC(=O)O)cs1
NC1:N:C:C:S:1,0.0,Nc1nccs1
CN(C)CCCCl,0.0,CN(C)CCCCl
NC1:C:C:C(C(=O)OCC(O)CO):C:C:1,0.0,Nc1ccc(C(=O)OCC(O)CO)cc1
CC1:C:C(OCCOCC[N+](C)(C)CC2:C:C:C:C:C:2):C:C:C:1C(C)(C)CC(C)(C)C,1.0,Cc1cc(OCCOCC[N+](C)(C)Cc2ccccc2)ccc1C(C)(C)CC(C)(C)C
[N-]=[N+]=C1C=CC2:C(:C:C:C:C:2S(=O)(=O)[O-])C1=O,0.0,[N-]=[N+]=C1C=Cc2c(cccc2S(=O)(=O)[O-])C1=O
NC1:C:C(C(=O)O):C:C:C:1Cl,0.0,Nc1cc(C(=O)O)ccc1Cl
COC1:C:C:C:C:C:1OCC(O)COC(N)=O,0.0,COc1ccccc1OCC(O)COC(N)=O
CC[C@@H](CO)NC(=O)[C@@H]1C=C2C3:C:C:C:C4:[NH]:C:C(:C:3:4)C[C@H]2N(C)C1,0.0,CC[C@@H](CO)NC(=O)[C@@H]1C=C2c3cccc4[nH]cc(c34)C[C@H]2N(C)C1
CN1C(C)(C)CC(O)CC1(C)C,0.0,CN1C(C)(C)CC(O)CC1(C)C
CCCCOCCOC(=O)COC1:C:C:C(Cl):C:C:1Cl,0.0,CCCCOCCOC(=O)COc1ccc(Cl)cc1Cl
CCCC/C=C\CCCCCCCCCC=O,0.0,CCCC/C=C\CCCCCCCCCC=O
CCCC/C=C/CCCCO,0.0,CCCC/C=C/CCCCO
CCC1(CC)C(=O)N=C([O-])NC1=O,0.0,CCC1(CC)C(=O)N=C([O-])NC1=O
O=C1CC(=O)NC(=O)N1,0.0,O=C1CC(=O)NC(=O)N1
COP(=S)(OC)SCN1:N:N:C2:C:C:C:C:C:2:C:1=O,1.0,COP(=S)(OC)SCn1nnc2ccccc2c1=O
C1:C:C:C(N=NC2:C:C:C:C:C:2):C:C:1,0.0,c1ccc(N=Nc2ccccc2)cc1
CC1=C(C(=O)OC(C)C)C(C2:C:C:C:C([N+](=O)[O-]):C:2)C(C(=O)OC2CN(C(C3:C:C:C:C:C:3)C3:C:C:C:C:C:3)C2)=C(N)N1,1.0,CC1=C(C(=O)OC(C)C)C(c2cccc([N+](=O)[O-])c2)C(C(=O)OC2CN(C(c3ccccc3)c3ccccc3)C2)=C(N)N1
[N-]=[N+]=[N-],0.0,[N-]=[N+]=[N-]
CC1:C:N([C@H]2C[C@H](N=[N+]=[N-])[C@@H](CO)O2):C(=O):[NH]:C:1=O,0.0,Cc1cn([C@H]2C[C@H](N=[N+]=[N-])[C@@H](CO)O2)c(=O)[nH]c1=O
CCCCN(CCO)CCO,0.0,CCCCN(CCO)CCO
N#CCC1:C:C:C(Cl):C:C:1Cl,0.0,N#CCc1ccc(Cl)cc1Cl
C=C1CC[C@H]2C[C@@H]1C2(C)C,0.0,C=C1CC[C@H]2C[C@@H]1C2(C)C
CC1:C:C(O):C(C(C)C):C:C:1Cl,0.0,Cc1cc(O)c(C(C)C)cc1Cl
O=C1:[NH]:C2:C:C:C(Cl):C:C:2:O:1,1.0,O=c1[nH]c2ccc(Cl)cc2o1
CC1CC(=O)NN=C1C1:C:C:C(NCC(C)(C)NCC(O)COC2:C:C(Cl):C:C:C:2C#N):C:C:1,0.0,CC1CC(=O)NN=C1c1ccc(NCC(C)(C)NCC(O)COc2cc(Cl)ccc2C#N)cc1
O=C(O)COC1:C:C:C:C:C:1,0.0,O=C(O)COc1ccccc1
C1:C:C:C2:N:C:C:N:C:2:C:1,0.0,c1ccc2nccnc2c1
O=C1CCN(C2:C:C:C:C:C:2)N1,0.0,O=C1CCN(c2ccccc2)N1
CC(C)=CCC1=C(O)C(=O)C2:C:C:C:C:C:2C1=O,1.0,CC(C)=CCC1=C(O)C(=O)c2ccccc2C1=O
O=C1C2:C:C:C:C:C:2CC2:C:C:C:C:C:21,0.0,O=C1c2ccccc2Cc2ccccc21
CC1:C:C(C):C(NC(=O)CN(CC(=O)O)CC(=O)O):C(C):C:1Br,0.0,Cc1cc(C)c(NC(=O)CN(CC(=O)O)CC(=O)O)c(C)c1Br
CC/C=C\CCOC(=O)C1:C:C:C:C:C:1O,0.0,CC/C=C\CCOC(=O)c1ccccc1O
CC(=O)OCC(C)C,0.0,CC(=O)OCC(C)C
CC(C)(O)CCC(C)(C)O,0.0,CC(C)(O)CCC(C)(C)O
CCCCCCCCCCCCCC(=O)OC(C)C,0.0,CCCCCCCCCCCCCC(=O)OC(C)C
CC(=O)OC1CCCCC1C(C)(C)C,0.0,CC(=O)OC1CCCCC1C(C)(C)C
CC1:O:N:C:C:1C(=O)NC1:C:C:C(C(F)(F)F):C:C:1,1.0,Cc1oncc1C(=O)Nc1ccc(C(F)(F)F)cc1
CC1:C(OCC(F)(F)F):C:C:N:C:1CS(=O)C1:N:C2:C:C:C:C:C:2:[NH]:1,1.0,Cc1c(OCC(F)(F)F)ccnc1CS(=O)c1nc2ccccc2[nH]1
CCCCCCCCCCCCCCCCC(C(=O)O)C(O)(CC(=O)O)C(=O)O,0.0,CCCCCCCCCCCCCCCCC(C(=O)O)C(O)(CC(=O)O)C(=O)O
NC(=O)N[C@@H](CCC(=O)O)C(=O)O,0.0,NC(=O)N[C@@H](CCC(=O)O)C(=O)O
CCCCCCCCCCCC(=O)N(C)CC(=O)O,1.0,CCCCCCCCCCCC(=O)N(C)CC(=O)O
ON=CC=NO,0.0,ON=CC=NO
CCOC1:C:C:C2:[NH]:C:C(C(=O)NCC3:C:C:C:C:C:3):C(=O):C:2:N:1,1.0,CCOc1ccc2[nH]cc(C(=O)NCc3ccccc3)c(=O)c2n1
CCC1:N:N(C2CCCCC2):C2:C:C([C@]3(C#N)CC[C@@H](C(=O)O)CC3):C:C:C:1:2,1.0,CCc1nn(C2CCCCC2)c2cc([C@]3(C#N)CC[C@@H](C(=O)O)CC3)ccc12
O=C(N[C@@H](CC1:C:C:C:C:C:1)[C@@H](O)C(=O)N1C[C@H](O)[C@H](O)C1)C1:C:C2:C:C(Cl):C:C:C:2:[NH]:1,0.0,O=C(N[C@@H](Cc1ccccc1)[C@@H](O)C(=O)N1C[C@@H](O)[C@@H](O)C1)c1cc2cc(Cl)ccc2[nH]1
ClC1:C:C(Cl):C2:C(:C:1)N=C1CCCCCN1C2,0.0,Clc1cc(Cl)c2c(c1)N=C1CCCCCN1C2
CN(C(=O)CC1:C:C:C:C2:O:C:C:C:1:2)[C@H]1CC[C@@]2(CCCO2)C[C@@H]1N1CCCC1,0.0,CN(C(=O)Cc1cccc2occc12)[C@H]1CC[C@@]2(CCCO2)C[C@@H]1N1CCCC1
CCCCCCCCCCCCCCCCN1:C:C:[N+](C):C:1,1.0,CCCCCCCCCCCCCCCCn1cc[n+](C)c1
CCCCCC1:C:C:C(N):C:C:1,0.0,CCCCCc1ccc(N)cc1
O=C(O)C1:C:C(C2:C:C:C:C:C:2):N:C2:C:C:C:C:C:1:2,0.0,O=C(O)c1cc(-c2ccccc2)nc2ccccc12
CC1:C:C:C(Cl):C:C:1Cl,0.0,Cc1ccc(Cl)cc1Cl
CC(C)(C)C1:C:C:C(C(=O)O):C:C:1,0.0,CC(C)(C)c1ccc(C(=O)O)cc1
CO[Si](OC)(OC)C1:C:C:C:C:C:1,0.0,CO[Si](OC)(OC)c1ccccc1
CCOP(=S)(OCC)SCSP(=S)(OCC)OCC,0.0,CCOP(=S)(OCC)SCSP(=S)(OCC)OCC
CCOCCO,0.0,CCOCCO
O=P(O)(O)CCCl,0.0,O=P(O)(O)CCCl
O=P(OCCCl)(OCCCl)OCCCl,0.0,O=P(OCCCl)(OCCCl)OCCCl
CCCCC(CC)COP(=O)(OCC(CC)CCCC)OCC(CC)CCCC,0.0,CCCCC(CC)COP(=O)(OCC(CC)CCCC)OCC(CC)CCCC
O=CC1:C:C:C(CO):O:1,0.0,O=Cc1ccc(CO)o1
O=C1:C:C(C2:C:C:C:C:C:2):O:C2:C:C:C3:C:C:C:C:C:3:C:1:2,1.0,O=c1cc(-c2ccccc2)oc2ccc3ccccc3c12
N#CC(Cl)Cl,1.0,N#CC(Cl)Cl
OC1:C:C(O):C(Cl):C:C:1Cl,1.0,Oc1cc(O)c(Cl)cc1Cl
NC(=O)C(Cl)Cl,0.0,NC(=O)C(Cl)Cl
CC(Cl)C(C)Cl,0.0,CC(Cl)C(C)Cl
C[Si](C)(CCCN)O[Si](C)(C)CCCN,0.0,C[Si](C)(CCCN)O[Si](C)(C)CCCN
COC(=O)C1:C:C:C(C(=O)OC):C(C(=O)OC):C:1,0.0,COC(=O)c1ccc(C(=O)OC)c(C(=O)OC)c1
C=CC(=O)OCCCCO,1.0,C=CC(=O)OCCCCO
O=CN(CCO)CCO,0.0,O=CN(CCO)CCO
C=CC(=O)OCCCCCCCC,0.0,C=CC(=O)OCCCCCCCC
ON1:N:N:C2:C:C:C:C:C:2:1,0.0,On1nnc2ccccc21
O=C1:N(CCCN2CCN(C3:C:C:C:C(Cl):C:3)CC2):N:C2:C:C:C:C:N:1:2,1.0,O=c1n(CCCN2CCN(c3cccc(Cl)c3)CC2)nc2ccccn12
O=C(COCCOCCOCC(=O)NC1:C(I):C:C(I):C(C(=O)O):C:1I)NC1:C(I):C:C(I):C(C(=O)O):C:1I,0.0,O=C(COCCOCCOCC(=O)Nc1c(I)cc(I)c(C(=O)O)c1I)Nc1c(I)cc(I)c(C(=O)O)c1I
O=C(O)CC1:C:C:C:C(C2:C:C(CCCCCCC3:C:C:C(O[C@H]4O[C@H](CO)[C@@H](O)[C@H](O)[C@@H]4O):C(C4:C:C:C:C(CC(=O)O):C:4):C:3):C:C:C:2O[C@H]2O[C@H](CO)[C@@H](O)[C@H](O)[C@@H]2O):C:1,0.0,O=C(O)Cc1cccc(-c2cc(CCCCCCc3ccc(O[C@H]4O[C@H](CO)[C@@H](O)[C@H](O)[C@@H]4O)c(-c4cccc(CC(=O)O)c4)c3)ccc2O[C@H]2O[C@H](CO)[C@@H](O)[C@H](O)[C@@H]2O)c1
CC1:C:C:C:C:C:1C(=O)NC1:C:C:C(C(=O)N2CCCC(O)C3:C:C(Cl):C:C:C:32):C(C):C:1,0.0,Cc1ccccc1C(=O)Nc1ccc(C(=O)N2CCCC(O)c3cc(Cl)ccc32)c(C)c1
C[N+]1(CC2COC(C3:C:C:C:C:C:3)(C3:C:C:C:C:C:3)O2)CCCCC1,0.0,C[N+]1(CC2COC(c3ccccc3)(c3ccccc3)O2)CCCCC1
O=C(CCCCCCCCC#CI)OC1:C:C:C:C:C:1,0.0,O=C(CCCCCCCCC#CI)Oc1ccccc1
O=C(CCC1CCN(CC2:C:C:C:C:C:2)CC1)C1:C:C:C2:C(:C:1)NCCCC2,1.0,O=C(CCC1CCN(Cc2ccccc2)CC1)c1ccc2c(c1)NCCCC2
CCCCNC1:C:C:C(C(=O)OCC[NH+](CC)CC):C:C:1,0.0,CCCCNc1ccc(C(=O)OCC[NH+](CC)CC)cc1
CCOC(=O)C1:N:C:N2:C:1CN(C)C(=O)C1:C(I):C:C:C:C:12,0.0,CCOC(=O)c1ncn2c1CN(C)C(=O)c1c(I)cccc1-2
CCC1:C:C:C(C(=O)C(C)CN2CCCCC2):C:C:1,1.0,CCc1ccc(C(=O)C(C)CN2CCCCC2)cc1
NC1CCN(C2:N:C3:C(:C:C:2F):C(=O):C(C(=O)O):C:N:3C2:C:C:C(F):C:C:2F)C1,1.0,NC1CCN(c2nc3c(cc2F)c(=O)c(C(=O)O)cn3-c2ccc(F)cc2F)C1
CCOC(=O)C1(C2:C:C:C:C:C:2)CCN(CCC(C#N)(C2:C:C:C:C:C:2)C2:C:C:C:C:C:2)CC1,1.0,CCOC(=O)C1(c2ccccc2)CCN(CCC(C#N)(c2ccccc2)c2ccccc2)CC1
C#CCN[C@@H]1CCC2:C:C:C:C:C:21,0.0,C#CCN[C@@H]1CCc2ccccc21
NC1:C:C:N([C@@H]2O[C@H](CO)[C@@H](O)C2(F)F):C(=O):N:1,0.0,Nc1ccn([C@@H]2O[C@H](CO)[C@@H](O)C2(F)F)c(=O)n1
CN(C)C,0.0,CN(C)C
OC1:C:C:C:C2:C:C3:C:C:C:C(O):C:3:C(O):C:1:2,0.0,Oc1cccc2cc3cccc(O)c3c(O)c12
CC=C(Cl)Cl,0.0,CC=C(Cl)Cl
O=C(O)C1:C:C:C2:C(:C:1)C(=O)OC2=O,0.0,O=C(O)c1ccc2c(c1)C(=O)OC2=O
CC(C)CC1:C:C:C(C(C)C(=O)OCC2:C:C:C:C:N:2):C:C:1,0.0,CC(C)Cc1ccc(C(C)C(=O)OCc2ccccn2)cc1
C1=CC2C3C=CC(C3)C2C1,0.0,C1=CC2C3C=CC(C3)C2C1
CC1(C)[C@H]2CC[C@]1(C)[C@H](O)C2,0.0,CC1(C)[C@H]2CC[C@]1(C)[C@H](O)C2
C=CC(N)=O,0.0,C=CC(N)=O
O=C(O)C1:C:C(OC2:C:C:C(C(F)(F)F):C:C:2Cl):C:C:C:1[N+](=O)[O-],0.0,O=C(O)c1cc(Oc2ccc(C(F)(F)F)cc2Cl)ccc1[N+](=O)[O-]
C=CC=O,1.0,C=CC=O
CC(=O)NC1:C:C:C(CC(=O)O):C:C:1,0.0,CC(=O)Nc1ccc(CC(=O)O)cc1
C=CC#N,0.0,C=CC#N
C1:C:C:C(NNC2:C:C:C:C:C:2):C:C:1,0.0,c1ccc(NNc2ccccc2)cc1
NS(=O)(=O)C1:C:C2:C(:C:C:1Cl)NCNS2(=O)=O,0.0,NS(=O)(=O)c1cc2c(cc1Cl)NCNS2(=O)=O
C[C@]12C[C@H](O)[C@H]3[C@@H](CCC4=CC(=O)CC[C@@]43C)[C@@H]1CC[C@]2(O)C(=O)CO,0.0,C[C@]12CCC(=O)C=C1CC[C@@H]1[C@@H]2[C@@H](O)C[C@@]2(C)[C@H]1CC[C@]2(O)C(=O)CO
OC1:C:C:C(OCC2:C:C:C:C:C:2):C:C:1,1.0,Oc1ccc(OCc2ccccc2)cc1
OC1:C:C:C(O):C:C:1,1.0,Oc1ccc(O)cc1
[Zn+2],0.0,[Zn+2]
CC(C)(C)C(O)(CCC1:C:C:C(Cl):C:C:1)CN1:C:N:C:N:1,0.0,CC(C)(C)C(O)(CCc1ccc(Cl)cc1)Cn1cncn1
O=[N+]([O-])/N=C1\NCCN1CC1:C:C:C(Cl):N:C:1,0.0,O=[N+]([O-])/N=C1\NCCN1Cc1ccc(Cl)nc1
OC(C1:C:C:C:C:C:1)(C1:C:C:C:C:C:1)C1CCNCC1,0.0,OC(c1ccccc1)(c1ccccc1)C1CCNCC1
O=C(O)CCC(=O)NC1:C:C:C(S(=O)(=O)NC2:N:C:C:S:2):C:C:1,0.0,O=C(O)CCC(=O)Nc1ccc(S(=O)(=O)Nc2nccs2)cc1
C=CCOC(=O)/C=C\C(=O)OCC=C,1.0,C=CCOC(=O)/C=C\C(=O)OCC=C
NC1:C:C:C(S(=O)(=O)NC(=O)C2:C:C:C:C:C:2):C:C:1,0.0,Nc1ccc(S(=O)(=O)NC(=O)c2ccccc2)cc1
CC(C)C1:C:C:C:C(C(C)C):C:1,0.0,CC(C)c1cccc(C(C)C)c1
O=C(Cl)C1:C:C:C:C(C(=O)Cl):C:1,0.0,O=C(Cl)c1cccc(C(=O)Cl)c1
O=C(O)C1:C:C:C(O):C:C:1,0.0,O=C(O)c1ccc(O)cc1
CC1:C:C:C(C(C)C):C:C:1,0.0,Cc1ccc(C(C)C)cc1
CS(=O)(=O)CCNCC1:C:C:C(C2:C:C:C3:N:C:N:C(NC4:C:C:C(OCC5:C:C:C:C(F):C:5):C(Cl):C:4):C:3:C:2):O:1,1.0,CS(=O)(=O)CCNCc1ccc(-c2ccc3ncnc(Nc4ccc(OCc5cccc(F)c5)c(Cl)c4)c3c2)o1
C[SiH](C)O[Si](C)(C)O[Si](C)(C)O[SiH](C)C,0.0,C[SiH](C)O[Si](C)(C)O[Si](C)(C)O[SiH](C)C
COC(C(=O)O)C1:C:C:C:C:C:1,0.0,COC(C(=O)O)c1ccccc1
O=C(O)C(Br)Br,1.0,O=C(O)C(Br)Br
COC1:C:C:C(C(C2:C:C:C(OC):C:C:2)C(Cl)(Cl)Cl):C:C:1,0.0,COc1ccc(C(c2ccc(OC)cc2)C(Cl)(Cl)Cl)cc1
COC1:C:C:C:C(O):C:1O,1.0,COc1cccc(O)c1O
COC1:C:C2:C(:C:C:1N):O:C1:C:C:C:C:C:1:2,0.0,COc1cc2c(cc1N)oc1ccccc12
CN1:C:C:[NH]:C:1=S,0.0,Cn1cc[nH]c1=S
CC(=O)OC1:C:C:C:C:C:1C(=O)NC1:N:C:C([N+](=O)[O-]):S:1,0.0,CC(=O)Oc1ccccc1C(=O)Nc1ncc([N+](=O)[O-])s1
CC(=O)NC1:C(I):C:C(I):C(C(=O)O):C:1I,0.0,CC(=O)Nc1c(I)cc(I)c(C(=O)O)c1I
CCN1:C:C(C(=O)O):C(=O):C2:C:C(F):C(N3CCNCC3):C:C:2:1,0.0,CCn1cc(C(=O)O)c(=O)c2cc(F)c(N3CCNCC3)cc21
CC=CC=O,0.0,CC=CC=O
CC1:C:C:C:C:C:1OCC1CO1,0.0,Cc1ccccc1OCC1CO1
CCN(CC)CCN1C(=O)CN=C(C2:C:C:C:C:C:2F)C2:C:C(Cl):C:C:C:21,0.0,CCN(CC)CCN1C(=O)CN=C(c2ccccc2F)c2cc(Cl)ccc21
O=C([O-])P(=O)([O-])[O-],0.0,O=C([O-])P(=O)([O-])[O-]
CC1(C)S[C@@H]2[C@H](NC(=O)[C@H](N)C3:C:C:C:C:C:3)C(=O)N2[C@H]1C(=O)O,0.0,CC1(C)S[C@@H]2[C@H](NC(=O)[C@H](N)c3ccccc3)C(=O)N2[C@H]1C(=O)O
C=CS(=O)(=O)[O-],0.0,C=CS(=O)(=O)[O-]
CN(C)CCOCCN(C)C,0.0,CN(C)CCOCCN(C)C
O=C(OC1:C:C:C:C2:C:C:C:N:C:1:2)C1:C:C:C:C:C:1,1.0,O=C(Oc1cccc2cccnc12)c1ccccc1
CC1(C)CC(O)CC(C)(C)N1[O],0.0,CC1(C)CC(O)CC(C)(C)N1[O]
CC(C)(C#N)NC1:N:C(Cl):N:C(NC2CC2):N:1,0.0,CC(C)(C#N)Nc1nc(Cl)nc(NC2CC2)n1
CCOC1:C:C:C(C(=O)OCCN(CC)CC):C:C:1,0.0,CCOc1ccc(C(=O)OCCN(CC)CC)cc1
CCCOC(=O)NCCCN(C)C,0.0,CCCOC(=O)NCCCN(C)C
C[C@]12C[C@H](O)[C@H]3[C@@H](C[C@H](F)C4=CC(=O)C=C[C@@]43C)[C@@H]1CC[C@]2(O)C(=O)CO,0.0,C[C@]12C=CC(=O)C=C1[C@@H](F)C[C@@H]1[C@@H]2[C@@H](O)C[C@@]2(C)[C@H]1CC[C@]2(O)C(=O)CO
NC1:C:C:C(C(=O)[O-]):C(O):C:1,0.0,Nc1ccc(C(=O)[O-])c(O)c1
C1CCC(SSC2CCCCC2)CC1,0.0,C1CCC(SSC2CCCCC2)CC1
CC(=O)C1:N:C:C:S:1,0.0,CC(=O)c1nccs1
C=CCCCCCCCCC(=O)OCCCC,0.0,C=CCCCCCCCCC(=O)OCCCC
O=C1CCCCCCCCCCCCCCCO1,0.0,O=C1CCCCCCCCCCCCCCCO1
CCCCCCOC(=O)CCCCCCCC(=O)OCCCCCC,0.0,CCCCCCOC(=O)CCCCCCCC(=O)OCCCCCC
CCCCCCCCCCCCCCCC[N+](C)(C)CC,1.0,CCCCCCCCCCCCCCCC[N+](C)(C)CC
CCNC(=O)C(C)OC(=O)NC1:C:C:C:C:C:1,0.0,CCNC(=O)C(C)OC(=O)Nc1ccccc1
C[C@@H]1OC(=O)C[C@H](O)C[C@H](O)CC[C@@H](O)[C@H](O)C[C@H](O)C[C@]2(O)C[C@H](O)[C@@H](C(=O)O)[C@H](C[C@@H](O[C@@H]3O[C@H](C)[C@@H](O)[C@H](N)[C@@H]3O)C=CC=CC=CC=CC=CC=CC=C[C@H](C)[C@@H](O)[C@H]1C)O2,1.0,C[C@@H]1[C@H](O)[C@@H](C)C=CC=CC=CC=CC=CC=CC=C[C@H](O[C@@H]2O[C@H](C)[C@@H](O)[C@H](N)[C@@H]2O)C[C@@H]2O[C@](O)(C[C@@H](O)C[C@@H](O)[C@H](O)CC[C@@H](O)C[C@@H](O)CC(=O)O[C@H]1C)C[C@H](O)[C@H]2C(=O)O
NC(=O)C(=O)NN=CC1:C:C:C([N+](=O)[O-]):O:1,1.0,NC(=O)C(=O)NN=Cc1ccc([N+](=O)[O-])o1
CC(=O)N/N=C/C1:C:C:C([N+](=O)[O-]):O:1,1.0,CC(=O)N/N=C/c1ccc([N+](=O)[O-])o1
CC1:C(C):C2:C(:C(C):C:1OC(=O)C1:C:C:C:N:C:1)CC[C@@](C)(CCC[C@H](C)CCC[C@H](C)CCCC(C)C)O2,0.0,Cc1c(C)c2c(c(C)c1OC(=O)c1cccnc1)CC[C@@](C)(CCC[C@H](C)CCC[C@H](C)CCCC(C)C)O2
CC1:C:C:C(S(=O)(=O)NC(=O)NC2CCCC2):C:C:1,0.0,Cc1ccc(S(=O)(=O)NC(=O)NC2CCCC2)cc1
CC1:C:C:C(S(=O)(=O)NC(=O)NC2CCCCCCC2):C:C:1,0.0,Cc1ccc(S(=O)(=O)NC(=O)NC2CCCCCCC2)cc1
NC(=S)N/N=C/C1:C:C:C:N:C:1,0.0,NC(=S)N/N=C/c1cccnc1
CC(=O)NC1:N:C:C([N+](=O)[O-]):S:1,0.0,CC(=O)Nc1ncc([N+](=O)[O-])s1
CC1:C:C(NS(=O)(=O)C2:C:C:C(N):C:C:2):N:C(C):N:1,0.0,Cc1cc(NS(=O)(=O)c2ccc(N)cc2)nc(C)n1
OC1CCCC1,0.0,OC1CCCC1
CC(=O)OCC(=O)[C@@]1(O)CC[C@H]2[C@@H]3CCC4=CC(=O)CC[C@]4(C)[C@H]3C(=O)C[C@@]21C,0.0,CC(=O)OCC(=O)[C@@]1(O)CC[C@H]2[C@@H]3CCC4=CC(=O)CC[C@]4(C)[C@H]3C(=O)C[C@@]21C
CN1CCN(C2=NC3:C:C:C:C:C:3SC3:C:C:C(Cl):C:C:32)CC1,0.0,CN1CCN(C2=Nc3ccccc3Sc3ccc(Cl)cc32)CC1
CC(C)(N)CC1:C:C:C:C:C:1Cl,0.0,CC(C)(N)Cc1ccccc1Cl
C[C@]12CC(=O)[C@H]3[C@@H](CCC4=CC(=O)CC[C@@]43C)[C@@H]1CC[C@]2(O)C(=O)CO,0.0,C[C@]12CCC(=O)C=C1CC[C@@H]1[C@@H]2C(=O)C[C@@]2(C)[C@H]1CC[C@]2(O)C(=O)CO
O=C1CN2CCOC2(C2:C:C:C:C:C:2Cl)C2:C:C(Cl):C:C:C:2N1,0.0,O=C1CN2CCOC2(c2ccccc2Cl)c2cc(Cl)ccc2N1
O=C(O)C1:C:C(O):C2:C(:C:1)C(=O)C1:C:C:C:C(O):C:1C2=O,1.0,O=C(O)c1cc(O)c2c(c1)C(=O)c1cccc(O)c1C2=O
O=C1:N:C([O-]):N(Cl):C(=O):N:1Cl,0.0,O=c1nc([O-])n(Cl)c(=O)n1Cl
CCCCN(CCCC)C1:C:C:C(C(=O)C2:C:C:C:C:C:2C(=O)O):C(O):C:1,1.0,CCCCN(CCCC)c1ccc(C(=O)c2ccccc2C(=O)O)c(O)c1
COC(=O)C1:C:C:C(C=O):C:C:1,0.0,COC(=O)c1ccc(C=O)cc1
CC1:C:C:C:O:1,1.0,Cc1ccco1
CC(C#N)CCC#N,0.0,CC(C#N)CCC#N
CC(=O)N[C@@H](CC(C)C)C(=O)O,0.0,CC(=O)N[C@@H](CC(C)C)C(=O)O
NNC1:N:N:C(NN):C2:C:C:C:C:C:1:2,0.0,NNc1nnc(NN)c2ccccc12
CC1:C:[NH]:C:N:1,0.0,Cc1c[nH]cn1
CN1:C(=O):C2:C(:N:C:N:2C):N(C):C:1=O.O=C(O)CC(O)(CC(=O)O)C(=O)O,0.0,Cn1c(=O)c2c(ncn2C)n(C)c1=O.O=C(O)CC(O)(CC(=O)O)C(=O)O
CCN1CCN(C(=O)N[C@@H](C(=O)N[C@@H]2C(=O)N3C(C(=O)[O-])=C(CSC4:N:N:N:N:4C)CS[C@H]23)C2:C:C:C(O):C:C:2)C(=O)C1=O,0.0,CCN1CCN(C(=O)N[C@@H](C(=O)N[C@@H]2C(=O)N3C(C(=O)[O-])=C(CSc4nnnn4C)CS[C@H]23)c2ccc(O)cc2)C(=O)C1=O
CN1:C([N+](=O)[O-]):C:N:C:1COC(N)=O,0.0,Cn1c([N+](=O)[O-])cnc1COC(N)=O
OC(C1:C:C:C(F):C:C:1)(C1:C:N:C:N:C:1)C1:C:C:C:C:C:1Cl,0.0,OC(c1ccc(F)cc1)(c1cncnc1)c1ccccc1Cl
C1:C:C(OCC2CO2):C:C:C:1CC1:C:C:C(OCC2CO2):C:C:1,1.0,c1cc(OCC2CO2)ccc1Cc1ccc(OCC2CO2)cc1
COC1:C(N2CCNC(C)C2):C(F):C:C2:C(=O):C(C(=O)O):C:N(C3CC3):C:1:2,0.0,COc1c(N2CCNC(C)C2)c(F)cc2c(=O)c(C(=O)O)cn(C3CC3)c12
COC(=O)C1:C:N:C:N:1C(C)C1:C:C:C:C:C:1,0.0,COC(=O)c1cncn1C(C)c1ccccc1
N[C@H]1[C@@H]2CN(C3:N:C4:C(:C:C:3F):C(=O):C(C(=O)O):C:N:4C3:C:C:C(F):C:C:3F)C[C@H]12,1.0,N[C@@H]1[C@H]2CN(c3nc4c(cc3F)c(=O)c(C(=O)O)cn4-c3ccc(F)cc3F)C[C@@H]12
NC(=O)N1C2:C:C:C:C:C:2CC(=O)C2:C:C:C:C:C:21,0.0,NC(=O)N1c2ccccc2CC(=O)c2ccccc21
CCN(CC)CC(=O)NC1:C(C):C:C(C):C:C:1C,0.0,CCN(CC)CC(=O)Nc1c(C)cc(C)cc1C
CC(=O)NCCCCCC(=O)O,0.0,CC(=O)NCCCCCC(=O)O
CN1CCN(C2:C(F):C:C3:C(=O):C(C(=O)O):C:N4:C:3:C:2SCC4)CC1,0.0,CN1CCN(c2c(F)cc3c(=O)c(C(=O)O)cn4c3c2SCC4)CC1
CCCN(CC)CC1COC2(CCC(C(C)(C)C)CC2)O1,0.0,CCCN(CC)CC1COC2(CCC(C(C)(C)C)CC2)O1
CC(C)C(=O)C1:C(C(C)C):N:N2:C:C:C:C:C:1:2,0.0,CC(C)C(=O)c1c(C(C)C)nn2ccccc12
C[C@]12C[C@H](O)[C@H]3[C@@H](CCC4=CC(=O)CC[C@@]43C)[C@@H]1CC[C@]2(O)C(=O)COC(=O)CCC(=O)[O-],0.0,C[C@]12CCC(=O)C=C1CC[C@@H]1[C@@H]2[C@@H](O)C[C@@]2(C)[C@H]1CC[C@]2(O)C(=O)COC(=O)CCC(=O)[O-]
C=C(C)C(=O)OCCCC,0.0,C=C(C)C(=O)OCCCC
CC(C)(C)OCC1CO1,0.0,CC(C)(C)OCC1CO1
CCCCOCC1CO1,0.0,CCCCOCC1CO1
CC(C)(C)OC=O,0.0,CC(C)(C)OC=O
CC(C)(C)OOC(=O)C1:C:C:C:C:C:1,0.0,CC(C)(C)OOC(=O)c1ccccc1
O=C1[N-]C(=O)C2:C:C:C:C:C:21,0.0,O=C1[N-]C(=O)c2ccccc21
C=C[Si](OCCOC)(OCCOC)OCCOC,0.0,C=C[Si](OCCOC)(OCCOC)OCCOC
CCCCCCCCCCCl,0.0,CCCCCCCCCCCl
CC(C)[N+](C)(CCOC(=O)C1C2:C:C:C:C:C:2OC2:C:C:C:C:C:21)C(C)C,0.0,CC(C)[N+](C)(CCOC(=O)C1c2ccccc2Oc2ccccc21)C(C)C
CCCN(CCC)C(=O)C(CCC(=O)O)NC(=O)C1:C:C:C:C:C:1,0.0,CCCN(CCC)C(=O)C(CCC(=O)O)NC(=O)c1ccccc1
CCC1(C2:C:C:C:C:C:2)C(=O)NCNC1=O,0.0,CCC1(c2ccccc2)C(=O)NCNC1=O
CCC(C)(C)OC,0.0,CCC(C)(C)OC
C[C@]12CC[C@H]3[C@@H](CCC4=CC(=O)CC[C@@]43C)[C@@H]1CCC2=O,0.0,C[C@]12CCC(=O)C=C1CC[C@@H]1[C@@H]2CC[C@]2(C)C(=O)CC[C@@H]12
CCCCCON=O,0.0,CCCCCON=O
CN(N=O)C(N)=O,0.0,CN(N=O)C(N)=O
COC1:C:C:C:C(N):C:1,1.0,COc1cccc(N)c1
CN(C)CCC=C1C2:C:C:C:C:C:2CCC2:C:C:C:C:C:21,0.0,CN(C)CCC=C1c2ccccc2CCc2ccccc21
CC[C@H]1OC(=O)[C@H](C)[C@@H](O[C@H]2C[C@@](C)(OC)[C@@H](O)[C@H](C)O2)[C@H](C)[C@@H](O[C@@H]2O[C@H](C)C[C@H](N(C)C)[C@H]2O)[C@](C)(O)C[C@@H](C)C(=NOCOCCOC)[C@H](C)[C@@H](O)[C@]1(C)O,0.0,CC[C@H]1OC(=O)[C@H](C)[C@@H](O[C@H]2C[C@@](C)(OC)[C@@H](O)[C@H](C)O2)[C@H](C)[C@@H](O[C@@H]2O[C@H](C)C[C@H](N(C)C)[C@H]2O)[C@](C)(O)C[C@@H](C)C(=NOCOCCOC)[C@H](C)[C@@H](O)[C@]1(C)O
CCC(=O)C1:C:C:C:C:C:1,0.0,CCC(=O)c1ccccc1
CC(C)(C)C1:C:C:C(OC(=O)C2:C:C:C:C:C:2O):C:C:1,0.0,CC(C)(C)c1ccc(OC(=O)c2ccccc2O)cc1
CCOC(=O)C(=O)OCC,0.0,CCOC(=O)C(=O)OCC
O=S(=O)(O)C1:C:C:C(Cl):C:C:1,0.0,O=S(=O)(O)c1ccc(Cl)cc1
O=C(NC1:C:C:C:C:C:1)C1:C:C(Cl):C:C:C:1O,1.0,O=C(Nc1ccccc1)c1cc(Cl)ccc1O
CCO[Si](CCCS)(OCC)OCC,0.0,CCO[Si](CCCS)(OCC)OCC
CNC(=O)OC1:C:C:C:C2:C:1OC(C)(C)O2,1.0,CNC(=O)Oc1cccc2c1OC(C)(C)O2
CC(C)OP(=S)(OC(C)C)SCCNS(=O)(=O)C1:C:C:C:C:C:1,1.0,CC(C)OP(=S)(OC(C)C)SCCNS(=O)(=O)c1ccccc1
O=C1O[C@H]([C@@H](O)CO)C([O-])=C1O,0.0,O=C1O[C@H]([C@@H](O)CO)C([O-])=C1O
O=C1O[C@H]([C@@H](O)CO)C(O)=C1O,0.0,O=C1O[C@H]([C@@H](O)CO)C(O)=C1O
COC(=O)[C@H](CC1:C:C:C:C:C:1)NC(=O)[C@@H](N)CC(=O)O,0.0,COC(=O)[C@H](Cc1ccccc1)NC(=O)[C@@H](N)CC(=O)O
C1C2OC2C2C1C1CC2C2OC12,0.0,C1C2OC2C2C1C1CC2C2OC12
CC(=O)OC1:C:C:C:C:C:1C(=O)O,0.0,CC(=O)Oc1ccccc1C(=O)O
CCOP(=S)(OCC)OC1:N:C(Cl):C(Cl):C:C:1Cl,1.0,CCOP(=S)(OCC)Oc1nc(Cl)c(Cl)cc1Cl
CCN(CC)C(C)=O,0.0,CCN(CC)C(C)=O
O=S(=O)([O-])O.[Na+],0.0,O=S(=O)([O-])O.[Na+]
CC1:C:C(CC(=O)[O-]):N(C):C:1C(=O)C1:C:C:C(Cl):C:C:1,1.0,Cc1cc(CC(=O)[O-])n(C)c1C(=O)c1ccc(Cl)cc1
N#C[N-]C#N,0.0,N#C[N-]C#N
COCCOC(=O)C1=C(C)NC(C)=C(C(=O)OC/C=C/C2:C:C:C:C:C:2)C1C1:C:C:C:C([N+](=O)[O-]):C:1,1.0,COCCOC(=O)C1=C(C)NC(C)=C(C(=O)OC/C=C/c2ccccc2)C1c1cccc([N+](=O)[O-])c1
CCC=CC#N,0.0,CCC=CC#N
CC=CCC#N,0.0,CC=CCC#N
CO/N=C(/C(=O)OC)C1:C:C:C:C:C:1CON=C(C)C1:C:C:C:C(C(F)(F)F):C:1,1.0,CO/N=C(/C(=O)OC)c1ccccc1CON=C(C)c1cccc(C(F)(F)F)c1
NCCO.O=C(O)C1:N:C(Cl):C:C:C:1Cl,0.0,NCCO.O=C(O)c1nc(Cl)ccc1Cl
N[Pt](N)(Cl)Cl,1.0,[NH2][Pt]([NH2])([Cl])[Cl]
O=C(O)C1:C:C(Cl):C:C(Cl):C:1,0.0,O=C(O)c1cc(Cl)cc(Cl)c1
O=C(O)C1:C:C:C(Cl):C(Cl):C:1,0.0,O=C(O)c1ccc(Cl)c(Cl)c1
CC1(C)C(=O)N(Cl)C(=O)N1Cl,0.0,CC1(C)C(=O)N(Cl)C(=O)N1Cl
O=CC1:C:C:C:C(OC2:C:C:C:C:C:2):C:1,0.0,O=Cc1cccc(Oc2ccccc2)c1
CC(C=O)=CC1:C:C:C:C:C:1,0.0,CC(C=O)=Cc1ccccc1
CCCC[Sn](CCCC)(CCCC)OC(=O)C1:C:C:C:C:C:1,1.0,CCC[CH2][Sn]([CH2]CCC)([CH2]CCC)[O]C(=O)c1ccccc1
CCOC(=S)SSC(=S)OCC,0.0,CCOC(=S)SSC(=S)OCC
N[C@H]1C(O)O[C@H](CO)[C@H](O)[C@@H]1O,0.0,N[C@H]1C(O)O[C@H](CO)[C@H](O)[C@@H]1O
CC[C@H]1CC[C@H](NCC2:C:C3:C(:C:C:2OC)[C@H]2C[C@H]2C(=O)N3C)[C@H](C2:C:C:C:C:C:2)N1,0.0,CC[C@H]1CC[C@H](NCc2cc3c(cc2OC)[C@H]2C[C@H]2C(=O)N3C)[C@H](c2ccccc2)N1
CC(C)(C)C(=O)OC1:C:C:C(S(=O)(=O)NC2:C:C:C:C:C:2C(=O)NCC(=O)[O-]):C:C:1,0.0,CC(C)(C)C(=O)Oc1ccc(S(=O)(=O)Nc2ccccc2C(=O)NCC(=O)[O-])cc1
FC(F)(F)C1:C:C:C:C(C2=CCN(CCC3:C:C:C4:C:C:C:C:C:4:C:3)CC2):C:1,1.0,FC(F)(F)c1cccc(C2=CCN(CCc3ccc4ccccc4c3)CC2)c1
COC(=O)[C@H]1[C@H]2C[C@@H]3C4:[NH]:C5:C:C(OC):C:C:C:5:C:4CCN3C[C@H]2C[C@@H](OC(=O)COC2:C:C:C(OC):C:C:2)[C@@H]1OC,0.0,COC(=O)[C@H]1[C@H]2C[C@@H]3c4[nH]c5cc(OC)ccc5c4CCN3C[C@H]2C[C@@H](OC(=O)COc2ccc(OC)cc2)[C@@H]1OC
ClC1:C:C(Cl):C(Cl):C:C:1Cl,0.0,Clc1cc(Cl)c(Cl)cc1Cl
CCCCCCCOC(=O)CCC,0.0,CCCCCCCOC(=O)CCC
CCOP(=S)(OCC)OP(=S)(OCC)OCC,0.0,CCOP(=S)(OCC)OP(=S)(OCC)OCC
CC(C)CCCCCCOC(=O)CCCCC(=O)OCCCCCCC(C)C,0.0,CC(C)CCCCCCOC(=O)CCCCC(=O)OCCCCCCC(C)C
CCC(O)OCCCOC,0.0,CCC(O)OCCCOC
CC(C)(C)C1:N:[NH]:C(=S):N(N):C:1=O,0.0,CC(C)(C)c1n[nH]c(=S)n(N)c1=O
O=[N+]([O-])C1:C:C:C:C([N+](=O)[O-]):C:1,1.0,O=[N+]([O-])c1cccc([N+](=O)[O-])c1
O=[N+]([O-])C1:C:C:C:C:C:1[N+](=O)[O-],1.0,O=[N+]([O-])c1ccccc1[N+](=O)[O-]
CCCC1:N:C2:C(C):C:C(C3:N:C4:C:C:C:C:C:4:N:3C):C:C:2:N:1CC1:C:C:C(C2:C:C:C:C:C:2C(=O)O):C:C:1,1.0,CCCc1nc2c(C)cc(-c3nc4ccccc4n3C)cc2n1Cc1ccc(-c2ccccc2C(=O)O)cc1
CC1:C:C:C(O):C:C:1C,0.0,Cc1ccc(O)cc1C
CC1:C:C:C:C(C):C:1O,0.0,Cc1cccc(C)c1O
C=CCC1(C(C)CC)C(=O)NC(=O)NC1=O,0.0,C=CCC1(C(C)CC)C(=O)NC(=O)NC1=O
O=C(O)C1:C(O):C(C2:C:C:C:C:C:2):N:C2:C:C:C:C:C:1:2,0.0,O=C(O)c1c(O)c(-c2ccccc2)nc2ccccc12
COC1:C:C:C([C@@H]2SC3:C:C:C:C:C:3NC(=O)[C@@H]2O):C:C:1,0.0,COc1ccc([C@@H]2Sc3ccccc3NC(=O)[C@@H]2O)cc1
CN1C2CCC(C)(C)C1CC(OC(=O)C(O)(C1:C:C:C:S:1)C1:C:C:C:S:1)C2,0.0,CN1C2CCC(C)(C)C1CC(OC(=O)C(O)(c1cccs1)c1cccs1)C2
CCC1:C:C:C:C2:C(CCO):C:[NH]:C:1:2,0.0,CCc1cccc2c(CCO)c[nH]c12
CCC(=O)C(CCN(C)C)(C1:C:C:C:C:C:1)C1:C:C:C:C:C:1,0.0,CCC(=O)C(CCN(C)C)(c1ccccc1)c1ccccc1
CC1:O:N:C(C2:C(Cl):C:C:C:C:2Cl):C:1C(=O)Cl,0.0,Cc1onc(-c2c(Cl)cccc2Cl)c1C(=O)Cl
CCC(C(=O)OCCN1CCOC(C2:C:C:C:C:C:2)C1C)C1:C:C:C:C:C:1,0.0,CCC(C(=O)OCCN1CCOC(c2ccccc2)C1C)c1ccccc1
CC(C)(C)C1:C:C:C(C(=O)CCCCl):C:C:1,0.0,CC(C)(C)c1ccc(C(=O)CCCCl)cc1
CC(=O)C1:C:C:C(S(=O)(=O)NC(=O)NC2CCCCC2):C:C:1,0.0,CC(=O)c1ccc(S(=O)(=O)NC(=O)NC2CCCCC2)cc1
CC(=O)NC1:C:C:C(O):C:C:1,0.0,CC(=O)Nc1ccc(O)cc1
CC(N)=O,0.0,CC(N)=O
COC(=O)/C=C\C(=O)OC,1.0,COC(=O)/C=C\C(=O)OC
CC#N,0.0,CC#N
CC(=O)NC1:C:C:C(C):C:C:1C,0.0,CC(=O)Nc1ccc(C)cc1C
CC1(C)S[C@@H]2[C@H](NC(=O)[C@@H](C3:C:C:C:C:C:3)S(=O)(=O)[O-])C(=O)N2[C@H]1C(=O)[O-],0.0,CC1(C)S[C@@H]2[C@H](NC(=O)[C@@H](c3ccccc3)S(=O)(=O)[O-])C(=O)N2[C@H]1C(=O)[O-]
CCOC(=O)CC(C(C)=O)C(C)=O,0.0,CCOC(=O)CC(C(C)=O)C(C)=O
CC1:C(C):C2:C(:C(C):C:1OC(=O)CCC(=O)OCCO)CC[C@@](C)(CCC[C@H](C)CCC[C@H](C)CCCC(C)C)O2,1.0,Cc1c(C)c2c(c(C)c1OC(=O)CCC(=O)OCCO)CC[C@@](C)(CCC[C@H](C)CCC[C@H](C)CCCC(C)C)O2
CC1:C:C:C:C(N):N:1,0.0,Cc1cccc(N)n1
C=C(C)C(=O)OCC(C)(C)COC(=O)C(=C)C,0.0,C=C(C)C(=O)OCC(C)(C)COC(=O)C(=C)C
CCN1CCN(C(=O)N[C@@H](C(=O)N[C@@H]2C(=O)N3[C@@H]2SC(C)(C)[C@H]3C(=O)[O-])C2:C:C:C:C:C:2)C(=O)C1=O,0.0,CCN1CCN(C(=O)N[C@@H](C(=O)N[C@@H]2C(=O)N3[C@@H]2SC(C)(C)[C@H]3C(=O)[O-])c2ccccc2)C(=O)C1=O
COC1:C:C(C(=O)OC(COCCC(C)C)CN2CCOCC2):C:C(OC):C:1OC,0.0,COc1cc(C(=O)OC(COCCC(C)C)CN2CCOCC2)cc(OC)c1OC
CC(=O)OC1:C:C:C(C2(C3:C:C:C(OC(C)=O):C:C:3)OC3:C:C:C:C:C:3NC2=O):C:C:1,0.0,CC(=O)Oc1ccc(C2(c3ccc(OC(C)=O)cc3)Oc3ccccc3NC2=O)cc1
COC1:C:C:C2:C(C(=S)N(C)CC(=O)O):C:C:C:C:2:C:1C(F)(F)F,0.0,COc1ccc2c(C(=S)N(C)CC(=O)O)cccc2c1C(F)(F)F
CN1CCC(N(CC2:C:C:C:S:2)C2:C:C:C:C:C:2)CC1,0.0,CN1CCC(N(Cc2cccs2)c2ccccc2)CC1
O=C1[C@H]2[C@@H]3CC[C@@H](C3)[C@H]2C(=O)N1CCCCN1CCN(C2:N:C:C:C:N:2)CC1,0.0,O=C1[C@@H]2[C@H]3CC[C@H](C3)[C@@H]2C(=O)N1CCCCN1CCN(c2ncccn2)CC1
CC(COC1:C:C:C:C:C:1)NN,0.0,CC(COc1ccccc1)NN
CC(C)(O)C1:C:C:C(C(C)(C)O):C:C:1,0.0,CC(C)(O)c1ccc(C(C)(C)O)cc1
O=C(NC1:C:C:C(Cl):C:C:1)NC1:C:C:C(Cl):C(Cl):C:1,1.0,O=C(Nc1ccc(Cl)cc1)Nc1ccc(Cl)c(Cl)c1
C1C[C@H]2[C@@H]3CC[C@H](C3)[C@H]2C1,0.0,C1C[C@@H]2[C@@H]3CC[C@H](C3)[C@@H]2C1
C=C[Si](OC)(OC)OC,0.0,C=C[Si](OC)(OC)OC
CN(C)CCN(C)CCN(C)C,0.0,CN(C)CCN(C)CCN(C)C
OC1:C:C:C(Cl):C(Cl):C:1,1.0,Oc1ccc(Cl)c(Cl)c1
OC1:C(Cl):C:C:C:C:1Cl,0.0,Oc1c(Cl)cccc1Cl
OC1:C:C:C:C(Cl):C:1Cl,0.0,Oc1cccc(Cl)c1Cl
ClC1:C:C:C:C(Cl):C:1,0.0,Clc1cccc(Cl)c1
OC1:C:C(Cl):C:C:C:1Cl,0.0,Oc1cc(Cl)ccc1Cl
CCCCSCCCC,0.0,CCCCSCCCC
CCCN(CCC)C1:C([N+](=O)[O-]):C:C(C(C)C):C:C:1[N+](=O)[O-],0.0,CCCN(CCC)c1c([N+](=O)[O-])cc(C(C)C)cc1[N+](=O)[O-]
CC(C)C1(C)N=C(C2:N:C3:C:C:C:C:C:3:C:C:2C(=O)O)NC1=O,0.0,CC(C)C1(C)N=C(c2nc3ccccc3cc2C(=O)O)NC1=O
O=C1:[NH]:C2:C:C:C:C:C:2:N:1CCCN1CCC(N2:C(=O):[NH]:C3:C:C(Cl):C:C:C:3:2)CC1,0.0,O=c1[nH]c2ccccc2n1CCCN1CCC(n2c(=O)[nH]c3cc(Cl)ccc32)CC1
ClC1:C:C:C:C:C:1C1:N:C(C2:C:C:N:C:C:2):N:O:1,1.0,Clc1ccccc1-c1nc(-c2ccncc2)no1
CCCCOCN(C(=O)CCl)C1:C(CC):C:C:C:C:1CC,1.0,CCCCOCN(C(=O)CCl)c1c(CC)cccc1CC
CC(C)N1C(=O)N(C2:C:C:C:C:C:2)CSC1=NC(C)(C)C,0.0,CC(C)N1C(=O)N(c2ccccc2)CSC1=NC(C)(C)C
O=C(O)CC1:C:[NH]:C2:C:C:C:C:C:1:2,0.0,O=C(O)Cc1c[nH]c2ccccc12
O=CC1:C:C:C(F):C:C:1,0.0,O=Cc1ccc(F)cc1
CC(C)CC1:C:C:C(C(C)C(=O)O):C:C:1,0.0,CC(C)Cc1ccc(C(C)C(=O)O)cc1
OC1:C:C:C:C2:C:C:C:N:C:1:2,1.0,Oc1cccc2cccnc12
C1:C:C:C2:[NH]:C:C:C:2:C:1,0.0,c1ccc2[nH]ccc2c1
CCN1CCC[C@H]1CNC(=O)C1:C:C(S(N)(=O)=O):C:C:C:1OC,0.0,CCN1CCC[C@H]1CNC(=O)c1cc(S(N)(=O)=O)ccc1OC
OCCO,0.0,OCCO
CCC1:C:C:C:C:C:1,0.0,CCc1ccccc1
CC(C)(CCl)C1:C:C:C:C:C:1,0.0,CC(C)(CCl)c1ccccc1
CCN(N=O)C(N)=O,0.0,CCN(N=O)C(N)=O
O=C(O)[C@H](O)[C@@H](O)[C@H](O)[C@H](O)CO,0.0,O=C(O)[C@H](O)[C@@H](O)[C@H](O)[C@H](O)CO
O=S1(=O)OCCO1,0.0,O=S1(=O)OCCO1
CC(C)(C)C(=O)C(OC1:C:C:C(Cl):C:C:1)N1:C:N:C:N:1,0.0,CC(C)(C)C(=O)C(Oc1ccc(Cl)cc1)n1cncn1
CC[C@H](C)[C@H]1O[C@]2(C=C[C@@H]1C)C[C@@H]1C[C@@H](CC=C(C)[C@@H](O[C@H]3C[C@H](OC)[C@@H](O[C@H]4C[C@H](OC)[C@@H](O)[C@H](C)O4)[C@H](C)O3)[C@@H](C)C=CC=C3CO[C@@H]4[C@H](O)C(C)=C[C@@H](C(=O)O1)[C@]34O)O2,1.0,CC[C@H](C)[C@H]1O[C@]2(C=C[C@@H]1C)C[C@@H]1C[C@@H](CC=C(C)[C@@H](O[C@H]3C[C@H](OC)[C@@H](O[C@H]4C[C@H](OC)[C@@H](O)[C@H](C)O4)[C@H](C)O3)[C@@H](C)C=CC=C3CO[C@@H]4[C@H](O)C(C)=C[C@@H](C(=O)O1)[C@]34O)O2
COC1:C:C:C([C@@H]2CC(=O)C3:C(O):C:C(O[C@@H]4O[C@H](CO[C@@H]5O[C@@H](C)[C@H](O)[C@@H](O)[C@H]5O)[C@@H](O)[C@H](O)[C@H]4O):C:C:3O2):C:C:1OC,0.0,COc1ccc([C@@H]2CC(=O)c3c(O)cc(O[C@@H]4O[C@H](CO[C@@H]5O[C@@H](C)[C@H](O)[C@@H](O)[C@H]5O)[C@@H](O)[C@H](O)[C@H]4O)cc3O2)cc1OC
CCCCC/C=C\C/C=C\CCCCCCCC(=O)OC,0.0,CCCCC/C=C\C/C=C\CCCCCCCC(=O)OC
CC1OC1C1CCC2(C)OC2C1,0.0,CC1OC1C1CCC2(C)OC2C1
COS(C)(=O)=O,0.0,COS(C)(=O)=O
C=C(C)C(=O)OC,0.0,C=C(C)C(=O)OC
CC1:C:C:C2:C(:C:1[N+](=O)[O-])C(=O)C1:C:C:C:C:C:1C2=O,1.0,Cc1ccc2c(c1[N+](=O)[O-])C(=O)c1ccccc1C2=O
CN(N=O)C(=N)N[N+](=O)[O-],0.0,CN(N=O)C(=N)N[N+](=O)[O-]
NCC1:C:C:C:C:C:1,0.0,NCc1ccccc1
O=[N+]([O-])C1:C:C:C(O):C:C:1,0.0,O=[N+]([O-])c1ccc(O)cc1
CN(C)C1:C:C:C(C=O):C:C:1,1.0,CN(C)c1ccc(C=O)cc1
CCN(CC)CCO,0.0,CCN(CC)CCO
CC1:C:C:C:C([N+](=O)[O-]):C:1,0.0,Cc1cccc([N+](=O)[O-])c1
CC1:C:C:C(N(C)C):C:C:1,0.0,Cc1ccc(N(C)C)cc1
O=[N+]([O-])[O-].[NH4+],0.0,O=[N+]([O-])[O-].[NH4+]
C1:C:C:S:C:1,0.0,c1ccsc1
C#C[C@]1(O)CC[C@H]2[C@@H]3CCC4=CC(=O)CCC4=C3C=C[C@@]21CC,1.0,C#C[C@]1(O)CC[C@H]2[C@@H]3CCC4=CC(=O)CCC4=C3C=C[C@@]21CC
CC1:C:C:C(S(=O)(=O)NC(=O)NN2CC3CCCC3C2):C:C:1,0.0,Cc1ccc(S(=O)(=O)NC(=O)NN2CC3CCCC3C2)cc1
COC1:C:C:C2:C(:C:1)C(=O)N(CCC1:C:C:C(S(=O)(=O)NC(=O)NC3CCCCC3):C:C:1)C(=O)C2(C)C,1.0,COc1ccc2c(c1)C(=O)N(CCc1ccc(S(=O)(=O)NC(=O)NC3CCCCC3)cc1)C(=O)C2(C)C
CC(C)[C@H]1CC[C@@H](C)CC1=O,0.0,CC(C)[C@H]1CC[C@@H](C)CC1=O
O=C(O)CS,0.0,O=C(O)CS
COC1CCC=CO1,0.0,COC1CCC=CO1
CC(CO)(CO)C(=O)O,0.0,CC(CO)(CO)C(=O)O
OCCOCCOCCOCCOCCO,0.0,OCCOCCOCCOCCOCCO
COC(=O)C1:C:C:C:N:C:1,0.0,COC(=O)c1cccnc1
CNCC1:C:C:C:C:C:1,0.0,CNCc1ccccc1
C[C@H]1[C@H]2CC[C@H]3[C@@H]4CC=C5C[C@@H](N(C)C)CC[C@]5(C)[C@H]4CC[C@]23CN1C,0.0,C[C@H]1[C@H]2CC[C@H]3[C@@H]4CC=C5C[C@@H](N(C)C)CC[C@]5(C)[C@H]4CC[C@]23CN1C
CC(C)CC(=O)OCC1:C:C:C:C:C:1,0.0,CC(C)CC(=O)OCc1ccccc1
CC(C)(O)CC1:C:C:C:C:C:1,0.0,CC(C)(O)Cc1ccccc1
CCC(=O)OC/C=C/C1:C:C:C:C:C:1,1.0,CCC(=O)OC/C=C/c1ccccc1
CCCC(=O)OCCC1:C:C:C:C:C:1,0.0,CCCC(=O)OCCc1ccccc1
O=C(C=CC1:C:C:C:C:C:1)OCCC1:C:C:C:C:C:1,0.0,O=C(C=Cc1ccccc1)OCCc1ccccc1
O=C(OC1:C:C:C(Br):C:C:1)N1CCN2CCC1CC2,0.0,O=C(Oc1ccc(Br)cc1)N1CCN2CCC1CC2
CC(C)C(=O)OCC=CC1:C:C:C:C:C:1,0.0,CC(C)C(=O)OCC=Cc1ccccc1
CCCCC1CCC(=O)O1,0.0,CCCCC1CCC(=O)O1
NCCS,0.0,NCCS
NS(=O)(=O)C1:C:C2:C(:C:C:1Cl)NC(C1CC3C=CC1C3)NS2(=O)=O,0.0,NS(=O)(=O)c1cc2c(cc1Cl)NC(C1CC3C=CC1C3)NS2(=O)=O
N[C@@H]1CONC1=O,0.0,N[C@@H]1CONC1=O
CN1CCC(=C2C3:C:C:C:C:C:3C=CC3:C:C:C:C:C:32)CC1,0.0,CN1CCC(=C2c3ccccc3C=Cc3ccccc32)CC1
CC1:C:C:C2:C(:C:1)C1CN(C)CCC1N2,0.0,Cc1ccc2c(c1)C1CN(C)CCC1N2
CC1=CC(=O)/C(=C(/C)[O-])C(=O)O1,0.0,CC1=CC(=O)/C(=C(/C)[O-])C(=O)O1
NC1:C:C:C([As](=O)([O-])O):C:C:1,0.0,Nc1ccc([As](=O)([O-])O)cc1
CCCCCCCC1:C:C:C(O):C:C:1,0.0,CCCCCCCc1ccc(O)cc1
O[C@H]1CO[C@@H]2[C@H](O)CO[C@H]12,0.0,O[C@@H]1CO[C@H]2[C@@H]1OC[C@@H]2O
FC1:C:C:C(C2(CN3:C:N:C:N:3)OC2C2:C:C:C:C:C:2Cl):C:C:1,0.0,Fc1ccc(C2(Cn3cncn3)OC2c2ccccc2Cl)cc1
O[C@H](CBr)[C@@H](O)[C@H](O)[C@H](O)CBr,0.0,O[C@@H]([C@H](O)[C@H](O)CBr)[C@H](O)CBr
CC1:C:C:C:C([N+](=O)[O-]):C:1C(=O)O,0.0,Cc1cccc([N+](=O)[O-])c1C(=O)O
CC(=O)NC1:C(I):C(NC(C)=O):C(I):C(C(=O)[O-]):C:1I,0.0,CC(=O)Nc1c(I)c(NC(C)=O)c(I)c(C(=O)[O-])c1I
CC1:C:C:C(N):C:C:1[N+](=O)[O-],0.0,Cc1ccc(N)cc1[N+](=O)[O-]
OC[C@H]1OC(O)[C@H](O)[C@@H](O)[C@@H]1O,0.0,OC[C@H]1OC(O)[C@H](O)[C@@H](O)[C@@H]1O
CC1:C(C(=O)O):C:C:C:C:1[N+](=O)[O-],0.0,Cc1c(C(=O)O)cccc1[N+](=O)[O-]
CC1=NC2:C:C:C(Cl):C:C:2S(=O)(=O)N1,0.0,CC1=Nc2ccc(Cl)cc2S(=O)(=O)N1
CCOCCN1:C(N2CCCN(C)CC2):N:C2:C:C:C:C:C:2:1,0.0,CCOCCn1c(N2CCCN(C)CC2)nc2ccccc21
NS(=O)(=O)C1:C:C(C2:N:N:N:[NH]:2):C(NCC2:C:C:C:S:2):C:C:1Cl,1.0,NS(=O)(=O)c1cc(-c2nnn[nH]2)c(NCc2cccs2)cc1Cl
CCOC(=O)[C@H](CCC1:C:C:C:C:C:1)N[C@@H](C)C(=O)N1C(=O)N(C)C[C@H]1C(=O)O,0.0,CCOC(=O)[C@H](CCc1ccccc1)N[C@@H](C)C(=O)N1C(=O)N(C)C[C@H]1C(=O)O
CCOC(=O)[C@H](CCC1:C:C:C:C:C:1)N[C@H]1CS[C@H](C2:C:C:C:S:2)CN(CC(=O)O)C1=O,0.0,CCOC(=O)[C@H](CCc1ccccc1)N[C@H]1CS[C@H](c2cccs2)CN(CC(=O)O)C1=O
CCCCCCCCN(C)CCCCCCCC,0.0,CCCCCCCCN(C)CCCCCCCC
CNC(=O)C(C1:C:C:C:C:C:1)C1:C:C:C:C:C:1,0.0,CNC(=O)C(c1ccccc1)c1ccccc1
CCOC(=O)N1CCC(=O)CC1,0.0,CCOC(=O)N1CCC(=O)CC1
CC(OC1:C:C:C:C(Cl):C:1)C(=O)O,0.0,CC(Oc1cccc(Cl)c1)C(=O)O
O=CC1:C:C:C(F):C(Br):C:1,0.0,O=Cc1ccc(F)c(Br)c1
C=COCCOCCOC=C,0.0,C=COCCOCCOC=C
CN(C)CCCNCCC#N,0.0,CN(C)CCCNCCC#N
CN(C1CCCCC1)S(=O)(=O)C1:C:C:C:C:C:1N,0.0,CN(C1CCCCC1)S(=O)(=O)c1ccccc1N
C=CC(=O)OCCOCCOCC,1.0,C=CC(=O)OCCOCCOCC
C=C(C)[C@H]1CC2:C(:C:C:C3:C:2O[C@@H]2COC4:C:C(OC):C(OC):C:C:4[C@@H]2C3=O)O1,1.0,C=C(C)[C@H]1Cc2c(ccc3c2O[C@@H]2COc4cc(OC)c(OC)cc4[C@@H]2C3=O)O1
N=C1C=CC(=C(C2:C:C:C(N):C:C:2)C2:C:C:C(N):C:C:2)C=C1,1.0,N=C1C=CC(=C(c2ccc(N)cc2)c2ccc(N)cc2)C=C1
CO[C@H]1C=CO[C@@]2(C)OC3:C(C):C(O):C4:C(O):C(:C(/C=N/N5CCN(C)CC5):C(O):C:4:C:3C2=O)NC(=O)C(C)=CC=C[C@H](C)[C@H](O)[C@@H](C)[C@@H](O)[C@@H](C)[C@H](OC(C)=O)[C@@H]1C,0.0,CO[C@H]1C=CO[C@@]2(C)Oc3c(C)c(O)c4c(O)c(c(/C=N/N5CCN(C)CC5)c(O)c4c3C2=O)NC(=O)C(C)=CC=C[C@H](C)[C@H](O)[C@@H](C)[C@@H](O)[C@@H](C)[C@H](OC(C)=O)[C@@H]1C
CC/N=C1/C:C2:O:C3:C:C(NCC):C(C):C:C:3:C(C3:C:C:C:C:C:3C(=O)OCC):C2:C:C:1C,1.0,CC/N=c1/cc2oc3cc(NCC)c(C)cc3c(-c3ccccc3C(=O)OCC)c-2cc1C
CCCCCCCCCCCCCCCC(=O)OC/C=C(C)/C=C/C=C(C)/C=C/C1=C(C)CCCC1(C)C,1.0,CCCCCCCCCCCCCCCC(=O)OC/C=C(C)/C=C/C=C(C)/C=C/C1=C(C)CCCC1(C)C
CC(=O)OC/C=C(C)/C=C/C=C(C)/C=C/C1=C(C)CCCC1(C)C,1.0,CC(=O)OC/C=C(C)/C=C/C=C(C)/C=C/C1=C(C)CCCC1(C)C
CO[Si](C)(OC)OC,0.0,CO[Si](C)(OC)OC
O=C1NC2:C:C:C:C:C:2C1=O,1.0,O=C1Nc2ccccc2C1=O
CCN(CC)C1CCCCC1,0.0,CCN(CC)C1CCCCC1
C1:C:C:C2:N:C:C:C:C:2:C:1,0.0,c1ccc2ncccc2c1
CCC(=O)C1:C(O):C:C(O):C:C:1O,0.0,CCC(=O)c1c(O)cc(O)cc1O
O=[N+]([O-])C1:C:C:C:C:C:1O,0.0,O=[N+]([O-])c1ccccc1O
OC1:C:C:C:C2:C:C:C:C:C:1:2,1.0,Oc1cccc2ccccc12
O=NN1CCCCC1,0.0,O=NN1CCCCC1
O=C1:C2:C:C:C:C:C:2:O:C2:C:C:C:C:C:1:2,0.0,O=c1c2ccccc2oc2ccccc12
CN(C)P(=O)(N(C)C)N(C)C,0.0,CN(C)P(=O)(N(C)C)N(C)C
CCCCCC(N)=O,0.0,CCCCCC(N)=O
CCCCCCC(O)CCCCCCCCCCC(=O)OC,0.0,CCCCCCC(O)CCCCCCCCCCC(=O)OC
CCCCOCCOCCOC(=O)CCCCC(=O)OCCOCCOCCCC,0.0,CCCCOCCOCCOC(=O)CCCCC(=O)OCCOCCOCCCC
CC(C)OC(=S)[S-],0.0,CC(C)OC(=S)[S-]
CCC1:C:C:C:C(CC):C:1N(COC)C(=O)CCl,1.0,CCc1cccc(CC)c1N(COC)C(=O)CCl
CNC(=O)ON=C(C)SC,0.0,CNC(=O)ON=C(C)SC
CC1:C:C:C([N+](=O)[O-]):C:C:1,0.0,Cc1ccc([N+](=O)[O-])cc1
O=S(=O)([O-])CCN1CCN(CCO)CC1,0.0,O=S(=O)([O-])CCN1CCN(CCO)CC1
N=C(N)C1:C:C:C(OCCCCCOC2:C:C:C(C(=N)N):C:C:2):C:C:1.O=S(=O)(O)CCO.O=S(=O)(O)CCO,1.0,N=C(N)c1ccc(OCCCCCOc2ccc(C(=N)N)cc2)cc1.O=S(=O)(O)CCO.O=S(=O)(O)CCO
C[C@]12C/C(=C/O)C(=O)C[C@@H]1CC[C@@H]1[C@@H]2CC[C@@]2(C)[C@H]1CC[C@]2(C)O,1.0,C[C@]12C/C(=C/O)C(=O)C[C@@H]1CC[C@@H]1[C@@H]2CC[C@@]2(C)[C@H]1CC[C@]2(C)O
CCCOC(OCCC)OCCC,0.0,CCCOC(OCCC)OCCC
COC(=O)CCCCC(=O)O,0.0,COC(=O)CCCCC(=O)O
NC1:C:C:[NH]:C(=O):N:1,0.0,Nc1cc[nH]c(=O)n1
CC[N+](CC)(CC)CC,0.0,CC[N+](CC)(CC)CC
CCOC(=O)CC(=O)CCl,0.0,CCOC(=O)CC(=O)CCl
C=C(C)C(=O)OCCCCCCOC(=O)C(=C)C,0.0,C=C(C)C(=O)OCCCCCCOC(=O)C(=C)C
C[C@H](C(=O)[O-])C1:C:C:C:C(OC2:C:C:C:C:C:2):C:1.C[C@H](C(=O)[O-])C1:C:C:C:C(OC2:C:C:C:C:C:2):C:1,0.0,C[C@H](C(=O)[O-])c1cccc(Oc2ccccc2)c1.C[C@H](C(=O)[O-])c1cccc(Oc2ccccc2)c1
CC1:C(NC2:N:C:C:C:C:2C(=O)O):C:C:C:C:1C(F)(F)F.CNC[C@H](O)[C@@H](O)[C@@H](O)[C@H](O)CO,0.0,CNC[C@H](O)[C@@H](O)[C@@H](O)[C@H](O)CO.Cc1c(Nc2ncccc2C(=O)O)cccc1C(F)(F)F
C[C@H](N)[C@H](O)C1:C:C:C:C(O):C:1,0.0,C[C@H](N)[C@H](O)c1cccc(O)c1
C1:C:C(OCC2CO2):C:C(OCC2CO2):C:1,1.0,c1cc(OCC2CO2)cc(OCC2CO2)c1
O=C1CCC2:C:C:C:C:C:2O1,0.0,O=C1CCc2ccccc2O1
CC1(C)OC(=O)NC1=O,0.0,CC1(C)OC(=O)NC1=O
CNC(=O)CSP(=S)(OC)OC,0.0,CNC(=O)CSP(=S)(OC)OC
NS(=O)(=O)C1:C:C2:C(:C:C:1C(F)(F)F)NCNS2(=O)=O,0.0,NS(=O)(=O)c1cc2c(cc1C(F)(F)F)NCNS2(=O)=O
CCCCNC1:C:C:C(C(=O)OCCN(C)C):C:C:1,0.0,CCCCNc1ccc(C(=O)OCCN(C)C)cc1
CCCCOC1:C:C:C(C(=O)CCN2CCCCC2):C:C:1,1.0,CCCCOc1ccc(C(=O)CCN2CCCCC2)cc1
COC(=O)C1CCC(C(=O)OC)CC1,0.0,COC(=O)C1CCC(C(=O)OC)CC1
CNC(=O)OC1:C(C(C)(C)C):C:C(C):C:C:1C(C)(C)C,0.0,CNC(=O)Oc1c(C(C)(C)C)cc(C)cc1C(C)(C)C
CCC(C)(CN(C)C)OC(=O)C1:C:C:C:C:C:1,0.0,CCC(C)(CN(C)C)OC(=O)c1ccccc1
O=[N+]([O-])C1:C:C:C:C:C:1[O-],0.0,O=[N+]([O-])c1ccccc1[O-]
C=CCN1:C(=O):N([C@@H]2O[C@H](CO)[C@@H](O)[C@H]2O):C2:N:C(N):[NH]:C(=O):C:2:1,0.0,C=CCn1c(=O)n([C@@H]2O[C@H](CO)[C@@H](O)[C@H]2O)c2nc(N)[nH]c(=O)c21
CC(C)(CC1:C:[NH]:C2:C:C:C:C:C:1:2)NCC(O)COC1:C:C:C:C:C:1C#N,0.0,CC(C)(Cc1c[nH]c2ccccc12)NCC(O)COc1ccccc1C#N
CC1:N:C(C2:C:C:C(Cl):C:C:2):O:C:1COC(C)(C)C(=O)O,0.0,Cc1nc(-c2ccc(Cl)cc2)oc1COC(C)(C)C(=O)O
N[Pt]1(N)OC(=O)C2(CCC2)C(=O)O1,1.0,[NH2][Pt]1([NH2])[O]C(=O)C2(CCC2)C(=O)[O]1
CCC1NC2:C:C(Cl):C(S(N)(=O)=O):C:C:2S(=O)(=O)N1,0.0,CCC1Nc2cc(Cl)c(S(N)(=O)=O)cc2S(=O)(=O)N1
CCCC(=O)OCCC(C)C,0.0,CCCC(=O)OCCC(C)C
CC1:C:C:C:C:C:1NC(=N)NC(=N)N,0.0,Cc1ccccc1NC(=N)NC(=N)N
C1=CC2:C:C:C:C:C:2C1,0.0,C1=Cc2ccccc2C1
O=C(O)C(=O)CC1:C:[NH]:C2:C:C:C:C:C:1:2,1.0,O=C(O)C(=O)Cc1c[nH]c2ccccc12
O=[Se](O)O,1.0,O=[Se](O)O
NC(N)=[Se],0.0,NC(N)=[Se]
CCCC(=NOCC)C1=C(O)CC(CC(C)SCC)CC1=O,0.0,CCCC(=NOCC)C1=C(O)CC(CC(C)SCC)CC1=O
O=C([O-])[C@H](O)[C@H](O)[C@@H](O)[C@H](O)[C@H](O)CO,0.0,O=C([O-])[C@H](O)[C@H](O)[C@@H](O)[C@H](O)[C@H](O)CO
CCOS(=O)(=O)OCC,0.0,CCOS(=O)(=O)OCC
CN1:C(C2:C:C:C:C:C:2):C:C(C2:C:C:C:C:C:2):[N+]:1C.COS(=O)(=O)[O-],1.0,COS(=O)(=O)[O-].Cn1c(-c2ccccc2)cc(-c2ccccc2)[n+]1C
O=C(NC(=O)C1:C(F):C:C:C:C:1F)NC1:C:C:C(Cl):C:C:1,0.0,O=C(NC(=O)c1c(F)cccc1F)Nc1ccc(Cl)cc1
CC1:C:C:C(NC=O):C(C):C:1,0.0,Cc1ccc(NC=O)c(C)c1
CC1(C)C2CCC3(C2)[C@H]1C(=O)CCC3(C)C,0.0,CC1(C)C2CCC3(C2)[C@H]1C(=O)CCC3(C)C
CC(=O)C1:C:C:C2:C(:C:1)CCCC2,0.0,CC(=O)c1ccc2c(c1)CCCC2
C=CC(=O)CCCCC,0.0,C=CC(=O)CCCCC
CC(=O)CCC1:C:C:C2:C(:C:1)OCO2,0.0,CC(=O)CCc1ccc2c(c1)OCO2
C=CC(C)(CCC=C(C)C)OC(=O)CC(C)C,0.0,C=CC(C)(CCC=C(C)C)OC(=O)CC(C)C
CNC(C)=O,0.0,CNC(C)=O
COC1:C:C:C(CCC(C)=O):C:C:1,0.0,COc1ccc(CCC(C)=O)cc1
CC1:C:C:C2:C(:C:1)OCC(=O)CO2,0.0,Cc1ccc2c(c1)OCC(=O)CO2
CCCC1CCCC(=O)O1,0.0,CCCC1CCCC(=O)O1
CCOC1:C:C:C:C:C:1OCC1CNCCO1,0.0,CCOc1ccccc1OCC1CNCCO1
COC1:C:C:C2:C:C(C=O):C:C:C:2:C:1,0.0,COc1ccc2cc(C=O)ccc2c1
CCN(CC)CC(=O)NC1:C(C):C:C:C:C:1C(=O)OC,0.0,CCN(CC)CC(=O)Nc1c(C)cccc1C(=O)OC
O=C(NCC1CN(C2:C:C:C(N3CCOCC3=O):C:C:2)C(=O)O1)C1:C:C:C(Cl):S:1,0.0,O=C(NCC1CN(c2ccc(N3CCOCC3=O)cc2)C(=O)O1)c1ccc(Cl)s1
CC(=O)N(CC(=O)N(C)C)C1:C:C:C:C:C:1,0.0,CC(=O)N(CC(=O)N(C)C)c1ccccc1
O=C(O)C1CCC1,0.0,O=C(O)C1CCC1
CCNC(=O)[C@@H]1CCCN1C(=O)[C@H](CCCNC(=N)N)NC(=O)[C@H](CC(C)C)NC(=O)CNC(=O)[C@H](CC1:C:C:C(O):C:C:1)NC(=O)[C@H](CO)NC(=O)[C@H](CC1:C:[NH]:C2:C:C:C:C:C:1:2)NC(=O)[C@H](CC1:C:N:C:[NH]:1)NC(=O)[C@@H]1CCC(=O)N1,0.0,CCNC(=O)[C@@H]1CCCN1C(=O)[C@H](CCCNC(=N)N)NC(=O)[C@H](CC(C)C)NC(=O)CNC(=O)[C@H](Cc1ccc(O)cc1)NC(=O)[C@H](CO)NC(=O)[C@H](Cc1c[nH]c2ccccc12)NC(=O)[C@H](Cc1cnc[nH]1)NC(=O)[C@@H]1CCC(=O)N1
CC(CC1:C:C:C:C:C:1)N(C)CC1:C:C:C:O:1,0.0,CC(Cc1ccccc1)N(C)Cc1ccco1
CCCOC1:C:C:C2:C(:C:1)CC[C@@H]1[C@@H]2CC[C@]2(C)C(OC)CC[C@@H]12,0.0,CCCOc1ccc2c(c1)CC[C@@H]1[C@@H]2CC[C@]2(C)C(OC)CC[C@@H]12
O=C(CCCCl)C1:C:C:C(F):C:C:1,0.0,O=C(CCCCl)c1ccc(F)cc1
C[C@]12C[C@H](O)[C@@]3(F)[C@@H](CCC4=CC(=O)C=C[C@@]43C)[C@@H]1C[C@@H](O)[C@]2(O)C(=O)CO,0.0,C[C@]12C=CC(=O)C=C1CC[C@H]1[C@@H]3C[C@@H](O)[C@](O)(C(=O)CO)[C@@]3(C)C[C@H](O)[C@@]12F
CNC(=O)OC1:C:C:C:C:C:1C1OCCO1,0.0,CNC(=O)Oc1ccccc1C1OCCO1
C=C(C)CS(=O)(=O)[O-],0.0,C=C(C)CS(=O)(=O)[O-]
NC(=O)CC1:C:C:C:C(C(=O)C2:C:C:C:C:C:2):C:1N,0.0,NC(=O)Cc1cccc(C(=O)c2ccccc2)c1N
C[Si](NC1CCCCC1)(NC1CCCCC1)NC1CCCCC1,0.0,C[Si](NC1CCCCC1)(NC1CCCCC1)NC1CCCCC1
CCCCOC(=O)CCS,0.0,CCCCOC(=O)CCS
CC(C)OP(=O)(CP(=O)(OC(C)C)OC(C)C)OC(C)C,0.0,CC(C)OP(=O)(CP(=O)(OC(C)C)OC(C)C)OC(C)C
O=CC1:C:C:C(Cl):C([N+](=O)[O-]):C:1,1.0,O=Cc1ccc(Cl)c([N+](=O)[O-])c1
NC1:N:C(=S):[NH]:[NH]:1,0.0,Nc1nc(=S)[nH][nH]1
CC1=NC2:C:C:C3:C:C:C:C:C:3:C:2C1(C)C,0.0,CC1=Nc2ccc3ccccc3c2C1(C)C
CC(C)(C)C1CCC(CC2=C(O)C(=O)C3:C:C:C:C:C:3C2=O)CC1,1.0,CC(C)(C)C1CCC(CC2=C(O)C(=O)c3ccccc3C2=O)CC1
CC(NC(CCC1:C:C:C:C:C:1)C(=O)O)C(=O)N1C(=O)N(C)CC1C(=O)O,0.0,CC(NC(CCc1ccccc1)C(=O)O)C(=O)N1C(=O)N(C)CC1C(=O)O
CC1:C:O:C2:C:C:C:C:C:2:C:1=O,0.0,Cc1coc2ccccc2c1=O
O=C(O)C1:C:N(C2CC2):C2:C:C(Cl):C(F):C:C:2:C:1=O,0.0,O=C(O)c1cn(C2CC2)c2cc(Cl)c(F)cc2c1=O
CC(C)C1:C:C2:C(:C:C:1S(=O)(=O)O)[C@@]1(C)CCC[C@@](C)(C(=O)[O-])[C@@H]1CC2,0.0,CC(C)c1cc2c(cc1S(=O)(=O)O)[C@@]1(C)CCC[C@@](C)(C(=O)[O-])[C@@H]1CC2
O=C(O)C1:C:C:C(OCCN2CCCCC2):C:C:1,0.0,O=C(O)c1ccc(OCCN2CCCCC2)cc1
COC(=O)C1:C:C(Cl):C:C:C:1NS(=O)(=O)C(F)(F)F,0.0,COC(=O)c1cc(Cl)ccc1NS(=O)(=O)C(F)(F)F
O=C1CC(C2:C:C:C(Cl):C:C:2)CC(=O)N1,0.0,O=C1CC(c2ccc(Cl)cc2)CC(=O)N1
O=[N+]([O-])C1:C:C:C:C(C(F)(F)F):C:1,0.0,O=[N+]([O-])c1cccc(C(F)(F)F)c1
CCCCCCCCC,0.0,CCCCCCCCC
CC1:C:C:C:C:C:1[N+](=O)[O-],0.0,Cc1ccccc1[N+](=O)[O-]
O=[N+]([O-])C1:C:C:C:C:C:1C(F)(F)F,0.0,O=[N+]([O-])c1ccccc1C(F)(F)F
CCOC(=O)N(C)N=O,0.0,CCOC(=O)N(C)N=O
C#C[C@@]1(O)CC[C@H]2[C@@H]3CCC4=CCCC[C@@H]4[C@H]3CC[C@@]21C,1.0,C#C[C@@]1(O)CC[C@H]2[C@@H]3CCC4=CCCC[C@@H]4[C@H]3CC[C@@]21C
CC(=O)NC1:C:C:C2:C(:C:1)CC1:C:C(NC(C)=O):C:C:C:12,0.0,CC(=O)Nc1ccc2c(c1)Cc1cc(NC(C)=O)ccc1-2
O=C1NCCN1CCO,0.0,O=C1NCCN1CCO
CNCCS(=O)(=O)[O-],0.0,CNCCS(=O)(=O)[O-]
CCO[Si](CCCCl)(OCC)OCC,0.0,CCO[Si](CCCCl)(OCC)OCC
O=C(NC1:C:C:C:C:C:1C1:C:C:C(Cl):C:C:1)C1:C:C:C:N:C:1Cl,0.0,O=C(Nc1ccccc1-c1ccc(Cl)cc1)c1cccnc1Cl
CCCCCCCCCCCC(C)=O,0.0,CCCCCCCCCCCC(C)=O
OC[C@H]1O[C@](O)(CO)[C@@H](O)[C@@H]1O,0.0,OC[C@H]1O[C@](O)(CO)[C@@H](O)[C@@H]1O
ClC1:C:C:C(CN2:C(CN3CCCC3):N:C3:C:C:C:C:C:3:2):C:C:1,0.0,Clc1ccc(Cn2c(CN3CCCC3)nc3ccccc32)cc1
O=C1CCC2:C:C(OCCCCC3:N:N:N:N:3C3CCCCC3):C:C:C:2N1,1.0,O=C1CCc2cc(OCCCCc3nnnn3C3CCCCC3)ccc2N1
C1:C:C:C(C2CC2):C(OCC2=NCCN2):C:1,0.0,c1ccc(C2CC2)c(OCC2=NCCN2)c1
ClC1:C:C:C:C(N2CCNCC2):C:1,0.0,Clc1cccc(N2CCNCC2)c1
NC(CC1:C:C:C(Cl):C:C:1)C(=O)O,0.0,NC(Cc1ccc(Cl)cc1)C(=O)O
NC1:C:C:C2:C(:C:1)C(=O)C1:C:C:C:C:C:1C2=O,1.0,Nc1ccc2c(c1)C(=O)c1ccccc1C2=O
CC1:C:C(N=NC2:C:C:C:C:C:2C):C:C:C:1N,1.0,Cc1cc(N=Nc2ccccc2C)ccc1N
NC1:C:C([N+](=O)[O-]):C:C:C:1O,1.0,Nc1cc([N+](=O)[O-])ccc1O
NC1:C:C:C([N+](=O)[O-]):C:C:1O,1.0,Nc1ccc([N+](=O)[O-])cc1O
NC1:N:C:C([N+](=O)[O-]):S:1,0.0,Nc1ncc([N+](=O)[O-])s1
NC1:C:C:C(O):C([N+](=O)[O-]):C:1,1.0,Nc1ccc(O)c([N+](=O)[O-])c1
O=C(NN1CCCC1)NS(=O)(=O)C1:C:C:C(Cl):C:C:1,0.0,O=C(NN1CCCC1)NS(=O)(=O)c1ccc(Cl)cc1
C=CC[N+]1([C@H]2C[C@H]3[C@@H]4CC[C@H]5C[C@H](OC(C)=O)[C@@H](N6CCCCC6)C[C@]5(C)[C@H]4CC[C@]3(C)[C@H]2OC(=O)CC)CCCCC1,0.0,C=CC[N+]1([C@H]2C[C@H]3[C@@H]4CC[C@H]5C[C@H](OC(C)=O)[C@@H](N6CCCCC6)C[C@]5(C)[C@H]4CC[C@]3(C)[C@H]2OC(=O)CC)CCCCC1
CCOC(=O)CCC(=O)OCC,0.0,CCOC(=O)CCC(=O)OCC
O=[N+]([O-])C1:N:C:C:N:1CO[C@@H](CO)[C@H](O)CO,0.0,O=[N+]([O-])c1nccn1CO[C@@H](CO)[C@H](O)CO
CCCCCC1NC2:C:C(C(F)(F)F):C(S(N)(=O)=O):C:C:2S(=O)(=O)N1,0.0,CCCCCC1Nc2cc(C(F)(F)F)c(S(N)(=O)=O)cc2S(=O)(=O)N1
CO/N=C(/C(=O)N[C@@H]1C(=O)N2C(C(=O)O)=C(CN3:N:N:C(C):N:3)CS[C@H]12)C1:C:S:C(N):N:1,0.0,CO/N=C(/C(=O)N[C@@H]1C(=O)N2C(C(=O)O)=C(Cn3nnc(C)n3)CS[C@H]12)c1csc(N)n1
CC1:C:C:C:C(N(C)C(=S)OC2:C:C:C3:C(:C:2)CCC3):C:1,1.0,Cc1cccc(N(C)C(=S)Oc2ccc3c(c2)CCC3)c1
CC(=O)OCC(=O)NC1:C:C(C#N):C:C(NC(=O)COC(C)=O):C:1Cl,0.0,CC(=O)OCC(=O)Nc1cc(C#N)cc(NC(=O)COC(C)=O)c1Cl
O=C(O)CCCC[P+](C1:C:C:C:C:C:1)(C1:C:C:C:C:C:1)C1:C:C:C:C:C:1,0.0,O=C(O)CCCC[P+](c1ccccc1)(c1ccccc1)c1ccccc1
COCCCN1CCC(NC(=O)C2:C:C(Cl):C(N):C3:C:2OCC3)CC1,0.0,COCCCN1CCC(NC(=O)c2cc(Cl)c(N)c3c2OCC3)CC1
C[C@](N)(CC1:C:C:C(O):C(O):C:1)C(=O)O.C[C@](N)(CC1:C:C:C(O):C(O):C:1)C(=O)O,0.0,C[C@](N)(Cc1ccc(O)c(O)c1)C(=O)O.C[C@](N)(Cc1ccc(O)c(O)c1)C(=O)O
CC1:C:C:C2:C:C3:C(:C:C:C4:C:C:C:C:C:4:3):C3:C:2:C:1CC3,1.0,Cc1ccc2cc3c(ccc4ccccc43)c3c2c1CC3
CC1:C:C:C(O):C(O):C:1,1.0,Cc1ccc(O)c(O)c1
CC1:C:C(CC2:C:C:C(N):C(C):C:2):C:C:C:1N,0.0,Cc1cc(Cc2ccc(N)c(C)c2)ccc1N
FC(F)(F)C(Cl)(Cl)Cl,0.0,FC(F)(F)C(Cl)(Cl)Cl
N#CCC(=O)O,0.0,N#CCC(=O)O
CCSCC,0.0,CCSCC
CN(C)C1:C:C:C(CC2:C:C:C(N(C)C):C:C:2):C:C:1,0.0,CN(C)c1ccc(Cc2ccc(N(C)C)cc2)cc1
ClCCl,0.0,ClCCl
FC(F)(F)C1:C:C:C(Cl):C(Cl):C:1,0.0,FC(F)(F)c1ccc(Cl)c(Cl)c1
CC[C@@H](CO)NC(=O)[C@@H]1C=C2C3:C:C:C:C4:C:3:C(:C:N:4C)C[C@H]2N(C)C1,0.0,CC[C@@H](CO)NC(=O)[C@@H]1C=C2c3cccc4c3c(cn4C)C[C@H]2N(C)C1
C[C@H]1C[C@H]2[C@@H]3CC[C@](O)(C(=O)CO)[C@@]3(C)C[C@H](O)[C@@H]2[C@@]2(C)C=CC(=O)C=C12,0.0,C[C@H]1C[C@@H]2[C@H]([C@@H](O)C[C@@]3(C)[C@H]2CC[C@]3(O)C(=O)CO)[C@@]2(C)C=CC(=O)C=C12
C=CCOC(=O)C(=C)C,0.0,C=CCOC(=O)C(=C)C
OCC(Br)CBr,0.0,OCC(Br)CBr
NC1:C:C:C(Cl):C(Cl):C:1,0.0,Nc1ccc(Cl)c(Cl)c1
NC1:C:C:C:C:C:1Cl,0.0,Nc1ccccc1Cl
CCC(C)C=O,0.0,CCC(C)C=O
O=C1CC2:C:C(Cl):C:C:C:2N1,1.0,O=C1Cc2cc(Cl)ccc2N1
FC(F)(F)C1:C:C:C(Cl):C:C:1,0.0,FC(F)(F)c1ccc(Cl)cc1
C[Si](C)(C)Cl,1.0,C[Si](C)(C)Cl
C=CC1:C:C:C(C=C):C:C:1,0.0,C=Cc1ccc(C=C)cc1
NC1:C:C:C([As](=O)(O)O):C:C:1,0.0,Nc1ccc([As](=O)(O)O)cc1
O=[N+]([O-])C(Cl)(Cl)Cl,0.0,O=[N+]([O-])C(Cl)(Cl)Cl
ClC1:C:C:C(SC2:C:C(Cl):C(Cl):C:C:2Cl):C:C:1,0.0,Clc1ccc(Sc2cc(Cl)c(Cl)cc2Cl)cc1
CC1:C:C:C(C):C2:C:C:C:C:C:1:2,0.0,Cc1ccc(C)c2ccccc12
O=S(=O)(OC1:C:C:C(Cl):C:C:1)C1:C:C:C(Cl):C:C:1,0.0,O=S(=O)(Oc1ccc(Cl)cc1)c1ccc(Cl)cc1
CC1:N:N:C2:N:1C1:S:C(CCC3:C:C:C(CC(C)C):C:C:3):C:C:1C(C1:C:C:C:C:C:1Cl)=NC2C,1.0,Cc1nnc2n1-c1sc(CCc3ccc(CC(C)C)cc3)cc1C(c1ccccc1Cl)=NC2C
CCC(=O)[O-].CCC(=O)[O-],0.0,CCC(=O)[O-].CCC(=O)[O-]
COC(=O)C1:C:C(C(=O)OC):C:C(S(=O)(=O)[O-]):C:1,0.0,COC(=O)c1cc(C(=O)OC)cc(S(=O)(=O)[O-])c1
O=C([O-])CCl,0.0,O=C([O-])CCl
CC(C)C(OC(=O)C1:C:C:C:C:C:1)C(C)(C)COC(=O)C1:C:C:C:C:C:1,0.0,CC(C)C(OC(=O)c1ccccc1)C(C)(C)COC(=O)c1ccccc1
OCCCO,0.0,OCCCO
O=C(CC(=O)C1:C:C:C:C:C:1)C1:C:C:C:C:C:1,1.0,O=C(CC(=O)c1ccccc1)c1ccccc1
CC(C)(C)C1:C:C(O):C(C(C)(C)C):C:C:1O,1.0,CC(C)(C)c1cc(O)c(C(C)(C)C)cc1O
COC(=O)[C@H](C1:C:C:C:C:C:1Cl)N1CCC2:S:C:C:C:2C1,0.0,COC(=O)[C@H](c1ccccc1Cl)N1CCc2sccc2C1
CC(C)CCCCOC(=O)C1:C:C:C:C:C:1C(=O)OCCCCC(C)C,0.0,CC(C)CCCCOC(=O)c1ccccc1C(=O)OCCCCC(C)C
NS(=O)(=O)CC1:N:O:C2:C:C:C:C:C:1:2,0.0,NS(=O)(=O)Cc1noc2ccccc12
O=C1NC2:C:C:C(Cl):C:C:2[C@@](C#CC2CC2)(C(F)(F)F)O1,1.0,O=C1Nc2ccc(Cl)cc2[C@@](C#CC2CC2)(C(F)(F)F)O1
O=C(NC(=O)C1:C:C(F):C(F):C:C:1Cl)NC1:C:C(F):C:C:C:1N1CCC(C(=O)O)CC1,0.0,O=C(NC(=O)c1cc(F)c(F)cc1Cl)Nc1cc(F)ccc1N1CCC(C(=O)O)CC1
O=C(O)C1:C:C:C:C:C:1N1:C:C(C(=O)O):C(=O):C2:C:C(NC3:C(F):C:C(F):C:C:3Cl):C(Cl):C:C:2:1,0.0,O=C(O)c1ccccc1-n1cc(C(=O)O)c(=O)c2cc(Nc3c(F)cc(F)cc3Cl)c(Cl)cc21
NCC1:C:C:C:C(C2CCN(C(=O)C3:C:C:C(C#CC4:C:C:C:C:C:4F):O:3)CC2):C:1,1.0,NCc1cccc(C2CCN(C(=O)c3ccc(C#Cc4ccccc4F)o3)CC2)c1
CC(C)(C)C(=O)CCC1:C:C:C(Cl):C:C:1,0.0,CC(C)(C)C(=O)CCc1ccc(Cl)cc1
CCCCCC(C)OC(=O)COC1:C:C:C(Cl):C2:C:C:C:N:C:1:2,0.0,CCCCCC(C)OC(=O)COc1ccc(Cl)c2cccnc12
CC1:N:C(C):C(Cl):C(O):C:1Cl,0.0,Cc1nc(C)c(Cl)c(O)c1Cl
CC(C)=CCCC(C)CC=O,0.0,CC(C)=CCCC(C)CC=O
CC1:C:C(C):C:C(C):C:1,0.0,Cc1cc(C)cc(C)c1
CC1:C:C:C:C(N):C:1,0.0,Cc1cccc(N)c1
ClC1:N:C(Cl):N:C(Cl):N:1,0.0,Clc1nc(Cl)nc(Cl)n1
CC(C)CC1:C:C:C(CC(=O)O):C:C:1,0.0,CC(C)Cc1ccc(CC(=O)O)cc1
CC(=O)OCC(=O)[C@H]1CC[C@H]2[C@@H]3CCC4=CC(=O)CC[C@]4(C)[C@H]3CC[C@]12C,0.0,CC(=O)OCC(=O)[C@H]1CC[C@H]2[C@@H]3CCC4=CC(=O)CC[C@]4(C)[C@H]3CC[C@]12C
COC1:C:C2:C(NC3:C:C:C(Br):C:C:3F):N:C:N:C:2:C:C:1OCC1CCN(C)CC1,0.0,COc1cc2c(Nc3ccc(Br)cc3F)ncnc2cc1OCC1CCN(C)CC1
COC1:C:C:C2:[NH]:C(S(=O)CC3:N:C:C(C):C(OC):C:3C):N:C:2:N:1,1.0,COc1ccc2[nH]c(S(=O)Cc3ncc(C)c(OC)c3C)nc2n1
COC1:C:C(C):C(CC2:C:N:C(N):N:C:2N):C:C:1OC,0.0,COc1cc(C)c(Cc2cnc(N)nc2N)cc1OC
CCC1CCC(=O)O1,0.0,CCC1CCC(=O)O1
O=C(O)CCCCCCCCCC(=O)O,0.0,O=C(O)CCCCCCCCCC(=O)O
CC(C)[C@H]1CC[C@H](C(=O)N[C@H](CC2:C:C:C:C:C:2)C(=O)O)CC1,0.0,CC(C)[C@H]1CC[C@H](C(=O)N[C@H](Cc2ccccc2)C(=O)O)CC1
COC1:C:C:C2:C:C([C@H](C)C(=O)O):C:C:C:2:C:1,0.0,COc1ccc2cc([C@H](C)C(=O)O)ccc2c1
NC1:C:C(N2CCCCC2):N:C(N):[N+]:1[O-],0.0,Nc1cc(N2CCCCC2)nc(N)[n+]1[O-]
CC(=O)O[C@]1(C(C)=O)CC[C@H]2[C@@H]3C=C(C)C4=CC(=O)CC[C@]4(C)[C@H]3CC[C@@]21C,1.0,CC(=O)O[C@]1(C(C)=O)CC[C@H]2[C@@H]3C=C(C)C4=CC(=O)CC[C@]4(C)[C@H]3CC[C@@]21C
COC(=O)NC1:N:C2:C:C(C(=O)C3:C:C:C:C:C:3):C:C:C:2:[NH]:1,1.0,COC(=O)Nc1nc2cc(C(=O)c3ccccc3)ccc2[nH]1
COC1:C:C(OC):C(C(=O)CCCN2CCCC2):C(OC):C:1,0.0,COc1cc(OC)c(C(=O)CCCN2CCCC2)c(OC)c1
OCCSC1:C:C:C:C:C:1,0.0,OCCSc1ccccc1
O=C1CC2:C:C:C:C:C:2N1C1:C(Cl):C:C:C:C:1Cl,1.0,O=C1Cc2ccccc2N1c1c(Cl)cccc1Cl
CCCCCSCCCCC,0.0,CCCCCSCCCCC
CC(S)C(C)S,0.0,CC(S)C(C)S
CCCC(CN1:C:N:C:N:1)C1:C:C:C(Cl):C:C:1Cl,1.0,CCCC(Cn1cncn1)c1ccc(Cl)cc1Cl
CC(=O)C1:C:C:C:[NH]:1,0.0,CC(=O)c1ccc[nH]1
CC(=O)C1:C:N:C:C:N:1,0.0,CC(=O)c1cnccn1
CCCCCC/C=C/C=O,0.0,CCCCCC/C=C/C=O
COC(=O)C1:C:C:C:C:C:1OC,0.0,COC(=O)c1ccccc1OC
CCC1:C:C:C(C=O):C:C:1,0.0,CCc1ccc(C=O)cc1
CC(C)(C)C1CCCCC1=O,0.0,CC(C)(C)C1CCCCC1=O
CCOP(=S)(OCC)SCSC1:C:C(Cl):C:C:C:1Cl,0.0,CCOP(=S)(OCC)SCSc1cc(Cl)ccc1Cl
CCCC(=O)OC,0.0,CCCC(=O)OC
CC(CN(CCN(CC(C)OCCO)CC(C)OCCO)CC(C)OCCO)OCCO,1.0,CC(CN(CCN(CC(C)OCCO)CC(C)OCCO)CC(C)OCCO)OCCO
CNC(=O)C1:C:C:C:C:C:1SC1:C:C:C2:C(/C=C/C3:C:C:C:C:N:3):N:[NH]:C:2:C:1,1.0,CNC(=O)c1ccccc1Sc1ccc2c(/C=C/c3ccccn3)n[nH]c2c1
CCN(CC)CCCN(C1:C:C:C:C:C:1)C1CC2:C:C:C:C:C:2C1,0.0,CCN(CC)CCCN(c1ccccc1)C1Cc2ccccc2C1
COCCCOC1:C:C(C[C@@H](C[C@H](N)[C@@H](O)C[C@H](C(=O)NCC(C)(C)C(N)=O)C(C)C)C(C)C):C:C:C:1OC,0.0,COCCCOc1cc(C[C@@H](C[C@H](N)[C@@H](O)C[C@H](C(=O)NCC(C)(C)C(N)=O)C(C)C)C(C)C)ccc1OC
CC(=O)NC1:C:C:C(S(=O)(=O)NC2:C:C(C):O:N:2):C:C:1,0.0,CC(=O)Nc1ccc(S(=O)(=O)Nc2cc(C)on2)cc1
C[C@@H](O[C@H]1OCCN(CC2=NC(=O)N=N2)[C@H]1C1CCC(F)CC1)C1:C:C(C(F)(F)F):C:C(C(F)(F)F):C:1,0.0,C[C@@H](O[C@H]1OCCN(CC2=NC(=O)N=N2)[C@H]1C1CCC(F)CC1)c1cc(C(F)(F)F)cc(C(F)(F)F)c1
NC(=O)COCCN1CCN(C(C2:C:C:C:C:C:2)C2:C:C:C(Cl):C:C:2)CC1,0.0,NC(=O)COCCN1CCN(C(c2ccccc2)c2ccc(Cl)cc2)CC1
CCNC1:N:C(Cl):N:C(NCC):N:1,0.0,CCNc1nc(Cl)nc(NCC)n1
O=[Se]=O,1.0,O=[Se]=O
OC1:C:C:C2:C(:C:1)OCO2,0.0,Oc1ccc2c(c1)OCO2
CN1C(=O)CCS(=O)(=O)C1C1:C:C:C(Cl):C:C:1,0.0,CN1C(=O)CCS(=O)(=O)C1c1ccc(Cl)cc1
CC(C)(C)C(=O)C(=O)O,0.0,CC(C)(C)C(=O)C(=O)O
CC1:C(N):C:C:C:C:1N,0.0,Cc1c(N)cccc1N
CCOC(=O)NC(O)C(Cl)(Cl)Cl,0.0,CCOC(=O)NC(O)C(Cl)(Cl)Cl
O=NN1CCCCCC1,0.0,O=NN1CCCCCC1
O=S(=O)(O)C1:C:C:C:C:C:1,0.0,O=S(=O)(O)c1ccccc1
NC(=O)C1:C:C([N+](=O)[O-]):C:C([N+](=O)[O-]):C:1,1.0,NC(=O)c1cc([N+](=O)[O-])cc([N+](=O)[O-])c1
COC1:C:C:C:C(OC):C:1C(=O)N[C@@H]1C(=O)N2[C@@H](C(=O)[O-])C(C)(C)S[C@H]12,1.0,COc1cccc(OC)c1C(=O)N[C@@H]1C(=O)N2[C@@H]1SC(C)(C)[C@@H]2C(=O)[O-]
OC[C@H]1O[C@](O)(CO)[C@@H](O)[C@@H]1O[C@@H]1O[C@H](CO)[C@H](O)[C@H](O)[C@H]1O,0.0,OC[C@H]1O[C@@H](O[C@@H]2[C@@H](CO)O[C@](O)(CO)[C@H]2O)[C@H](O)[C@@H](O)[C@H]1O
O=[N+]([O-])O[C@H]1CO[C@H]2[C@@H]1OC[C@H]2O[N+](=O)[O-],0.0,O=[N+]([O-])O[C@H]1CO[C@H]2[C@@H]1OC[C@H]2O[N+](=O)[O-]
OC1:C:C2:C(:C:C:1O)[C@H]1C3:C:C:C(O):C(O):C:3OC[C@@]1(O)C2,0.0,Oc1cc2c(cc1O)[C@H]1c3ccc(O)c(O)c3OC[C@@]1(O)C2
ClC1=C(Cl)C2(Cl)C3C(Cl)C=CC3C1(Cl)C2(Cl)Cl,1.0,ClC1=C(Cl)C2(Cl)C3C(Cl)C=CC3C1(Cl)C2(Cl)Cl
CCN(CC1:C:C:C:C(S(=O)(=O)[O-]):C:1)C1:C:C:C(C(=C2C=CC(=[N+](CC)CC3:C:C:C:C(S(=O)(=O)[O-]):C:3)C=C2)C2:C:C:C(O):C:C:2S(=O)(=O)[O-]):C:C:1,0.0,CCN(Cc1cccc(S(=O)(=O)[O-])c1)c1ccc(C(=C2C=CC(=[N+](CC)Cc3cccc(S(=O)(=O)[O-])c3)C=C2)c2ccc(O)cc2S(=O)(=O)[O-])cc1
COC(=O)CS,0.0,COC(=O)CS
CCCN1CCCC[C@H]1C(=O)NC1:C(C):C:C:C:C:1C,0.0,CCCN1CCCC[C@H]1C(=O)Nc1c(C)cccc1C
O=C([O-])C(F)(F)C(F)(F)C(F)(F)C(F)(F)C(F)(F)C(F)(F)C(F)(F)F,1.0,O=C([O-])C(F)(F)C(F)(F)C(F)(F)C(F)(F)C(F)(F)C(F)(F)C(F)(F)F
O=S(=O)([O-])C(F)(F)C(F)(F)C(F)(F)C(F)(F)C(F)(F)C(F)(F)F,0.0,O=S(=O)([O-])C(F)(F)C(F)(F)C(F)(F)C(F)(F)C(F)(F)C(F)(F)F
CC1(C)[C@H]2CC[C@](C)(C2)[C@H]1O,0.0,CC1(C)[C@H]2CC[C@](C)(C2)[C@H]1O
CCOC(=O)C(C)C(C)=O,0.0,CCOC(=O)C(C)C(C)=O
ClCC(Br)CBr,0.0,ClCC(Br)CBr
C1:C:C:C2:C(:C:1)OC1:C:C:C:C:C:1O2,0.0,c1ccc2c(c1)Oc1ccccc1O2
BrCCBr,0.0,BrCCBr
CCCCCCCCCCCOC(=O)C1:C:C:C:C:C:1C(=O)OCCCCCCCCCCC,0.0,CCCCCCCCCCCOC(=O)c1ccccc1C(=O)OCCCCCCCCCCC
C=CC1:C:C:C:C:C:1C=C,0.0,C=Cc1ccccc1C=C
CCCCCCCCC/C=C/CC1CC(=O)OC1=O,1.0,CCCCCCCCC/C=C/CC1CC(=O)OC1=O
NCCCN1CCN(CCCN)CC1,0.0,NCCCN1CCN(CCCN)CC1
C=CC(C)(O)CCC=C(C)CCC=C(C)C,0.0,C=CC(C)(O)CCC=C(C)CCC=C(C)C
CCCCCCCCCCCCOCCO,0.0,CCCCCCCCCCCCOCCO
CCCCCCCCCC(CC)C1:C:C:C(S(=O)(=O)[O-]):C:C:1,1.0,CCCCCCCCCC(CC)c1ccc(S(=O)(=O)[O-])cc1
CN(C(=O)CN(CCO)CC(=O)N(C)C(C)(C)CC1:C:C:C:C:C:1)C(C)(C)CC1:C:C:C:C:C:1,0.0,CN(C(=O)CN(CCO)CC(=O)N(C)C(C)(C)Cc1ccccc1)C(C)(C)Cc1ccccc1
C1:C:C:C(COCC2:C:C:C:C:C:2):C:C:1,0.0,c1ccc(COCc2ccccc2)cc1
COC1:C:C:C:C:C:1OCC(O)CO,0.0,COc1ccccc1OCC(O)CO
CCCCCC1:C:C(O):C:C(O):C:1,1.0,CCCCCc1cc(O)cc(O)c1
CCCCCCCC/C=C\CCCCCCCC(=O)OC,0.0,CCCCCCCC/C=C\CCCCCCCC(=O)OC
O=C(O)C(=O)O,0.0,O=C(O)C(=O)O
O=C(O)C1:C:C(O):N:C(O):N:1,0.0,O=C(O)c1cc(O)nc(O)n1
O=C1O[C@H](CO)[C@@H](O)[C@H](O)[C@H]1O,0.0,O=C1O[C@H](CO)[C@@H](O)[C@H](O)[C@H]1O
CC(C)NC[C@@H](O)COC1:C:C:C:C2:C:C:C:C:C:1:2,0.0,CC(C)NC[C@@H](O)COc1cccc2ccccc12
CC(=O)OCC(=O)[C@@]12OC(C)(C)O[C@@H]1C[C@H]1[C@@H]3C[C@H](F)C4=CC(=O)C=C[C@]4(C)[C@@]3(F)[C@@H](O)C[C@@]12C,0.0,CC(=O)OCC(=O)[C@@]12OC(C)(C)O[C@@H]1C[C@H]1[C@@H]3C[C@H](F)C4=CC(=O)C=C[C@]4(C)[C@@]3(F)[C@@H](O)C[C@@]12C
CC(=O)OCC(=O)[C@@]1(O)CC[C@H]2[C@@H]3CCC4=CC(=O)C=C[C@]4(C)[C@@]3(F)[C@@H](O)C[C@@]21C,0.0,CC(=O)OCC(=O)[C@@]1(O)CC[C@H]2[C@@H]3CCC4=CC(=O)C=C[C@]4(C)[C@@]3(F)[C@@H](O)C[C@@]21C
CNC(=O)ON=C(CSC)C(C)(C)C,0.0,CNC(=O)ON=C(CSC)C(C)(C)C
O=C1:N:N:[NH]:C2:C:C:C:C:C:1:2,0.0,O=c1nn[nH]c2ccccc12
NC1:C:C:C2:C:C(S(=O)(=O)O):C:C(O):C:2:C:1,0.0,Nc1ccc2cc(S(=O)(=O)O)cc(O)c2c1
CCOC(=O)COC1:C:C(N2:N:C:C(C(F)(F)F):C(C):C:2=O):C(F):C:C:1Cl,0.0,CCOC(=O)COc1cc(-n2ncc(C(F)(F)F)c(C)c2=O)c(F)cc1Cl
CCCCOC(=O)C(C)OC1:C:C:C(OC2:C:C:C(C(F)(F)F):C:N:2):C:C:1,0.0,CCCCOC(=O)C(C)Oc1ccc(Oc2ccc(C(F)(F)F)cn2)cc1
COC1:N:N(C(=O)[N-]S(=O)(=O)C2:C:C:C:C:C:2OC(F)(F)F):C(=O):N:1C,0.0,COc1nn(C(=O)[N-]S(=O)(=O)c2ccccc2OC(F)(F)F)c(=O)n1C
CCCCCOC(=O)C1:C:C:C:C:C:1C(=O)OCCCCC,0.0,CCCCCOC(=O)c1ccccc1C(=O)OCCCCC
CCCOC(=O)C1:C:C:C:C:C:1C(=O)OCCC,0.0,CCCOC(=O)c1ccccc1C(=O)OCCC
CCC1:C:C:C(C(=O)NN(C(=O)C2:C:C(C):C:C(C):C:2)C(C)(C)C):C:C:1,1.0,CCc1ccc(C(=O)NN(C(=O)c2cc(C)cc(C)c2)C(C)(C)C)cc1
C1:N:C:[N-]:N:1,0.0,c1nc[n-]n1
CCCCCCCCS,0.0,CCCCCCCCS
N#CCCSCCC#N,0.0,N#CCCSCCC#N
CCOC(=O)C1=C[C@]2(CC)CCCN3CCC4:C(:N1:C1:C:C:C:C:C:4:1)[C@@H]32,0.0,CCOC(=O)C1=C[C@]2(CC)CCCN3CCc4c(n1c1ccccc41)[C@@H]32
CC(C)CN1:C:N:C2:C:1:C(=O):N(C):C(=O):N:2C,0.0,CC(C)Cn1cnc2c1c(=O)n(C)c(=O)n2C
BrC1:C2:C:C:C:C:C:2:C(Br):C2:C:C:C:C:C:1:2,1.0,Brc1c2ccccc2c(Br)c2ccccc12
CC1:N:C2:C:C:C:C:C:2:C(=O):O:1,0.0,Cc1nc2ccccc2c(=O)o1
CCN1:C:C:[N+](C):C:1.COS(=O)(=O)[O-],0.0,CCn1cc[n+](C)c1.COS(=O)(=O)[O-]
CCOC(=O)C1:C:C:C(I):C:C:1,0.0,CCOC(=O)c1ccc(I)cc1
C/C=C(\C)C=O,0.0,C/C=C(\C)C=O
CN(C)C1:C:C:C(CCO):C:C:1,0.0,CN(C)c1ccc(CCO)cc1
O=C1C2:C:C:C:C:C:2C2:C:C:C:C:C:21,0.0,O=C1c2ccccc2-c2ccccc21
CNC(=O)OC1:C:C:C:C:C:1C(C)C,0.0,CNC(=O)Oc1ccccc1C(C)C
CC(C)C1:C:C:C(NC(=O)N(C)C):C:C:1,0.0,CC(C)c1ccc(NC(=O)N(C)C)cc1
CC1:C:C:C(C(C)C):C:C:1O,0.0,Cc1ccc(C(C)C)cc1O
CCOCCOCCOCCO,0.0,CCOCCOCCOCCO
CC(Cl)C(Cl)Cl,0.0,CC(Cl)C(Cl)Cl
CCN(CC)CC,0.0,CCN(CC)CC
C#CC(C)(O)CC(C)C,0.0,C#CC(C)(O)CC(C)C
CC(=O)NC1:C:C:C(C):C:C:1,0.0,CC(=O)Nc1ccc(C)cc1
CCOP(=S)(OCC)SCN1:N:N:C2:C:C:C:C:C:2:C:1=O,1.0,CCOP(=S)(OCC)SCn1nnc2ccccc2c1=O
CC(C)NC1:N:C(N):N:C(Cl):N:1,0.0,CC(C)Nc1nc(N)nc(Cl)n1
CCNC1:N:C(N):N:C(Cl):N:1,0.0,CCNc1nc(N)nc(Cl)n1
CCNC1:N:C(NC(C)C):N:C(OC):N:1,0.0,CCNc1nc(NC(C)C)nc(OC)n1
O=C1CCCCCCCCCCCCCC1,0.0,O=C1CCCCCCCCCCCCCC1
CCC(=O)C=CC1:C:C:C(OC):C:C:1,0.0,CCC(=O)C=Cc1ccc(OC)cc1
CC(C)(Cl)[N+](=O)[O-],0.0,CC(C)(Cl)[N+](=O)[O-]
O=[N+]([O-])C1:C:C(C(F)(F)F):C:C:C:1Cl,0.0,O=[N+]([O-])c1cc(C(F)(F)F)ccc1Cl
C=CC(=C)CCCC(C)(C)OC(C)=O,0.0,C=CC(=C)CCCC(C)(C)OC(C)=O
C=CC(C)(O)CC/C=C(\C)CC,0.0,C=CC(C)(O)CC/C=C(\C)CC
CC(C)C1CCC(O)CC1,0.0,CC(C)C1CCC(O)CC1
COC1:C:C(Cl):C(OC):C:C:1Cl,0.0,COc1cc(Cl)c(OC)cc1Cl
CC(C)CC=C(C=O)C1:C:C:C:C:C:1,0.0,CC(C)CC=C(C=O)c1ccccc1
ClC1:C:C:C:C2:C:C:C:C:C:1:2,0.0,Clc1cccc2ccccc12
CCC(Cl)[N+](=O)[O-],0.0,CCC(Cl)[N+](=O)[O-]
SC1:C:C:C:C:C:1Cl,0.0,Sc1ccccc1Cl
CCS(=O)(=O)C1:C:C:C(OC):C(C(=O)OC):C:1,0.0,CCS(=O)(=O)c1ccc(OC)c(C(=O)OC)c1
ClCC1:C:C:C:C(Cl):C:1,0.0,ClCc1cccc(Cl)c1
CCOC(=O)CN1CCCC1=O,0.0,CCOC(=O)CN1CCCC1=O
C/C(=C1\CCOC(=O)S1)N(C=O)CC1:C:N:C(C):N:C:1N,0.0,C/C(=C1\CCOC(=O)S1)N(C=O)Cc1cnc(C)nc1N
CCCC(CCC)(C(=O)OCC)C(=O)OCC,0.0,CCCC(CCC)(C(=O)OCC)C(=O)OCC
CC1:C:N:C(NS(=O)(=O)C2:C:C:C(N):C:C:2):N:C:1,0.0,Cc1cnc(NS(=O)(=O)c2ccc(N)cc2)nc1
C=C(C)C(=O)OCC(O)CO,0.0,C=C(C)C(=O)OCC(O)CO
N#CSCC(=O)[O-],0.0,N#CSCC(=O)[O-]
CCC(C(=O)O)C1:C:C:C(N2CC3:C:C:C:C:C:3C2=O):C:C:1,0.0,CCC(C(=O)O)c1ccc(N2Cc3ccccc3C2=O)cc1
CC(=O)OCC(C)OC(C)=O,0.0,CC(=O)OCC(C)OC(C)=O
CC(C)CCCC(C)CC=O,0.0,CC(C)CCCC(C)CC=O
CC(C)(C)C1:C:C:C:C(O):C:1,0.0,CC(C)(C)c1cccc(O)c1
CC1=CCC(O)(C(C)C)CC1,0.0,CC1=CCC(O)(C(C)C)CC1
C=C(C)C(=O)[O-],0.0,C=C(C)C(=O)[O-]
CC(CCO)CCC1:C:C:C:C:C:1,0.0,CC(CCO)CCc1ccccc1
CCOC(=O)C(C#N)=C(C1:C:C:C:C:C:1)C1:C:C:C:C:C:1,0.0,CCOC(=O)C(C#N)=C(c1ccccc1)c1ccccc1
COC1:C:C:C(C(=O)CC(=O)C2:C:C:C(C(C)(C)C):C:C:2):C:C:1,0.0,COc1ccc(C(=O)CC(=O)c2ccc(C(C)(C)C)cc2)cc1
C=CCCCCCCCCC(=O)OCC,0.0,C=CCCCCCCCCC(=O)OCC
CCN(CC)CC(=O)OCC(=O)[C@@]1(O)CC[C@H]2[C@@H]3CCC4=CC(=O)CC[C@]4(C)[C@H]3[C@@H](O)C[C@@]21C,0.0,CCN(CC)CC(=O)OCC(=O)[C@@]1(O)CC[C@H]2[C@@H]3CCC4=CC(=O)CC[C@]4(C)[C@H]3[C@@H](O)C[C@@]21C
CCO[C@H]1O[C@@H]2OC3(C)CC[C@H]4[C@H](C)CC[C@@H]([C@H]1C)[C@]42OO3,0.0,CCO[C@H]1O[C@@H]2OC3(C)CC[C@H]4[C@H](C)CC[C@@H]([C@H]1C)[C@@]24OO3
FC1:C:C(Br):C:C:C:1CBr,0.0,Fc1cc(Br)ccc1CBr
O=C1:[NH]:C(=O):N([C@H]2O[C@H](CO)[C@@H](O)[C@@H]2O):C:C:1/C=C\Br,0.0,O=c1[nH]c(=O)n([C@H]2O[C@H](CO)[C@@H](O)[C@@H]2O)cc1/C=C\Br
CC(C)=CCNC1:N:C:N:C2:C:1:N:C:N:2[C@@H]1O[C@H](CO)[C@@H](O)[C@H]1O,1.0,CC(C)=CCNc1ncnc2c1ncn2[C@@H]1O[C@H](CO)[C@@H](O)[C@H]1O
CCCC(=O)O[C@]1(C(=O)CC)CC[C@H]2[C@@H]3CCC4=CC(=O)CC[C@]4(C)[C@H]3[C@@H](O)C[C@@]21C,0.0,CCCC(=O)O[C@]1(C(=O)CC)CC[C@H]2[C@@H]3CCC4=CC(=O)CC[C@]4(C)[C@H]3[C@@H](O)C[C@@]21C
COC1:C:C:C(/C(C)=C/C(=O)O):C(OC):C:1,0.0,COc1ccc(/C(C)=C/C(=O)O)c(OC)c1
CCOC(=O)C(O)C1:C:C:C:C:C:1,0.0,CCOC(=O)C(O)c1ccccc1
CC(CC(C#N)(C1:C:C:C:C:C:1)C(C)C)N(C)C,0.0,CC(CC(C#N)(c1ccccc1)C(C)C)N(C)C
O=C1NC(=O)C2:C:C([N+](=O)[O-]):C:C:C:21,1.0,O=C1NC(=O)c2cc([N+](=O)[O-])ccc21
O=C1OC(=O)C2:C:C([N+](=O)[O-]):C:C:C:21,0.0,O=C1OC(=O)c2cc([N+](=O)[O-])ccc21
O=C1:[NH]:[NH]:C(=O):C2:C:C([N+](=O)[O-]):C:C:C:1:2,0.0,O=c1[nH][nH]c(=O)c2cc([N+](=O)[O-])ccc12
NC1:C:C:C([N+](=O)[O-]):C(N):C:1,0.0,Nc1ccc([N+](=O)[O-])c(N)c1
O=[N+]([O-])C1:C:C:C(NCCO):C(OCCO):C:1,0.0,O=[N+]([O-])c1ccc(NCCO)c(OCCO)c1
O=S(=O)([O-])C1:C:C:C(/N=N/C2:C(O):C:C:C3:C:C(S(=O)(=O)[O-]):C:C:C:2:3):C:C:1,0.0,O=S(=O)([O-])c1ccc(/N=N/c2c(O)ccc3cc(S(=O)(=O)[O-])ccc23)cc1
O=C([O-])C1:[NH]:N(C2:C:C:C(S(=O)(=O)[O-]):C:C:2):C(=O):C:1/N=N/C1:C:C:C(S(=O)(=O)[O-]):C:C:1,0.0,O=C([O-])c1[nH]n(-c2ccc(S(=O)(=O)[O-])cc2)c(=O)c1/N=N/c1ccc(S(=O)(=O)[O-])cc1
CCN(CC)CCCl,1.0,CCN(CC)CCCl
COC(=O)C1:C:C:C2:C:C(C(=O)OC):C:C:C:2:C:1,0.0,COC(=O)c1ccc2cc(C(=O)OC)ccc2c1
CC1:C:C:C:C:[N+]:1[O-],0.0,Cc1cccc[n+]1[O-]
CC[N+](CC)(CC(=O)NC1:C(C):C:C:C:C:1C)CC1:C:C:C:C:C:1.O=C([O-])C1:C:C:C:C:C:1,0.0,CC[N+](CC)(CC(=O)Nc1c(C)cccc1C)Cc1ccccc1.O=C([O-])c1ccccc1
CCC(C)C1CCCCC1=O,0.0,CCC(C)C1CCCCC1=O
NC1CCN(C2:C:C:C:C(Cl):N:2)CC1,0.0,NC1CCN(c2cccc(Cl)n2)CC1
CC1CCC(CO)CC1,0.0,CC1CCC(CO)CC1
CCS(=O)(=O)C(C)(C)S(=O)(=O)CC,0.0,CCS(=O)(=O)C(C)(C)S(=O)(=O)CC
CC(=O)SC[C@@H](C)C(=O)N1CCC[C@H]1C(=O)N[C@@H](CC1:C:C:C:C:C:1)C(=O)O,0.0,CC(=O)SC[C@@H](C)C(=O)N1CCC[C@H]1C(=O)N[C@@H](Cc1ccccc1)C(=O)O
NC1:C2:C(:N:C3:C:C:C:C:C:1:3)CCCC2O,0.0,Nc1c2c(nc3ccccc13)CCCC2O
N=C(N)NC(=O)CC1:C(Cl):C:C:C:C:1Cl,0.0,N=C(N)NC(=O)Cc1c(Cl)cccc1Cl
O=C(O)CN(CCOCCOCCN(CC(=O)O)CC(=O)O)CC(=O)O,0.0,O=C(O)CN(CCOCCOCCN(CC(=O)O)CC(=O)O)CC(=O)O
CC1:N:C2:C(:[NH]:1):C(=O):N(C):C(=O):N:2CC1:C:C:C:O:1,0.0,Cc1nc2c([nH]1)c(=O)n(C)c(=O)n2Cc1ccco1
ClC1=C(Cl)[C@]2(Cl)[C@H]3[C@H](C4C=C[C@H]3C4)C1(Cl)C2(Cl)Cl,0.0,ClC1=C(Cl)[C@]2(Cl)[C@@H]3[C@H]4C=CC(C4)[C@@H]3C1(Cl)C2(Cl)Cl
NC(=O)NC1NC(=O)NC1=O,0.0,NC(=O)NC1NC(=O)NC1=O
C=CCO,0.0,C=CCO
C=CCCl,0.0,C=CCCl
C=CCOCC1CO1,0.0,C=CCOCC1CO1
C=CCN=C=S,0.0,C=CCN=C=S
C=CCOC(=O)CC(C)C,0.0,C=CCOC(=O)CC(C)C
CCCCNCC,0.0,CCCCNCC
CC1:[NH]:C(=O):C(C#N):C:C:1C1:C:C:N:C:C:1,0.0,Cc1[nH]c(=O)c(C#N)cc1-c1ccncc1
CC#C[C@]1(O)CC[C@H]2[C@@H]3CCC4=CC(=O)CCC4=C3[C@@H](C3:C:C:C(N(C)C):C:C:3)C[C@@]21C,1.0,CC#C[C@]1(O)CC[C@H]2[C@@H]3CCC4=CC(=O)CCC4=C3[C@@H](c3ccc(N(C)C)cc3)C[C@@]21C
CC1:C:C:C:C2:C:C:C:N:C:1:2,0.0,Cc1cccc2cccnc12
O=S([O-])CO,0.0,O=S([O-])CO
CC1:C:C:C2:N:C:C:C:C:2:C:1,0.0,Cc1ccc2ncccc2c1
COC(=O)C(C1:C:C:C:C:C:1)C1CCCCN1,0.0,COC(=O)C(c1ccccc1)C1CCCCN1
NC(=O)CS(=O)C(C1:C:C:C:C:C:1)C1:C:C:C:C:C:1,0.0,NC(=O)CS(=O)C(c1ccccc1)c1ccccc1
CCSC(=O)Cl,1.0,CCSC(=O)Cl
OC1:C:C:C(Cl):C:C:1,0.0,Oc1ccc(Cl)cc1
CC1:C:C:C(N):C:C:1,0.0,Cc1ccc(N)cc1
C=CC(=O)OCC(C)C,0.0,C=CC(=O)OCC(C)C
CCCBr,0.0,CCCBr
OCCCl,0.0,OCCCl
CCC#N,0.0,CCC#N
CCCC(C)C1(CC)C(=O)N=C([S-])NC1=O,0.0,CCCC(C)C1(CC)C(=O)N=C([S-])NC1=O
CC1(C)C(=O)NC(=O)N1CO,0.0,CC1(C)C(=O)NC(=O)N1CO
C#C[C@]1(OC(C)=O)CC[C@H]2[C@@H]3CCC4=C[C@@H](OC(C)=O)CC[C@@H]4[C@H]3CC[C@@]21C,1.0,C#C[C@]1(OC(C)=O)CC[C@H]2[C@@H]3CCC4=C[C@@H](OC(C)=O)CC[C@@H]4[C@H]3CC[C@@]21C
CCC1:C:C:C:C2:C3:C(:[NH]:C:1:2)C(CC)(CC(=O)O)OCC3,1.0,CCc1cccc2c3c([nH]c12)C(CC)(CC(=O)O)OCC3
CCOC(=O)C(C)(C)OC1:C:C:C(Cl):C:C:1,0.0,CCOC(=O)C(C)(C)Oc1ccc(Cl)cc1
O=C(O)CC(O)(CC(=O)O)C(=O)O,0.0,O=C(O)CC(O)(CC(=O)O)C(=O)O
CC(C)(OC1:C:C:C(C2CC2(Cl)Cl):C:C:1)C(=O)O,0.0,CC(C)(Oc1ccc(C2CC2(Cl)Cl)cc1)C(=O)O
CCCCCCCCC(CO)CCCCCC,0.0,CCCCCCCCC(CO)CCCCCC
CC1:C(Cl):C:C:C:C:1[N+](=O)[O-],0.0,Cc1c(Cl)cccc1[N+](=O)[O-]
NC1:C:C([N+](=O)[O-]):C:C:C:1C(=O)O,1.0,Nc1cc([N+](=O)[O-])ccc1C(=O)O
CCC(C(=O)NC(N)=O)C1:C:C:C:C:C:1,0.0,CCC(C(=O)NC(N)=O)c1ccccc1
O=C1:S:S:C(Cl):C:1Cl,1.0,O=c1ssc(Cl)c1Cl
O=C(O)C1:C:C(/N=N/C2:C:C:C([N+](=O)[O-]):C:C:2):C:C:C:1O,1.0,O=C(O)c1cc(/N=N/c2ccc([N+](=O)[O-])cc2)ccc1O
CCN1C(=CC=CC2:C:C:C3:C:C:C:C:C:3:[N+]:2CC)C=CC2:C:C:C:C:C:21,1.0,CCN1C(=CC=Cc2ccc3ccccc3[n+]2CC)C=Cc2ccccc21
N=C(N)NN=C(C=CC1:C:C:C([N+](=O)[O-]):O:1)C=CC1:C:C:C([N+](=O)[O-]):O:1,1.0,N=C(N)NN=C(C=Cc1ccc([N+](=O)[O-])o1)C=Cc1ccc([N+](=O)[O-])o1
CCCCCCCCOC(=O)CCCCCCCCC(=O)OCCCCCCCC,0.0,CCCCCCCCOC(=O)CCCCCCCCC(=O)OCCCCCCCC
O=C([O-])CC(O)C(=O)[O-],0.0,O=C([O-])CC(O)C(=O)[O-]
O=C(OCCCCCCOC(=O)C1:C:C:C:C:C:1)C1:C:C:C:C:C:1,0.0,O=C(OCCCCCCOC(=O)c1ccccc1)c1ccccc1
CC(=O)C1:C:C:C2:C(:C:1)[C@H](NC(=O)C1:C:C:C(F):C:C:1)[C@@H](O)C(C)(C)O2,0.0,CC(=O)c1ccc2c(c1)[C@H](NC(=O)c1ccc(F)cc1)[C@@H](O)C(C)(C)O2
CCCCN1C(=O)[C@@H]([C@H](O)C2CCCCC2)NC(=O)C12CCN(CC1:C:C:C(OC3:C:C:C(C(=O)O):C:C:3):C:C:1)CC2,1.0,CCCCN1C(=O)[C@@H]([C@H](O)C2CCCCC2)NC(=O)C12CCN(Cc1ccc(Oc3ccc(C(=O)O)cc3)cc1)CC2
CNS(=O)(=O)C1:C:C(C(=O)N2CCC(CCN3C4CCC3CC(N3:C(C):N:C5:C:C:C:C:C:5:3)C4)(C3:C:C:C:C(F):C:3)CC2):C(Cl):C:C:1F,1.0,CNS(=O)(=O)c1cc(C(=O)N2CCC(CCN3C4CCC3CC(n3c(C)nc5ccccc53)C4)(c3cccc(F)c3)CC2)c(Cl)cc1F
N#CC1:C:C:C(N(CC(N)=O)CC(F)(F)F):C:C:1C(F)(F)F,0.0,N#Cc1ccc(N(CC(N)=O)CC(F)(F)F)cc1C(F)(F)F
CCN(C(=O)C1:C:C(C):C:C(OC[C@H](C)NC2:C:C:N:C:C:2):C:1)C(C)C,0.0,CCN(C(=O)c1cc(C)cc(OC[C@H](C)Nc2ccncc2)c1)C(C)C
O=C(NCCCN1CCOCC1)C1:C:C:C(Cl):C:C:1,0.0,O=C(NCCCN1CCOCC1)c1ccc(Cl)cc1
O=[N+]([O-])C1:C:C:C(C=NO):O:1,1.0,O=[N+]([O-])c1ccc(C=NO)o1
CC1:C:C:C(O):C2:N:C:C:C:C:1:2,1.0,Cc1ccc(O)c2ncccc12
CNCCCC1C2:C:C:C:C:C:2C=CC2:C:C:C:C:C:21,0.0,CNCCCC1c2ccccc2C=Cc2ccccc21
O=C(NC1:C:C:C(C(=O)O):C(O):C:1)C1:C:C:C:C:C:1,0.0,O=C(Nc1ccc(C(=O)O)c(O)c1)c1ccccc1
COC1:C:C:C:C:C:1OC(=O)OC1:C:C:C:C:C:1OC,0.0,COc1ccccc1OC(=O)Oc1ccccc1OC
O=C(/C=C/C1:C:C:C:C:C:1)NCCO,0.0,O=C(/C=C/c1ccccc1)NCCO
CC(C)(C)C1(CCC2:C:C:C(Cl):C:C:2)CO1,0.0,CC(C)(C)C1(CCc2ccc(Cl)cc2)CO1
CCC1:C:C:C:C:C:1N,0.0,CCc1ccccc1N
NNC1:N:N:C:C2:C:C:C:C:C:1:2,1.0,NNc1nncc2ccccc12
CC(=O)OCCN(CCOC(C)=O)C1:C:C:C(/N=N/C2:C:C:C([N+](=O)[O-]):C:C:2C#N):C:C:1,1.0,CC(=O)OCCN(CCOC(C)=O)c1ccc(/N=N/c2ccc([N+](=O)[O-])cc2C#N)cc1
CCCCCCCCCCCCCCN(CCO)CCO,0.0,CCCCCCCCCCCCCCN(CCO)CCO
CCCOC(=O)C1:C:C(O):C(O):C(O):C:1,1.0,CCCOC(=O)c1cc(O)c(O)c(O)c1
OC1:C:C:C:C:C:1C=NCC1:C:C:C:C:C:1,0.0,Oc1ccccc1C=NCc1ccccc1
CC(O)CO,0.0,CC(O)CO
BrC1:C:C:C(OC2:C:C:C(Br):C:C:2Br):C(Br):C:1,0.0,Brc1ccc(Oc2ccc(Br)cc2Br)c(Br)c1
CCCC1:C:C(=O):[NH]:C(=S):[NH]:1,0.0,CCCc1cc(=O)[nH]c(=S)[nH]1
CCC1:C:N:C(C(=O)O):C(C(=O)O):C:1,0.0,CCc1cnc(C(=O)O)c(C(=O)O)c1
CCO[Si](CCC#N)(OCC)OCC,0.0,CCO[Si](CCC#N)(OCC)OCC
CCO[Si](CCCN)(OCC)OCC,0.0,CCO[Si](CCCN)(OCC)OCC
FC(F)(F)C1:C:C:C:C:C:1,0.0,FC(F)(F)c1ccccc1
C1:C:C:C2:S:C:N:C:2:C:1,0.0,c1ccc2scnc2c1
CC(=O)OC(C(=O)C1:C:C:C:C:C:1)C1:C:C:C:C:C:1,0.0,CC(=O)OC(C(=O)c1ccccc1)c1ccccc1
CN(C)C/C=C(/C1:C:C:C(Br):C:C:1)C1:C:C:C:N:C:1,0.0,CN(C)C/C=C(/c1ccc(Br)cc1)c1cccnc1
C1:C:C(CN2CCCCC2):C:C(OCCCNC2:N:C3:C:C:C:C:C:3:S:2):C:1,0.0,c1cc(CN2CCCCC2)cc(OCCCNc2nc3ccccc3s2)c1
O=C(CCCN1CCC(O)(C2:C:C:C:C(C(F)(F)F):C:2)CC1)C1:C:C:C(F):C:C:1,0.0,O=C(CCCN1CCC(O)(c2cccc(C(F)(F)F)c2)CC1)c1ccc(F)cc1
CC1:[NH]:C(=O):C(C#N):C:C:1C1:C:C:C2:N:C:C:N:2:C:1,0.0,Cc1[nH]c(=O)c(C#N)cc1-c1ccc2nccn2c1
O=C(O)C1:C:C(O):C(O):C(O):C:1,1.0,O=C(O)c1cc(O)c(O)c(O)c1
CC1:C:C:C(C):C(OCCCC(C)(C)C(=O)O):C:1,0.0,Cc1ccc(C)c(OCCCC(C)(C)C(=O)O)c1
CN(C)C1:C:C:C(C(=C2C=CC(=[N+](C)C)C=C2)C2:C:C:C(N(C)C):C:C:2):C:C:1,1.0,CN(C)c1ccc(C(=C2C=CC(=[N+](C)C)C=C2)c2ccc(N(C)C)cc2)cc1
CC(=O)OC/C=C(\C)CCC=C(C)C,0.0,CC(=O)OC/C=C(\C)CCC=C(C)C
C=C1C[C@]23C[C@@]1(O)CC[C@H]2[C@@]12C=C[C@H](O)[C@@](C)(C(=O)O1)[C@H]2[C@@H]3C(=O)O,0.0,C=C1C[C@]23C[C@@]1(O)CC[C@H]2[C@@]12C=C[C@H](O)[C@@](C)(C(=O)O1)[C@H]2[C@@H]3C(=O)O
BrCCCCBr,1.0,BrCCCCBr
OC[C@H]1O[C@H](O[C@H]2O[C@H](CO)[C@@H](O)[C@H](O)[C@H]2O)[C@H](O)[C@@H](O)[C@@H]1O,0.0,OC[C@H]1O[C@H](O[C@H]2O[C@H](CO)[C@@H](O)[C@H](O)[C@H]2O)[C@H](O)[C@@H](O)[C@@H]1O
O=C(CC1:C:C:C:C:C:1)OCCC1:C:C:C:C:C:1,0.0,O=C(Cc1ccccc1)OCCc1ccccc1
CC(=O)CCC1:C:C:C(O):C:C:1,0.0,CC(=O)CCc1ccc(O)cc1
CC(C)CCCC(C)CCO,0.0,CC(C)CCCC(C)CCO
NNC(=O)CCCCC(=O)NN,0.0,NNC(=O)CCCCC(=O)NN
CCCCCCCCCC(=O)OCC,0.0,CCCCCCCCCC(=O)OCC
CCN1:C:C:[N+](C):C:1.O=S(=O)([O-])C(F)(F)F,0.0,CCn1cc[n+](C)c1.O=S(=O)([O-])C(F)(F)F
CCN1:C:C:[N+](C):C:1.N#CN=C=[N-],0.0,CCn1cc[n+](C)c1.N#CN=C=[N-]
CCN1:C:C:[N+](C):C:1.O=S(=O)([N-]S(=O)(=O)C(F)(F)F)C(F)(F)F,0.0,CCn1cc[n+](C)c1.O=S(=O)([N-]S(=O)(=O)C(F)(F)F)C(F)(F)F
O=C(O)C1:C:C:C:C:C:1O.OCCN(CCO)CCO,0.0,O=C(O)c1ccccc1O.OCCN(CCO)CCO
CCCC[N+]1(C)CCCC1.O=S(=O)([N-]S(=O)(=O)C(F)(F)F)C(F)(F)F,0.0,CCCC[N+]1(C)CCCC1.O=S(=O)([N-]S(=O)(=O)C(F)(F)F)C(F)(F)F
CN1:C:C:[N+](C):C:1.COP(=O)([O-])OC,0.0,COP(=O)([O-])OC.Cn1cc[n+](C)c1
O=S(=O)([O-])OOS(=O)(=O)[O-],0.0,O=S(=O)([O-])OOS(=O)(=O)[O-]
O=[N+]([O-])[O-].[K+],0.0,O=[N+]([O-])[O-].[K+]
CCCNCCC,0.0,CCCNCCC
CCC(O)OC(O)CC,0.0,CCC(O)OC(O)CC
NC1:N:C(F):N:C2:C:1:N:C:N:2[C@@H]1O[C@H](CO)[C@@H](O)[C@@H]1O,1.0,Nc1nc(F)nc2c1ncn2[C@@H]1O[C@H](CO)[C@@H](O)[C@@H]1O
CC(CC(C(N)=O)(C1:C:C:C:C:C:1)C1:C:C:C:C:C:1)N(C)C,0.0,CC(CC(C(N)=O)(c1ccccc1)c1ccccc1)N(C)C
COCCOC1:C:C:C:C(S(=O)(=O)[N-]C2:N:C:C:C:N:2):C:1,0.0,COCCOc1cccc(S(=O)(=O)[N-]c2ncccn2)c1
OC1:C:C:C:C:C:1C1:N:N:C:O:1,0.0,Oc1ccccc1-c1nnco1
C1CN2CCC1CC2,0.0,C1CN2CCC1CC2
CCN(CC)CCN,0.0,CCN(CC)CCN
CCCCCCN1:C(=O):C2:C(:N:C:N:2C):N(C):C:1=O,0.0,CCCCCCn1c(=O)c2c(ncn2C)n(C)c1=O
CS(=O)(=O)O,0.0,CS(=O)(=O)O
C[Si](C)(C)C,0.0,C[Si](C)(C)C
CC1(C2:C:C:C(OC3:C:C:C:C:C:3):C:C:2)OC(=O)N(NC2:C:C:C:C:C:2)C1=O,1.0,CC1(c2ccc(Oc3ccccc3)cc2)OC(=O)N(Nc2ccccc2)C1=O
NC1:N:C(=O):C2:N:C(CNC3:C:C:C(C(=O)N[C@@H](CCC(=O)O)C(=O)O):C:C:3):C:N:C:2:[NH]:1,0.0,Nc1nc(=O)c2nc(CNc3ccc(C(=O)N[C@@H](CCC(=O)O)C(=O)O)cc3)cnc2[nH]1
CCOC(=O)CC1:C:C:C:C2:C:C:C:C:C:1:2,0.0,CCOC(=O)Cc1cccc2ccccc12
BrCC1CO1,0.0,BrCC1CO1
CCOC1OC2:C:C:C(OS(C)(=O)=O):C:C:2C1(C)C,1.0,CCOC1Oc2ccc(OS(C)(=O)=O)cc2C1(C)C
CCOC1:C:C(C(C)(C)C):C:C:C:1C1COC(C2:C(F):C:C:C:C:2F)=N1,1.0,CCOc1cc(C(C)(C)C)ccc1C1COC(c2c(F)cccc2F)=N1
CC1:C:C(Cl):C:C:C:1O,0.0,Cc1cc(Cl)ccc1O
CC1:C:C(O):C2:C(:C:1)C(=O)C1:C:C(O):C:C(O):C:1C2=O,1.0,Cc1cc(O)c2c(c1)C(=O)c1cc(O)cc(O)c1C2=O
COC(=O)C1=C(C)NC(C)=C(C(=O)OC(C)C)C1C1:C:C:C:C2:N:O:N:C:1:2,0.0,COC(=O)C1=C(C)NC(C)=C(C(=O)OC(C)C)C1c1cccc2nonc12
Cl[Zn]Cl,0.0,[Cl][Zn][Cl]
CC(C)COC(=O)C1:C:C:C(N):C:C:1,0.0,CC(C)COC(=O)c1ccc(N)cc1
CC(C)[N+](C)(CCC(C(N)=O)(C1:C:C:C:C:C:1)C1:C:C:C:C:C:1)C(C)C,0.0,CC(C)[N+](C)(CCC(C(N)=O)(c1ccccc1)c1ccccc1)C(C)C
O=C1:N(Cl):C(=O):N(Cl):C(=O):N:1Cl,0.0,O=c1n(Cl)c(=O)n(Cl)c(=O)n1Cl
CC1:C:C(S(=O)(=O)O):C(N):C:C:1Cl,0.0,Cc1cc(S(=O)(=O)O)c(N)cc1Cl
CC1:C:C:C(N):C(S(=O)(=O)O):C:1,0.0,Cc1ccc(N)c(S(=O)(=O)O)c1
CC(C)(C)C1:C:C:C:C:C:1O,0.0,CC(C)(C)c1ccccc1O
CC1:C:C:C(C(C)(C)C):C(O):C:1,0.0,Cc1ccc(C(C)(C)C)c(O)c1
CC1:C:C(N):C(S(=O)(=O)O):C:C:1Cl,0.0,Cc1cc(N)c(S(=O)(=O)O)cc1Cl
CC1:C(NC(=O)C2:C:C:C:N:C:2):C(=O):N(C2:C:C:C:C:C:2):N:1C,0.0,Cc1c(NC(=O)c2cccnc2)c(=O)n(-c2ccccc2)n1C
C[C@@H]1C[C@H]2[C@@H]3C[C@H](F)C4=CC(=O)C=C[C@]4(C)[C@@]3(F)[C@@H](O)C[C@]2(C)[C@@]1(O)C(=O)CO,0.0,C[C@@H]1C[C@H]2[C@@H]3C[C@H](F)C4=CC(=O)C=C[C@]4(C)[C@@]3(F)[C@@H](O)C[C@]2(C)[C@@]1(O)C(=O)CO
CCCCCCCCCCCCCCCCOS(=O)(=O)[O-],0.0,CCCCCCCCCCCCCCCCOS(=O)(=O)[O-]
CCCCOC1:C:C:C(CC(=O)NO):C:C:1,0.0,CCCCOc1ccc(CC(=O)NO)cc1
ClC/C=C/CCl,1.0,ClC/C=C/CCl
CCCCC1:C(C):N:C(NCC):N:C:1OS(=O)(=O)N(C)C,1.0,CCCCc1c(C)nc(NCC)nc1OS(=O)(=O)N(C)C
ClC1:C:C:C:C:C:1Cl,0.0,Clc1ccccc1Cl
ClC1:C:C:C(Cl):C:C:1,0.0,Clc1ccc(Cl)cc1
NC1:C:C:C(C2:C:C:C(N):C(Cl):C:2):C:C:1Cl,1.0,Nc1ccc(-c2ccc(N)c(Cl)c2)cc1Cl
ClCCCl,0.0,ClCCCl
OC1:C:C:C(Cl):C:C:1Cl,0.0,Oc1ccc(Cl)cc1Cl
CCCCOC(=O)CCC(=O)OCCCC,0.0,CCCCOC(=O)CCC(=O)OCCCC
C1:C:C:C2:C(:C:1):O:C1:C:C:C:C:C:1:2,0.0,c1ccc2c(c1)oc1ccccc12
NCCN1CCNCC1,0.0,NCCN1CCNCC1
CCC(=O)[O-],0.0,CCC(=O)[O-]
CCN(CC)C(=O)C1:C:C:C:C(C):C:1,0.0,CCN(CC)C(=O)c1cccc(C)c1
NC1:C:C:C(C(=O)OC2:C:C:C:C:C:2):C(O):C:1,0.0,Nc1ccc(C(=O)Oc2ccccc2)c(O)c1
COCCCN,0.0,COCCCN
CC1(C)C(C=C(Cl)Cl)C1C(=O)OCC1:C:C:C:C(OC2:C:C:C:C:C:2):C:1,0.0,CC1(C)C(C=C(Cl)Cl)C1C(=O)OCc1cccc(Oc2ccccc2)c1
COC1:N:C(C):N:C(NC(=O)NS(=O)(=O)C2:C:C:C:C:C:2OCCCl):N:1,0.0,COc1nc(C)nc(NC(=O)NS(=O)(=O)c2ccccc2OCCCl)n1
CC(C)N(C(=O)SCC(Cl)=C(Cl)Cl)C(C)C,0.0,CC(C)N(C(=O)SCC(Cl)=C(Cl)Cl)C(C)C
BrC1:C:C:C(Br):C(Br):C:1,0.0,Brc1ccc(Br)c(Br)c1
CCCCN(CCCC)CCCCCCN(CCCC)CCCC,0.0,CCCCN(CCCC)CCCCCCN(CCCC)CCCC
CC(COCC(C)OC(=O)C1:C:C:C:C:C:1)OC(=O)C1:C:C:C:C:C:1,0.0,CC(COCC(C)OC(=O)c1ccccc1)OC(=O)c1ccccc1
CCCCCCCCCC(CC)C1:C:C:C(S(=O)(=O)O):C:C:1,1.0,CCCCCCCCCC(CC)c1ccc(S(=O)(=O)O)cc1
CC(C)CCCCCCCOC(=O)CCCCC(=O)OCCCCCCCC(C)C,0.0,CC(C)CCCCCCCOC(=O)CCCCC(=O)OCCCCCCCC(C)C
CC(C)(C)CC(C)(C)C1:C:C:C:C:C:1O,0.0,CC(C)(C)CC(C)(C)c1ccccc1O
CCCCCCCC[Si](OCC)(OCC)OCC,0.0,CCCCCCCC[Si](OCC)(OCC)OCC
CCCCC(CC)CO[N+](=O)[O-],0.0,CCCCC(CC)CO[N+](=O)[O-]
NC(=S)NC(N)=S,0.0,NC(=S)NC(N)=S
N#C/N=C1\SCCN1CC1:C:C:C(Cl):N:C:1,0.0,N#C/N=C1\SCCN1Cc1ccc(Cl)nc1
CN1COCN(CC2:C:N:C(Cl):S:2)C1=N[N+](=O)[O-],0.0,CN1COCN(Cc2cnc(Cl)s2)C1=N[N+](=O)[O-]
CC1=CC(=O)CC(C)(C)C1(O)/C=C/C(C)=C\C(=O)O,0.0,CC1=CC(=O)CC(C)(C)C1(O)/C=C/C(C)=C\C(=O)O
CC1=CC(=O)[N-]S(=O)(=O)O1,0.0,CC1=CC(=O)[N-]S(=O)(=O)O1
CCOC(C)OCC,0.0,CCOC(C)OCC
COC(=O)C1:C(Cl):C(Cl):C(C(=O)OC):C(Cl):C:1Cl,0.0,COC(=O)c1c(Cl)c(Cl)c(C(=O)OC)c(Cl)c1Cl
CC(Cl)(Cl)C(=O)[O-],0.0,CC(Cl)(Cl)C(=O)[O-]
C=CC(O)CCCCC,0.0,C=CC(O)CCCCC
C[Sn](Cl)(Cl)Cl,0.0,[CH3][Sn]([Cl])([Cl])[Cl]
C=CCS(=O)(=O)[O-],0.0,C=CCS(=O)(=O)[O-]
CCCC(C)C1:C:C:C:C:C:1O,0.0,CCCC(C)c1ccccc1O
CC(C)CCOCC1:C:C:C:C:C:1,0.0,CC(C)CCOCc1ccccc1
CC1:C:C([N+](=O)[O-]):C:C([N+](=O)[O-]):C:1O,1.0,Cc1cc([N+](=O)[O-])cc([N+](=O)[O-])c1O
CC(=O)[C@@]1(O)CC[C@H]2[C@@H]3C[C@H](C)C4=CC(=O)C=C[C@]4(C)[C@@]3(F)[C@@H](O)C[C@@]21C,0.0,CC(=O)[C@@]1(O)CC[C@H]2[C@@H]3C[C@H](C)C4=CC(=O)C=C[C@]4(C)[C@@]3(F)[C@@H](O)C[C@@]21C
CC1(C)O[C@@H]2C[C@H]3[C@@H]4C[C@H](F)C5=CC(=O)CC[C@]5(C)[C@H]4[C@@H](O)C[C@]3(C)[C@]2(C(=O)CO)O1,0.0,CC1(C)O[C@@H]2C[C@H]3[C@@H]4C[C@H](F)C5=CC(=O)CC[C@]5(C)[C@H]4[C@@H](O)C[C@]3(C)[C@]2(C(=O)CO)O1
CCCCCCC1CCOC1=O,0.0,CCCCCCC1CCOC1=O
C[C@H](CCC(=O)NCC(=O)O)[C@H]1CC[C@H]2[C@H]3[C@H](C[C@H](O)[C@@]21C)[C@@]1(C)CC[C@@H](O)C[C@H]1C[C@H]3O,0.0,C[C@H](CCC(=O)NCC(=O)O)[C@H]1CC[C@H]2[C@@H]3[C@H](O)C[C@@H]4C[C@H](O)CC[C@]4(C)[C@H]3C[C@H](O)[C@]12C
CCC(C)(C)C1CCC(=O)CC1,0.0,CCC(C)(C)C1CCC(=O)CC1
O=P([O-])(O)OP(=O)([O-])O,0.0,O=P([O-])(O)OP(=O)([O-])O
C=CCCCCCCCCOC(C)=O,0.0,C=CCCCCCCCCOC(C)=O
CC1:C:C:C:C:C:1C#N,0.0,Cc1ccccc1C#N
CCCCCCCCCOC(C)=O,0.0,CCCCCCCCCOC(C)=O
CC1:C(N):C:C:C:C:1C(F)(F)F,0.0,Cc1c(N)cccc1C(F)(F)F
O=CC1:C:C2:C:C:C:C:C:2:O:1,0.0,O=Cc1cc2ccccc2o1
CC(=O)C1:C(C):C:C(C(C)(C)C):C:C:1C,0.0,CC(=O)c1c(C)cc(C(C)(C)C)cc1C
CCOC(=O)N1CCC(N2:C(=O):[NH]:C3:C:C(Cl):C:C:C:3:2)CC1,1.0,CCOC(=O)N1CCC(n2c(=O)[nH]c3cc(Cl)ccc32)CC1
CCOC(=O)N1CCC(NC2:C:C:C(Cl):C:C:2N)CC1,1.0,CCOC(=O)N1CCC(Nc2ccc(Cl)cc2N)CC1
CCCS(=O)C1:C:C:C2:[NH]:C(NC(=O)OC):N:C:2:C:1,0.0,CCCS(=O)c1ccc2[nH]c(NC(=O)OC)nc2c1
N#CC1:C:C(NC(=O)C(=O)O):C(Cl):C(NC(=O)C(=O)O):C:1,0.0,N#Cc1cc(NC(=O)C(=O)O)c(Cl)c(NC(=O)C(=O)O)c1
CC(C)(C)C1:N:N:C(NS(=O)(=O)C2:C:C:C(N):C:C:2):S:1,0.0,CC(C)(C)c1nnc(NS(=O)(=O)c2ccc(N)cc2)s1
ClCCCN1CCN(C2:C:C:C:C(Cl):C:2)CC1,1.0,ClCCCN1CCN(c2cccc(Cl)c2)CC1
COC(=O)C=C(C)CCC=C(C)C,0.0,COC(=O)C=C(C)CCC=C(C)C
CC(=O)OCC=C(C)C,0.0,CC(=O)OCC=C(C)C
CCN(CC#N)C1:C:C:C:C(C):C:1,0.0,CCN(CC#N)c1cccc(C)c1
OC1:C:C:C:C2:C:C:C:N:C:1:2.OC1:C:C:C:C2:C:C:C:N:C:1:2,1.0,Oc1cccc2cccnc12.Oc1cccc2cccnc12
N[C@@H](CC1:C:[NH]:C2:C:C:C(O):C:C:1:2)C(=O)O,0.0,N[C@@H](Cc1c[nH]c2ccc(O)cc12)C(=O)O
CC(=O)OC(C)(C)C,0.0,CC(=O)OC(C)(C)C
NC(=O)NO,0.0,NC(=O)NO
COC(=O)OC,0.0,COC(=O)OC
CC1CCCNC1,0.0,CC1CCCNC1
CCC1:C:C:C(C):C:C:1,0.0,CCc1ccc(C)cc1
O=C(O)CNC(=O)C1:C:C:C([N+](=O)[O-]):C:C:1,0.0,O=C(O)CNC(=O)c1ccc([N+](=O)[O-])cc1
CCCCCC[N+](=O)[O-],0.0,CCCCCC[N+](=O)[O-]
CN(CCCl)CCCl,1.0,CN(CCCl)CCCl
C=C(Cl)Cl,0.0,C=C(Cl)Cl
N=C(N)S(=O)O,0.0,N=C(N)S(=O)O
O=C(O)C1:N:C(Cl):C:C:C:1Cl,0.0,O=C(O)c1nc(Cl)ccc1Cl
CC1:C:C:C(N):N:C:1,0.0,Cc1ccc(N)nc1
CC1:C:C:C(C(C)C2:C:C:C(C):C(C):C:2):C:C:1C,0.0,Cc1ccc(C(C)c2ccc(C)c(C)c2)cc1C
C=COC(C)=O,0.0,C=COC(C)=O
C=CC1:C:C:C:C(C):C:1,0.0,C=Cc1cccc(C)c1
C=CC1CC=CCC1,0.0,C=CC1CC=CCC1
COP(=O)(OC)OC,0.0,COP(=O)(OC)OC
CC(C)(C)C1:C:C:C(CCOC2:N:C:N:C3:C:C:C:C:C:2:3):C:C:1,0.0,CC(C)(C)c1ccc(CCOc2ncnc3ccccc23)cc1
O=C(NC(=O)C1:C(F):C:C:C:C:1F)NC1:C:C(Cl):C(OC(F)(F)C(F)C(F)(F)F):C:C:1Cl,0.0,O=C(NC(=O)c1c(F)cccc1F)Nc1cc(Cl)c(OC(F)(F)C(F)C(F)(F)F)cc1Cl
O=C(NC(=O)C1:C:C:C:C:C:1Cl)NC1:C:C:C(OC(F)(F)F):C:C:1,0.0,O=C(NC(=O)c1ccccc1Cl)Nc1ccc(OC(F)(F)F)cc1
CC1:C:C:C(C):C(C):C:1,0.0,Cc1ccc(C)c(C)c1
CCC(C)(O)CCC=C(C)C,0.0,CCC(C)(O)CCC=C(C)C
C[C@H]1[C@@H]2CC3:C:C:C(O):C:C:3[C@@]1(C)CCN2C.C[C@H]1[C@@H]2CC3:C:C:C(O):C:C:3[C@@]1(C)CCN2C,0.0,C[C@H]1[C@@H]2Cc3ccc(O)cc3[C@@]1(C)CCN2C.C[C@H]1[C@@H]2Cc3ccc(O)cc3[C@@]1(C)CCN2C
CC(=O)OC(C)(C)CC1:C:C:C:C:C:1,0.0,CC(=O)OC(C)(C)Cc1ccccc1
CC(=O)NCCO,0.0,CC(=O)NCCO
CCCC(=O)O[C@]1(C(=O)COC(=O)CC)CC[C@H]2[C@@H]3CCC4=CC(=O)CC[C@]4(C)[C@H]3[C@@H](O)C[C@@]21C,0.0,CCCC(=O)O[C@]1(C(=O)COC(=O)CC)CC[C@H]2[C@@H]3CCC4=CC(=O)CC[C@]4(C)[C@H]3[C@@H](O)C[C@@]21C
CCNC1:N:C(NC(C)C(C)C):N:C(SC):N:1,0.0,CCNc1nc(NC(C)C(C)C)nc(SC)n1
CCCCOCCOC(=O)CCCCCCCCC(=O)OCCOCCCC,0.0,CCCCOCCOC(=O)CCCCCCCCC(=O)OCCOCCCC
COC1:N:C(C):N:C(Cl):C:1NC1=NCCN1,0.0,COc1nc(C)nc(Cl)c1NC1=NCCN1
CCOC(=O)[N-]C1:C:[N+](N2CCOCC2):N:O:1,0.0,CCOC(=O)[N-]c1c[n+](N2CCOCC2)no1
CC12CC3CC(C)(C1)CC(N)(C3)C2,0.0,CC12CC3CC(C)(C1)CC(N)(C3)C2
CNCCC(OC1:C:C:C:C:C:1OC)C1:C:C:C:C:C:1,0.0,CNCCC(Oc1ccccc1OC)c1ccccc1
CC1:N:C:C(CNC(=O)N(CCCl)N=O):C(N):N:1,0.0,Cc1ncc(CNC(=O)N(CCCl)N=O)c(N)n1
CC1:C(N):C(=O):N(C2:C:C:C:C:C:2):N:1C,0.0,Cc1c(N)c(=O)n(-c2ccccc2)n1C
O=C(O)[C@H](O)[C@@H](O)[C@H](O[C@@H]1O[C@H](CO)[C@H](O)[C@H](O)[C@H]1O)[C@H](O)CO,0.0,O=C(O)[C@H](O)[C@@H](O)[C@H](O[C@@H]1O[C@H](CO)[C@H](O)[C@H](O)[C@H]1O)[C@H](O)CO
CN1CCCN=C1/C=C/C1:C:C:C:S:1,1.0,CN1CCCN=C1/C=C/c1cccs1
CN(C)CCN(CC1:C:C:C(Cl):C:C:1)C1:C:C:C:C:N:1,0.0,CN(C)CCN(Cc1ccc(Cl)cc1)c1ccccn1
C[C@H](CN1CCCC1)C(=O)C1:C:C:C(C(F)(F)F):C:C:1,1.0,C[C@H](CN1CCCC1)C(=O)c1ccc(C(F)(F)F)cc1
CC1:N:C:C:N:1CC1CCC2:C(:C3:C:C:C:C:C:3:N:2C)C1=O,0.0,Cc1nccn1CC1CCc2c(c3ccccc3n2C)C1=O
CCCCC1C(=O)NC(=O)N(C2CCCCC2)C1=O,0.0,CCCCC1C(=O)NC(=O)N(C2CCCCC2)C1=O
O=C1CC[C@H](C(=O)N2CCCCC2)N1,0.0,O=C1CC[C@H](C(=O)N2CCCCC2)N1
C=CCC1:C:C:C:C:C:1O,0.0,C=CCc1ccccc1O
OC1:C:C:C(/N=N/C2:C:C:C:C:C:2):C:C:1,1.0,Oc1ccc(/N=N/c2ccccc2)cc1
C=C(C)C(=O)OCCCCCCCCCCCC,0.0,C=C(C)C(=O)OCCCCCCCCCCCC
CCCCCCCCCCCCCCCC(=O)OC(C)C,0.0,CCCCCCCCCCCCCCCC(=O)OC(C)C
NCCCCCCNCCCCCCN,0.0,NCCCCCCNCCCCCCN
COC1:C(C):C2:C(:C(O):C:1C/C=C(\C)CCC(=O)OCCN1CCOCC1)C(=O)OC2,1.0,COc1c(C)c2c(c(O)c1C/C=C(\C)CCC(=O)OCCN1CCOCC1)C(=O)OC2
CC(C)(C)NCC(O)COC1:C:C:C:C2:C:1C[C@H](O)[C@H](O)C2,0.0,CC(C)(C)NCC(O)COc1cccc2c1C[C@H](O)[C@H](O)C2
C=C1CC[C@@]2(O)[C@H]3CC4:C:C:C(O):C5:C:4[C@@]2(CCN3CC2CC2)[C@H]1O5,0.0,C=C1CC[C@@]2(O)[C@H]3Cc4ccc(O)c5c4[C@@]2(CCN3CC2CC2)[C@H]1O5
C=C(C)C(=O)OCCOC1:C:C:C:C:C:1,0.0,C=C(C)C(=O)OCCOc1ccccc1
C=CCN1CC[C@]23C4:C5:C:C:C(O):C:4O[C@H]2C(=O)CC[C@@]3(O)[C@H]1C5,0.0,C=CCN1CC[C@]23c4c5ccc(O)c4O[C@H]2C(=O)CC[C@@]3(O)[C@H]1C5
CC(CC(C)C)=NO,0.0,CC(CC(C)C)=NO
COC1:C:C:C(COC(C)=O):C:C:1,0.0,COc1ccc(COC(C)=O)cc1
CC(C)(O)C(=O)C1:C:C:C(OCCO):C:C:1,0.0,CC(C)(O)C(=O)c1ccc(OCCO)cc1
C=CC(=O)OCCC#N,1.0,C=CC(=O)OCCC#N
O=C1CCCCCCCCCCCC(=O)OCCO1,0.0,O=C1CCCCCCCCCCCC(=O)OCCO1
OCCN1CCNCC1,0.0,OCCN1CCNCC1
CC(C)(O)CCC1:C:C:C:C:C:1,0.0,CC(C)(O)CCc1ccccc1
CCCCC1:C:C:C(N):C:C:1,0.0,CCCCc1ccc(N)cc1
CN(C)CC1:C:C:C:C:C:1,0.0,CN(C)Cc1ccccc1
CO[Si](CCCNCCC[Si](OC)(OC)OC)(OC)OC,0.0,CO[Si](CCCNCCC[Si](OC)(OC)OC)(OC)OC
CC1:C:C:C:C:C:1OP(=O)(OC1:C:C:C:C:C:1C)OC1:C:C:C:C:C:1C,1.0,Cc1ccccc1OP(=O)(Oc1ccccc1C)Oc1ccccc1C
C1:C:O:C(CNC2:[NH]:C:N:C3:N:C:N:C:23):C:1,0.0,c1coc(CNc2[nH]cnc3ncnc2-3)c1
O=C(OC1:C:C:C:C:C:1)C1:C:C:C:C(C(=O)OC2:C:C:C:C:C:2):C:1,0.0,O=C(Oc1ccccc1)c1cccc(C(=O)Oc2ccccc2)c1
CC1:C(N=C=O):C:C:C:C:1N=C=O,0.0,Cc1c(N=C=O)cccc1N=C=O
O=C1CCCCC1,0.0,O=C1CCCCC1
OC[C@H]1O[C@@H]2O[C@@H]3[C@@H](CO)O[C@H](O[C@@H]4[C@@H](CO)O[C@H](O[C@@H]5[C@@H](CO)O[C@H](O[C@@H]6[C@@H](CO)O[C@H](O[C@@H]7[C@@H](CO)O[C@H](O[C@@H]8[C@@H](CO)O[C@H](O[C@H]1[C@H](O)[C@H]2O)[C@H](O)[C@H]8O)[C@H](O)[C@H]7O)[C@H](O)[C@H]6O)[C@H](O)[C@H]5O)[C@H](O)[C@H]4O)[C@H](O)[C@H]3O,0.0,OC[C@H]1O[C@@H]2O[C@H]3[C@H](O)[C@@H](O)[C@@H](O[C@H]4[C@H](O)[C@@H](O)[C@@H](O[C@H]5[C@H](O)[C@@H](O)[C@@H](O[C@H]6[C@H](O)[C@@H](O)[C@@H](O[C@H]7[C@H](O)[C@@H](O)[C@@H](O[C@H]8[C@H](O)[C@@H](O)[C@@H](O[C@H]1[C@H](O)[C@H]2O)O[C@@H]8CO)O[C@@H]7CO)O[C@@H]6CO)O[C@@H]5CO)O[C@@H]4CO)O[C@@H]3CO
O=C1C2:C:C:C:C:C:2C(=O)C2:C(O):C:C:C(O):C:21,1.0,O=C1c2ccccc2C(=O)c2c(O)ccc(O)c21
C=C(C)C1CCC(C)(O)CC1,0.0,C=C(C)C1CCC(C)(O)CC1
C=C[Si](OCC)(OCC)OCC,0.0,C=C[Si](OCC)(OCC)OCC
C1:C:S:C(C2:C:C:C(C3:C:C:C:S:3):S:2):C:1,1.0,c1csc(-c2ccc(-c3cccs3)s2)c1
O=S(=O)([O-])NC1CCCCC1,0.0,O=S(=O)([O-])NC1CCCCC1
N#CNC(=N)N,0.0,N#CNC(=N)N
N=C1:C:C:N2:C(:N:1)O[C@H]1[C@H](O)[C@@H](CO)O[C@H]12,0.0,N=c1ccn2c(n1)O[C@H]1[C@H](O)[C@@H](CO)O[C@H]12
CC(CO)C1:C:C:C:C:C:1,0.0,CC(CO)c1ccccc1
CCCCCCCCCCCC[N+](C)(C)CCCS(=O)(=O)[O-],0.0,CCCCCCCCCCCC[N+](C)(C)CCCS(=O)(=O)[O-]
CCN1:C:C:[N+](C):C:1.F[B-](F)(F)F,0.0,CCn1cc[n+](C)c1.F[B-](F)(F)F
CC(=O)C(=O)CC(C)C,0.0,CC(=O)C(=O)CC(C)C
CCCC[N+]1:C:C:C:C:C:1C,1.0,CCCC[n+]1ccccc1C
CC(C)(C)NCC(O)COC1:C:C:C:C:C:1OCC1CCCO1,0.0,CC(C)(C)NCC(O)COc1ccccc1OCC1CCCO1
CCCCN(CC)C(=O)SCCC,0.0,CCCCN(CC)C(=O)SCCC
CC(C)NCC(O)COC1:C:C:C:C2:C:C:C:C:C:1:2,0.0,CC(C)NCC(O)COc1cccc2ccccc12
CC(CN1CC(=O)NC(=O)C1)N1CC(=O)NC(=O)C1,0.0,CC(CN1CC(=O)NC(=O)C1)N1CC(=O)NC(=O)C1
CCCCC1:C:C:C2:C(:N:1)[C@@H](C1:C:C:C(OC):C:C:1C[C@H](C)C(=O)[O-])[C@H](C(=O)[O-])[C@H]2C1:C:C:C2:C(:C:1)OCO2,0.0,CCCCc1ccc2c(n1)[C@@H](c1ccc(OC)cc1C[C@H](C)C(=O)[O-])[C@H](C(=O)[O-])[C@H]2c1ccc2c(c1)OCO2
CCOC1:C:C:C:C(N2:C:C(C(=O)N3CCN(C4:C:C(C(=O)[O-]):C5:C:C:C:C:C:5:C:4)CC3):N:C:2C2:C:C:C(C):C:C:2):C:1,1.0,CCOc1cccc(-n2cc(C(=O)N3CCN(c4cc(C(=O)[O-])c5ccccc5c4)CC3)nc2-c2ccc(C)cc2)c1
CO[C@@H]1COCC[C@@H]1[NH2+][C@@H]1CC[C@@](C(=O)N2CCC3:N:C:C(C(F)(F)F):C:C:3C2)(C(C)C)C1.O=C([O-])CCC(=O)O,0.0,CO[C@@H]1COCC[C@@H]1[NH2+][C@@H]1CC[C@@](C(=O)N2CCc3ncc(C(F)(F)F)cc3C2)(C(C)C)C1.O=C([O-])CCC(=O)O
OC12N=C(C3:C:C:C:C:C:3)SC1CC1:C:C(Cl):C:C:C:12,1.0,OC12N=C(c3ccccc3)SC1Cc1cc(Cl)ccc12
CN(C)C(=O)NC1(C2:C:C:C:C:C:2)CCN(CC[C@@]2(C3:C:C:C(F):C(F):C:3)CN(C(=O)C3:C:C:C:C:C:3)CCO2)CC1,0.0,CN(C)C(=O)NC1(c2ccccc2)CCN(CC[C@@]2(c3ccc(F)c(F)c3)CN(C(=O)c3ccccc3)CCO2)CC1
CC1:C:C:C:C(C):C:1NC1=NCCCS1,0.0,Cc1cccc(C)c1NC1=NCCCS1
CN1[C@H]2CC[C@@H]1C[C@H](OC(=O)C(CO)C1:C:C:C:C:C:1)C2,0.0,CN1[C@@H]2CC[C@H]1C[C@@H](OC(=O)C(CO)c1ccccc1)C2
Cl[Ni]Cl,0.0,[Cl][Ni][Cl]
C[C@@H](CN1CC(=O)NC(=O)C1)N1CC(=O)NC(=O)C1,0.0,C[C@@H](CN1CC(=O)NC(=O)C1)N1CC(=O)NC(=O)C1
CCNC1:N:C(Cl):N:C(NC(C)C):N:1,0.0,CCNc1nc(Cl)nc(NC(C)C)n1
O=S(=O)(O)C1:C:C:C(O):C:C:1,0.0,O=S(=O)(O)c1ccc(O)cc1
CCCCNC(=N)NC(=N)N,1.0,CCCCNC(=N)NC(=N)N
NC(=O)NS(=O)(=O)C1:C:C:C(N):C:C:1,0.0,NC(=O)NS(=O)(=O)c1ccc(N)cc1
CCN(CC)CCNC(=O)COC1:C:C:C(Cl):C:C:1,0.0,CCN(CC)CCNC(=O)COc1ccc(Cl)cc1
COC1:C:C:C(CN2CCN(C(C3:C:C:C(F):C:C:3)C3:C:C:C(F):C:C:3)CC2):C(OC):C:1OC,0.0,COc1ccc(CN2CCN(C(c3ccc(F)cc3)c3ccc(F)cc3)CC2)c(OC)c1OC
CC(C)(C)NCC(O)COC1:C:C:C(NC(=O)NC2CCCCC2):C:C:1,0.0,CC(C)(C)NCC(O)COc1ccc(NC(=O)NC2CCCCC2)cc1
CCOC(=O)C1=C(C)NC(C)=C(C(=O)OCC)C1C1:C:C:C:C:C:1/C=C/C(=O)OC(C)(C)C,1.0,CCOC(=O)C1=C(C)NC(C)=C(C(=O)OCC)C1c1ccccc1/C=C/C(=O)OC(C)(C)C
N#C/C(=C1\SCC(C2:C:C:C:C:C:2Cl)S1)N1:C:C:N:C:1,0.0,N#C/C(=C1\SCC(c2ccccc2Cl)S1)n1ccnc1
NC1:N:C:N([C@@H]2O[C@H](CO)[C@@H](O)[C@H]2O):C(=O):N:1,1.0,Nc1ncn([C@@H]2O[C@H](CO)[C@@H](O)[C@H]2O)c(=O)n1
CN(C)C1:C:C:C(C(=N)C2:C:C:C(N(C)C):C:C:2):C:C:1,0.0,CN(C)c1ccc(C(=N)c2ccc(N(C)C)cc2)cc1
CCOP(=S)(Cl)OCC,0.0,CCOP(=S)(Cl)OCC
COP(=S)(Cl)OC,0.0,COP(=S)(Cl)OC
CO[Si](CCCOCC1CO1)(OC)OC,0.0,CO[Si](CCCOCC1CO1)(OC)OC
CCCCCCOC(=O)C(C)CC,0.0,CCCCCCOC(=O)C(C)CC
C1:C:C:[CH-]:C:1.C1:C:C:[CH-]:C:1.[Cr+2],0.0,[Cr+2].c1cc[cH-]c1.c1cc[cH-]c1
CCOC(=O)[C@H](CCC1:C:C:C:C:C:1)N[C@@H](C)C(=O)N1CC2:C:C:C:C:C:2C[C@H]1C(=O)O,0.0,CCOC(=O)[C@H](CCc1ccccc1)N[C@@H](C)C(=O)N1Cc2ccccc2C[C@H]1C(=O)O
CN1:C:C(C(=O)[C@@H]2CCC3:[NH]:C:N:C:3C2):C2:C:C:C:C:C:2:1,0.0,Cn1cc(C(=O)[C@@H]2CCc3[nH]cnc3C2)c2ccccc21
ON=C1C=CC(=NO)C=C1,1.0,ON=C1C=CC(=NO)C=C1
CC(C)CCCCCCC1:C:C:C(O):C:C:1,0.0,CC(C)CCCCCCc1ccc(O)cc1
C1:C:O:C(C2:N:C3:C:C:C:C:C:3:[NH]:2):C:1,0.0,c1coc(-c2nc3ccccc3[nH]2)c1
O=C1OCCN1/N=C/C1:C:C:C([N+](=O)[O-]):O:1,1.0,O=C1OCCN1/N=C/c1ccc([N+](=O)[O-])o1
Cl[Sb](Cl)Cl,1.0,[Cl][Sb]([Cl])[Cl]
CCN1:C:C(C(=O)O):C(=O):C2:C:C3:C(:C:C:2:1)OCO3,0.0,CCn1cc(C(=O)O)c(=O)c2cc3c(cc21)OCO3
CC(C)NNC(=O)C1:C:C:N:C:C:1,0.0,CC(C)NNC(=O)c1ccncc1
O=[N+]([O-])C1:C:C:C(NC2:C:C:C(NC3:C:C:C:C:C:3):C(S(=O)(=O)[O-]):C:2):C([N+](=O)[O-]):C:1,0.0,O=[N+]([O-])c1ccc(Nc2ccc(Nc3ccccc3)c(S(=O)(=O)[O-])c2)c([N+](=O)[O-])c1
COC1:C:C:C2:[NH]:C(S(=O)CC3:N:C:C(C):C(OC):C:3C):N:C:2:C:1,1.0,COc1ccc2[nH]c(S(=O)Cc3ncc(C)c(OC)c3C)nc2c1
COCC(C)N,0.0,COCC(C)N
O=S(=O)([O-])C1:C:C(S(=O)(=O)[O-]):C2:C(/N=N/C3:C:C:C:C:C:3):C(O):C:C:C:2:C:1,0.0,O=S(=O)([O-])c1cc(S(=O)(=O)[O-])c2c(/N=N/c3ccccc3)c(O)ccc2c1
COC1:C:C(/C=C/C(=O)O[C@H]2CC[C@]34C[C@]35CC[C@]3(C)[C@@H]([C@H](C)CCC=C(C)C)CC[C@@]3(C)[C@@H]5CC[C@H]4C2(C)C):C:C:C:1O,0.0,COc1cc(/C=C/C(=O)O[C@H]2CC[C@]34C[C@]35CC[C@]3(C)[C@@H]([C@H](C)CCC=C(C)C)CC[C@@]3(C)[C@@H]5CC[C@H]4C2(C)C)ccc1O
O=C1NC2:C:C:C(Cl):C:C:2C(C2:C:C:C:C:C:2)=NC1O,0.0,O=C1Nc2ccc(Cl)cc2C(c2ccccc2)=NC1O
CNC(=O)ON=C(SC)C(=O)N(C)C,0.0,CNC(=O)ON=C(SC)C(=O)N(C)C
COC1:C:C:C(CO):C:C:1,0.0,COc1ccc(CO)cc1
O=C1:[NH]:C(=O):N([C@H]2C[C@H](O)[C@@H](CO)O2):C:C:1Br,0.0,O=c1[nH]c(=O)n([C@H]2C[C@H](O)[C@@H](CO)O2)cc1Br
CN(C)CC1:C:C:C:C:C:1O,0.0,CN(C)Cc1ccccc1O
CC(=O)N(CC(O)CO)C1:C(I):C(C(=O)NCCO):C(I):C(C(=O)NCC(O)CO):C:1I,1.0,CC(=O)N(CC(O)CO)c1c(I)c(C(=O)NCCO)c(I)c(C(=O)NCC(O)CO)c1I
COC1:N:C:C(F):C2:N:C(S(=O)(=O)NC3:C(F):C:C:C:C:3F):N:N:1:2,0.0,COc1ncc(F)c2nc(S(=O)(=O)Nc3c(F)cccc3F)nn12
CCN(CCO)CCN1:C(CC2:C:C:C:C:C:2):N:C2:C:1:C(=O):N(C):C(=O):N:2C,0.0,CCN(CCO)CCn1c(Cc2ccccc2)nc2c1c(=O)n(C)c(=O)n2C
CCCCCCN1:C:C:[N+](C):C:1,1.0,CCCCCCn1cc[n+](C)c1
CCCN1:C:C:[N+](C):C:1.O=S(=O)([N-]S(=O)(=O)C(F)(F)F)C(F)(F)F,0.0,CCCn1cc[n+](C)c1.O=S(=O)([N-]S(=O)(=O)C(F)(F)F)C(F)(F)F
CCCCCCCCN1:C:C:[N+](C):C:1.O=S(=O)([O-])C(F)(F)F,1.0,CCCCCCCCn1cc[n+](C)c1.O=S(=O)([O-])C(F)(F)F
ClC1:C:C(Cl):C:C(Cl):C:1,0.0,Clc1cc(Cl)cc(Cl)c1
ClC1:C:C:C:C(Cl):C:1Cl,0.0,Clc1cccc(Cl)c1Cl
O=C(CCl)C1:C:C:C(Cl):C:C:1Cl,1.0,O=C(CCl)c1ccc(Cl)cc1Cl
CC1:N:N:C(SCC2=C(C(=O)O)N3C(=O)[C@@H](NC(=O)CN4:C:N:N:N:4)[C@H]3SC2):S:1,1.0,Cc1nnc(SCC2=C(C(=O)O)N3C(=O)[C@@H](NC(=O)Cn4cnnn4)[C@H]3SC2)s1
NS(=O)(=O)C1:C:C(C(=O)O):C:C(N2CCCC2):C:1OC1:C:C:C:C:C:1,0.0,NS(=O)(=O)c1cc(C(=O)O)cc(N2CCCC2)c1Oc1ccccc1
CC(=O)C1:C:C:C2:C(:C:1)N(CCCN1CCC(CCO)CC1)C1:C:C:C:C:C:1S2,0.0,CC(=O)c1ccc2c(c1)N(CCCN1CCC(CCO)CC1)c1ccccc1S2
CC[N+]1(C)CCCC(OC(=O)C(O)(C2:C:C:C:C:C:2)C2:C:C:C:C:C:2)C1,0.0,CC[N+]1(C)CCCC(OC(=O)C(O)(c2ccccc2)c2ccccc2)C1
CN1CCN(CC(=O)N2C3:C:C:C:C:C:3C(=O)NC3:C:C:C:N:C:32)CC1,0.0,CN1CCN(CC(=O)N2c3ccccc3C(=O)Nc3cccnc32)CC1
O=C(CCBr)N1CCN(C(=O)CCBr)CC1,1.0,O=C(CCBr)N1CCN(C(=O)CCBr)CC1
CCCC1:C:C:C(O):C:C:1,0.0,CCCc1ccc(O)cc1
CCC(CO)(CO)CO,0.0,CCC(CO)(CO)CO
CCC(C)N,0.0,CCC(C)N
O=C(NCCO[N+](=O)[O-])C1:C:C:C:N:C:1,0.0,O=C(NCCO[N+](=O)[O-])c1cccnc1
CCOC1:C:C:C:C:C:1O[C@H](C1:C:C:C:C:C:1)[C@H]1CNCCO1,0.0,CCOc1ccccc1O[C@H](c1ccccc1)[C@H]1CNCCO1
COC(C)(C)OC,0.0,COC(C)(C)OC
CC(CO)(CO)CO,0.0,CC(CO)(CO)CO
CCCCCCOC1:C:C:C(N):C:C:1,0.0,CCCCCCOc1ccc(N)cc1
O=C(NCCC1:C:[NH]:C2:C:C:C:C:C:1:2)C1:C:C:C:N:C:1,0.0,O=C(NCCc1c[nH]c2ccccc12)c1cccnc1
CC[N+]1:C(C2:C:C:C:C:C:2):C2:C:C(N):C:C:C:2:C2:C:C:C(N):C:C:2:1,1.0,CC[n+]1c(-c2ccccc2)c2cc(N)ccc2c2ccc(N)cc21
CN(C)C1:N:C(N(C)C):N:C(N(C)C):N:1,0.0,CN(C)c1nc(N(C)C)nc(N(C)C)n1
CCC[N+](=O)[O-],0.0,CCC[N+](=O)[O-]
CC(C)[N+](=O)[O-],0.0,CC(C)[N+](=O)[O-]
O=C(O)CC[N+](=O)[O-],0.0,O=C(O)CC[N+](=O)[O-]
O=[N+]([O-])C1:C:C:C2:C:C:C3:C:C:C:C4:C:C:C:1:C:2:C:3:4,1.0,O=[N+]([O-])c1ccc2ccc3cccc4ccc1c2c34
OC1:N:C:N:C2:[NH]:N:C:C:1:2,0.0,Oc1ncnc2[nH]ncc12
CC(=O)[C@H]1CC[C@H]2[C@@H]3CC[C@H]4C[C@H](O)CC[C@]4(C)[C@H]3C(=O)C[C@]12C,0.0,CC(=O)[C@H]1CC[C@H]2[C@@H]3CC[C@H]4C[C@H](O)CC[C@]4(C)[C@H]3C(=O)C[C@]12C
C=C(CC)C(=O)C1:C:C:C(OCC(=O)O):C(Cl):C:1Cl,1.0,C=C(CC)C(=O)c1ccc(OCC(=O)O)c(Cl)c1Cl
CN(C)CCCOC1(CC2:C:C:C:C:C:2)CCCCCC1,0.0,CN(C)CCCOC1(Cc2ccccc2)CCCCCC1
ClC1:C:C(Cl):C(Cl):C(Cl):C:1,0.0,Clc1cc(Cl)c(Cl)c(Cl)c1
CCCOC/C(=N\C1:C:C:C(Cl):C:C:1C(F)(F)F)N1:C:C:N:C:1,1.0,CCCOC/C(=N\c1ccc(Cl)cc1C(F)(F)F)n1ccnc1
CC1:C:C:C:C(CN2CCN(C(C3:C:C:C:C:C:3)C3:C:C:C(Cl):C:C:3)CC2):C:1,1.0,Cc1cccc(CN2CCN(C(c3ccccc3)c3ccc(Cl)cc3)CC2)c1
CC[C@@H](CO)NCCN[C@@H](CC)CO,0.0,CC[C@@H](CO)NCCN[C@@H](CC)CO
CCN(CC)C(C)CN1C2:C:C:C:C:C:2SC2:C:C:C:C:C:21,0.0,CCN(CC)C(C)CN1c2ccccc2Sc2ccccc21
CC1:C:C2:C(:C:C:1S(N)(=O)=O)S(=O)(=O)CCC2,0.0,Cc1cc2c(cc1S(N)(=O)=O)S(=O)(=O)CCC2
CC(C)(C)NCC(O)C1:C:C(O):C:C(O):C:1.CC(C)(C)NCC(O)C1:C:C(O):C:C(O):C:1,0.0,CC(C)(C)NCC(O)c1cc(O)cc(O)c1.CC(C)(C)NCC(O)c1cc(O)cc(O)c1
CC(C=O)CC1:C:C:C(C(C)(C)C):C:C:1,0.0,CC(C=O)Cc1ccc(C(C)(C)C)cc1
O=C(CN1:C:C:N:C:1[N+](=O)[O-])NCCO,0.0,O=C(Cn1ccnc1[N+](=O)[O-])NCCO
NCC(CC(=O)O)C1:C:C:C(Cl):C:C:1,0.0,NCC(CC(=O)O)c1ccc(Cl)cc1
CCCCN(CC)C1:C([N+](=O)[O-]):C:C(C(F)(F)F):C:C:1[N+](=O)[O-],0.0,CCCCN(CC)c1c([N+](=O)[O-])cc(C(F)(F)F)cc1[N+](=O)[O-]
NC1:C:C:C(/N=N/C2:C:C:C(C3:C:C:C(/N=N/C4:C(S(=O)(=O)[O-]):C:C5:C:C(S(=O)(=O)[O-]):C(/N=N/C6:C:C:C:C:C:6):C(O):C:5:C:4N):C:C:3):C:C:2):C(N):C:1,0.0,Nc1ccc(/N=N/c2ccc(-c3ccc(/N=N/c4c(S(=O)(=O)[O-])cc5cc(S(=O)(=O)[O-])c(/N=N/c6ccccc6)c(O)c5c4N)cc3)cc2)c(N)c1
O=[Bi]Cl,0.0,[O]=[Bi][Cl]
CC(C)(C1:C:C:C(O):C:C:1)C1:C:C:C(O):C:C:1,1.0,CC(C)(c1ccc(O)cc1)c1ccc(O)cc1
CCCCCCCC/C=C\CCCCCCCC(=O)OCCOC(=O)CCCCCCC/C=C\CCCCCCCC,0.0,CCCCCCCC/C=C\CCCCCCCC(=O)OCCOC(=O)CCCCCCC/C=C\CCCCCCCC
CCCCCCCC/C=C\CCCCCCCCOCCO,1.0,CCCCCCCC/C=C\CCCCCCCCOCCO
OC1:C(I):C:C(I):C2:C:C:C:N:C:1:2,0.0,Oc1c(I)cc(I)c2cccnc12
NS(=O)(=O)C1:C:C:C(N2CCCCS2(=O)=O):C:C:1,0.0,NS(=O)(=O)c1ccc(N2CCCCS2(=O)=O)cc1
CC(=O)N(CC(O)CO)C1:C(I):C(C(=O)NCC(O)CO):C(I):C(C(=O)NCC(O)CO):C:1I,0.0,CC(=O)N(CC(O)CO)c1c(I)c(C(=O)NCC(O)CO)c(I)c(C(=O)NCC(O)CO)c1I
CC1=C(CC(=O)O)C2:C:C(F):C:C:C:2/C1=C\C1:C:C:C(S(C)=O):C:C:1,1.0,CC1=C(CC(=O)O)c2cc(F)ccc2/C1=C\c1ccc(S(C)=O)cc1
NC1:C:C:C(S(N)(=O)=O):C:C:1,0.0,Nc1ccc(S(N)(=O)=O)cc1
O=C1OC(C2:C:C:C(O):C(S(=O)(=O)[O-]):C:2)(C2:C:C:C(O):C(S(=O)(=O)[O-]):C:2)C2:C(Br):C(Br):C(Br):C(Br):C:21,1.0,O=C1OC(c2ccc(O)c(S(=O)(=O)[O-])c2)(c2ccc(O)c(S(=O)(=O)[O-])c2)c2c(Br)c(Br)c(Br)c(Br)c21
CC(=O)N(C1:O:N:C(C):C:1C)S(=O)(=O)C1:C:C:C(N):C:C:1,0.0,CC(=O)N(c1onc(C)c1C)S(=O)(=O)c1ccc(N)cc1
C[C@H](O)C(=O)NC1:C(I):C(C(=O)NC(CO)CO):C(I):C(C(=O)NC(CO)CO):C:1I,0.0,C[C@H](O)C(=O)Nc1c(I)c(C(=O)NC(CO)CO)c(I)c(C(=O)NC(CO)CO)c1I
CNS(=O)(=O)CC1:C:C:C2:[NH]:C:C(CCN(C)C):C:2:C:1,0.0,CNS(=O)(=O)Cc1ccc2[nH]cc(CCN(C)C)c2c1
O=C([O-])CCC(=O)OC[C@@H](NC(=O)C(Cl)Cl)[C@H](O)C1:C:C:C([N+](=O)[O-]):C:C:1,0.0,O=C([O-])CCC(=O)OC[C@@H](NC(=O)C(Cl)Cl)[C@H](O)c1ccc([N+](=O)[O-])cc1
CC1=CC2C3CC(C=C3C)C2C1,1.0,CC1=CC2C3CC(C=C3C)C2C1
C/C(=C\C(C)CC(C)CC(C)C)C1CC(=O)OC1=O,1.0,C/C(=C\C(C)CC(C)CC(C)C)C1CC(=O)OC1=O
O=C(O)C(F)(F)C(F)(F)C(F)(F)C(F)(F)C(F)(F)C(F)(F)F,1.0,O=C(O)C(F)(F)C(F)(F)C(F)(F)C(F)(F)C(F)(F)C(F)(F)F
[Br-].[Na+],0.0,[Br-].[Na+]
COC1:C:C2:C(:C(OC):C:1OC)C1:C:C:C(OC):C(=O):C:C:1[C@@H](NC(C)=O)CC2,1.0,COc1cc2c(c(OC)c1OC)-c1ccc(OC)c(=O)cc1[C@@H](NC(C)=O)CC2
CC(CO)(CO)[N+](=O)[O-],0.0,CC(CO)(CO)[N+](=O)[O-]
CCC(C)(C)O,0.0,CCC(C)(C)O
C1:C:C:[CH-]:C:1.C1:C:C:[CH-]:C:1.[Co+2],1.0,[Co+2].c1cc[cH-]c1.c1cc[cH-]c1
CC(C)OC1:C:C:C:C:C:1O,0.0,CC(C)Oc1ccccc1O
CC1:C:C:C2:C(:C:1)C(=O)C1:C:C:C:C:C:1C2=O,1.0,Cc1ccc2c(c1)C(=O)c1ccccc1C2=O
CC12CCC(CC1=O)C2(C)C,0.0,CC12CCC(CC1=O)C2(C)C
COC(OC)C(C)C1:C:C:C:C:C:1,0.0,COC(OC)C(C)c1ccccc1
SC1CCCC1,0.0,SC1CCCC1
O=C1[N-]S(=O)(=O)C2:C:C:C:C:C:21.O=C1[N-]S(=O)(=O)C2:C:C:C:C:C:21,0.0,O=C1[N-]S(=O)(=O)c2ccccc21.O=C1[N-]S(=O)(=O)c2ccccc21
COC1:C:C(C):C:C:C:1O,0.0,COc1cc(C)ccc1O
O=C1OC(=O)C2C3C=CC(C3)C12,0.0,O=C1OC(=O)C2C3C=CC(C3)C12
CC(CC=O)CC(C)(C)C,0.0,CC(CC=O)CC(C)(C)C
CC1(C)OC[C@@H]2O[C@@]3(C(=O)O)OC(C)(C)O[C@H]3[C@@H]2O1,0.0,CC1(C)OC[C@@H]2O[C@@]3(C(=O)O)OC(C)(C)O[C@H]3[C@@H]2O1
C1CCN(CN2CCCCC2)CC1,0.0,C1CCN(CN2CCCCC2)CC1
ClC1:C:C:C2:[NH]:N:N:C:2:C:1,0.0,Clc1ccc2[nH]nnc2c1
NC(=O)C1:C:C:C:C([N+](=O)[O-]):C:1,0.0,NC(=O)c1cccc([N+](=O)[O-])c1
O=C(O)C1:C:C:C:C([N+](=O)[O-]):C:1,0.0,O=C(O)c1cccc([N+](=O)[O-])c1
O=C(O)C1:C:C:C:C:C:1[N+](=O)[O-],0.0,O=C(O)c1ccccc1[N+](=O)[O-]
CN(C)C1:C:C:C(C(C2:C:C:C:C:C:2)C2:C:C:C(N(C)C):C:C:2):C:C:1,0.0,CN(C)c1ccc(C(c2ccccc2)c2ccc(N(C)C)cc2)cc1
NC1:C:C:C:C(S(=O)(=O)O):C:1,0.0,Nc1cccc(S(=O)(=O)O)c1
CCN(CC)C(=O)NC1:C:C:C(OCC(O)CNC(C)(C)C):C(C(C)=O):C:1,0.0,CCN(CC)C(=O)Nc1ccc(OCC(O)CNC(C)(C)C)c(C(C)=O)c1
CCCCCCCCCCOC1:C:C2:C(O):C(C(=O)OCC):C:N:C:2:C:C:1OCC,0.0,CCCCCCCCCCOc1cc2c(O)c(C(=O)OCC)cnc2cc1OCC
CC1(C)CCC(C)(C)C2:C:C(NC(=O)C3:C:C:C(C(=O)O):C:C:3):C:C:C:21,0.0,CC1(C)CCC(C)(C)c2cc(NC(=O)c3ccc(C(=O)O)cc3)ccc21
COC1:C:C:C2:C:C:C:C(CCNC(C)=O):C:2:C:1,0.0,COc1ccc2cccc(CCNC(C)=O)c2c1
O=C([O-])C1:C:C:C:C:C:1C(=O)O,0.0,O=C([O-])c1ccccc1C(=O)O
N#C/C=C/C#N,1.0,N#C/C=C/C#N
C=C1CC[C@H](O)C/C1=C/C=C1\CCC[C@@]2(C)[C@H]1CC[C@@H]2[C@H](C)CCCC(C)C,1.0,C=C1CC[C@H](O)C/C1=C/C=C1\CCC[C@]2(C)[C@@H]([C@H](C)CCCC(C)C)CC[C@@H]12
CC1:C:C:C(NC2:C:C:C(O):C3:C:2C(=O)C2:C:C:C:C:C:2C3=O):C:C:1,1.0,Cc1ccc(Nc2ccc(O)c3c2C(=O)c2ccccc2C3=O)cc1
COC1:C:C:C(C(O)(C2:C:N:C:N:C:2)C2CC2):C:C:1,0.0,COc1ccc(C(O)(c2cncnc2)C2CC2)cc1
CC(C)NC(C)C,0.0,CC(C)NC(C)C
CC(C)N=C=NC(C)C,0.0,CC(C)N=C=NC(C)C
CC(C)CC(=O)CC(C)C,0.0,CC(C)CC(=O)CC(C)C
CC(=O)C=CC1:C:C:C:O:1,0.0,CC(=O)C=Cc1ccco1
COC1:C:C(CC(C)N):C:C2:C:1OCO2,0.0,COc1cc(CC(C)N)cc2c1OCO2
CC(CC1:C:C:C2:C(:C:1)OCO2)NO,0.0,CC(Cc1ccc2c(c1)OCO2)NO
COC1:C:C:C(OC):C(CC(C)N):C:1,0.0,COc1ccc(OC)c(CC(C)N)c1
O=C(NC(O)C(Cl)(Cl)Cl)NC(O)C(Cl)(Cl)Cl,0.0,O=C(NC(O)C(Cl)(Cl)Cl)NC(O)C(Cl)(Cl)Cl
CCNC(C)CC1:C:C:C2:C(:C:1)OCO2,0.0,CCNC(C)Cc1ccc2c(c1)OCO2
CNC(C)CC1:C:C:C2:C(:C:1)OCO2,0.0,CNC(C)Cc1ccc2c(c1)OCO2
CC=CC1:C:C:C(OC):C:C:1,0.0,CC=Cc1ccc(OC)cc1
C/C=C/C1:C:C:C(OC):C:C:1,0.0,C/C=C/c1ccc(OC)cc1
CCC1(CCC(C)C)C(=O)NC(=O)NC1=O,0.0,CCC1(CCC(C)C)C(=O)NC(=O)NC1=O
CC[C@@H](N)CO,0.0,CC[C@@H](N)CO
OC[C@@H](O)[C@H]1O[C@@H]2O[C@H](C(Cl)(Cl)Cl)O[C@@H]2[C@H]1O,0.0,OC[C@@H](O)[C@H]1O[C@@H]2O[C@H](C(Cl)(Cl)Cl)O[C@@H]2[C@H]1O
C[C@H]1C[C@H](O)C2:C:C:S:C:2S1(=O)=O,0.0,C[C@H]1C[C@H](O)c2ccsc2S1(=O)=O
NNCCC1:C:C:C:C:C:1,1.0,NNCCc1ccccc1
C1:C:C:C(OCC2CO2):C:C:1,0.0,c1ccc(OCC2CO2)cc1
NNC1:C:C:C:C:C:1,1.0,NNc1ccccc1
CNC[C@H](O)C1:C:C:C:C(O):C:1,0.0,CNC[C@H](O)c1cccc(O)c1
CC(O)CN(CC(C)O)CC(C)O,0.0,CC(O)CN(CC(C)O)CC(C)O
NC(CC1:C:[NH]:C2:C:C:C:C:C:1:2)C(=O)O,0.0,NC(Cc1c[nH]c2ccccc12)C(=O)O
N[C@@H](CC1:C:[NH]:C2:C:C:C:C:C:1:2)C(=O)O,0.0,N[C@@H](Cc1c[nH]c2ccccc12)C(=O)O
C=CC(=O)OCC(C)O,1.0,C=CC(=O)OCC(C)O
NC1:C:C(S(=O)(=O)O):C:C:C:1S(=O)(=O)O,0.0,Nc1cc(S(=O)(=O)O)ccc1S(=O)(=O)O
COC1:C:C:C(N):C([N+](=O)[O-]):C:1,0.0,COc1ccc(N)c([N+](=O)[O-])c1
CC(C)=CCCC(C)C=O,0.0,CC(C)=CCCC(C)C=O
CN1C(=O)CN=C(C2:C:C:C:C:C:2)C2:C:C([N+](=O)[O-]):C:C:C:21,0.0,CN1C(=O)CN=C(c2ccccc2)c2cc([N+](=O)[O-])ccc21
C=CCOC(=O)CCC1CCCCC1,0.0,C=CCOC(=O)CCC1CCCCC1
CC1:C:N([C@H]2C=C[C@@H](CO)O2):C(=O):[NH]:C:1=O,0.0,Cc1cn([C@H]2C=C[C@@H](CO)O2)c(=O)[nH]c1=O
CC(C)CCOC(=O)CC(C)C,0.0,CC(C)CCOC(=O)CC(C)C
CC1=CC[C@H](CC=O)C1(C)C,0.0,CC1=CC[C@H](CC=O)C1(C)C
O=C(CCNNC(=O)C1:C:C:N:C:C:1)NCC1:C:C:C:C:C:1,0.0,O=C(CCNNC(=O)c1ccncc1)NCc1ccccc1
CC(C)(C)CC(C)(C)C1:C:C:C(OCCOCC[N+](C)(C)CC2:C:C:C:C:C:2):C:C:1,1.0,CC(C)(C)CC(C)(C)c1ccc(OCCOCC[N+](C)(C)Cc2ccccc2)cc1
OCC1:C:C:C:N:C:1,0.0,OCc1cccnc1
O=C(OCC(COC(=O)C1:C:C:C:N:C:1)(COC(=O)C1:C:C:C:N:C:1)COC(=O)C1:C:C:C:N:C:1)C1:C:C:C:N:C:1,0.0,O=C(OCC(COC(=O)c1cccnc1)(COC(=O)c1cccnc1)COC(=O)c1cccnc1)c1cccnc1
CC(C=O)CC1:C:C:C2:C(:C:1)OCO2,0.0,CC(C=O)Cc1ccc2c(c1)OCO2
CCCCN(CCCC)C(=O)N(CCCC)CCCC,0.0,CCCCN(CCCC)C(=O)N(CCCC)CCCC
OC1OCCOC1O,0.0,OC1OCCOC1O
CC(C)(COC(=O)C1:C:C:C:C:C:1)COC(=O)C1:C:C:C:C:C:1,0.0,CC(C)(COC(=O)c1ccccc1)COC(=O)c1ccccc1
C[C@H](N)C(=O)N[C@@H](C)C(=O)N[C@@]1(C)[C@@H]2CN(C3:N:C4:C(:C:C:3F):C(=O):C(C(=O)O):C:N:4C3:C:C:C(F):C:C:3F)C[C@@H]21,1.0,C[C@H](N)C(=O)N[C@@H](C)C(=O)N[C@@]1(C)[C@@H]2CN(c3nc4c(cc3F)c(=O)c(C(=O)O)cn4-c3ccc(F)cc3F)C[C@@H]21
ClC1:C:C:C(C(C2:C:C:C:C:C:2Cl)C(Cl)Cl):C:C:1,0.0,Clc1ccc(C(c2ccccc2Cl)C(Cl)Cl)cc1
NC1:C:C:C(S(=O)(=O)C2:C:C:C(N):C:C:2):C:C:1,0.0,Nc1ccc(S(=O)(=O)c2ccc(N)cc2)cc1
CN(C)NC(=O)CCC(=O)O,0.0,CN(C)NC(=O)CCC(=O)O
ClC1:C:C:C(C(C2:C:C:C(Cl):C:C:2)C(Cl)(Cl)Cl):C:C:1,0.0,Clc1ccc(C(c2ccc(Cl)cc2)C(Cl)(Cl)Cl)cc1
ClC(Cl)=C(C1:C:C:C(Cl):C:C:1)C1:C:C:C(Cl):C:C:1,1.0,ClC(Cl)=C(c1ccc(Cl)cc1)c1ccc(Cl)cc1
O=C1NC(=O)[C@@H]2CC=CC[C@H]12,0.0,O=C1NC(=O)[C@@H]2CC=CC[C@H]12
OCCCCC(O)CO,0.0,OCCCCC(O)CO
NC1:C:C:C(O):C(C(=O)O):C:1,0.0,Nc1ccc(O)c(C(=O)O)c1
CCCCCCCCOS(=O)(=O)[O-],0.0,CCCCCCCCOS(=O)(=O)[O-]
CC1:C:C:C:N2:C(=O):C(C3:N:N:N:[N-]:3):C:N:C:1:2,0.0,Cc1cccn2c(=O)c(-c3nnn[n-]3)cnc12
COC1:C:C(C(=S)N2CCOCC2):C:C(OC):C:1OC,0.0,COc1cc(C(=S)N2CCOCC2)cc(OC)c1OC
COC1:C:C:C:C(OC):C:1C(=O)O,0.0,COc1cccc(OC)c1C(=O)O
CCCCP(CCCC)CCCC,0.0,CCCCP(CCCC)CCCC
CCOC(=N)CC(=O)OCC,0.0,CCOC(=N)CC(=O)OCC
C[C@@H]1CC(=O)NN=C1C1:C:C:C(NN=C(C#N)C#N):C:C:1,0.0,C[C@@H]1CC(=O)NN=C1c1ccc(NN=C(C#N)C#N)cc1
C#CCOC(C(=O)OCCN(C)C)(C1:C:C:C:C:C:1)C1:C:C:C:C:C:1,0.0,C#CCOC(C(=O)OCCN(C)C)(c1ccccc1)c1ccccc1
N[C@@H](CSCCCO)C(=O)O,0.0,N[C@@H](CSCCCO)C(=O)O
O=C(O)C(=O)CC1:C:C:C:C:C:1,1.0,O=C(O)C(=O)Cc1ccccc1
CCOC(=O)C(SP(=S)(OC)OC)C1:C:C:C:C:C:1,0.0,CCOC(=O)C(SP(=S)(OC)OC)c1ccccc1
CCOP(=O)(N=C1SCCS1)OCC,0.0,CCOP(=O)(N=C1SCCS1)OCC
O=C1[C@H]2CCCC[C@H]2C(=O)N1CCCCN1CCN(C2:N:S:C3:C:C:C:C:C:2:3)CC1,1.0,O=C1[C@H]2CCCC[C@H]2C(=O)N1CCCCN1CCN(c2nsc3ccccc23)CC1
CC(=O)S[C@H](C(=O)N[C@H]1CC2:C:C:C:C:C:2[C@H]2CCC[C@@H](C(=O)O)N2C1=O)C(C)C,0.0,CC(=O)S[C@H](C(=O)N[C@H]1Cc2ccccc2[C@H]2CCC[C@@H](C(=O)O)N2C1=O)C(C)C
CCC1:C(C(=O)NN2CCCCC2):N:N(C2:C:C:C(Cl):C:C:2Cl):C:1C1:C:C:C(Br):C:C:1,1.0,CCc1c(C(=O)NN2CCCCC2)nn(-c2ccc(Cl)cc2Cl)c1-c1ccc(Br)cc1
BrC1:C:C:C:C(C2:C:C:C:C:C:2):C:1,0.0,Brc1cccc(-c2ccccc2)c1
BrC1:C:C:C:C:C:1C1:C:C:C:C:C:1,0.0,Brc1ccccc1-c1ccccc1
CCCC(=O)OCOC(=O)C1=C(C)NC(C)=C(C(=O)OC)C1C1:C:C:C:C(Cl):C:1Cl,0.0,CCCC(=O)OCOC(=O)C1=C(C)NC(C)=C(C(=O)OC)C1c1cccc(Cl)c1Cl
CC1:O:N:C(C2:C:C:C:C:C:2):C:1C(=O)Cl,0.0,Cc1onc(-c2ccccc2)c1C(=O)Cl
COC1:C:C(OC):N:C(O[C@H](C(=O)O)C(OC)(C2:C:C:C:C:C:2)C2:C:C:C:C:C:2):N:1,0.0,COc1cc(OC)nc(O[C@H](C(=O)O)C(OC)(c2ccccc2)c2ccccc2)n1
CC(CC1:C:C:C:C:C:1)NCCCCl,0.0,CC(Cc1ccccc1)NCCCCl
BrC1:C:C:C:C:C:1,0.0,Brc1ccccc1
CNC(=O)C1:C(I):C(NC(C)=O):C(I):C(C(=O)[O-]):C:1I,0.0,CNC(=O)c1c(I)c(NC(C)=O)c(I)c(C(=O)[O-])c1I
CC(C)(OC1:C:C:C(Cl):C:C:1)C(=O)O,0.0,CC(C)(Oc1ccc(Cl)cc1)C(=O)O
CC=CC(=O)N(CC)C1:C:C:C:C:C:1C,0.0,CC=CC(=O)N(CC)c1ccccc1C
CC1:C:C(F):C:C:C:1C1:C:C(N2CC[C@@H](O)[C@H]2CO):N:C:C:1N(C)C(=O)C(C)(C)C1:C:C(C(F)(F)F):C:C(C(F)(F)F):C:1,1.0,Cc1cc(F)ccc1-c1cc(N2CC[C@@H](O)[C@H]2CO)ncc1N(C)C(=O)C(C)(C)c1cc(C(F)(F)F)cc(C(F)(F)F)c1
CN1:C(=O):C:C(OC2:C:C:C(F):C:C:2F):C2:C:N:C(NCC(C)(C)O):N:C:2:1,1.0,Cn1c(=O)cc(Oc2ccc(F)cc2F)c2cnc(NCC(C)(C)O)nc21
CS(=O)(=O)C1:C:C:C([C@@H](CC2CCCC2)C(=O)NC2:C:N:C:C:N:2):C:C:1Cl,1.0,CS(=O)(=O)c1ccc([C@@H](CC2CCCC2)C(=O)Nc2cnccn2)cc1Cl
CC(C)CC(O)CC1:C:C:C:C:C:1,0.0,CC(C)CC(O)Cc1ccccc1
CC1(C)SC(C)(C)SC(C)(C)S1,0.0,CC1(C)SC(C)(C)SC(C)(C)S1
CC(=O)OC(C1:C:C:C:C:C:1)C(Cl)(Cl)Cl,0.0,CC(=O)OC(c1ccccc1)C(Cl)(Cl)Cl
C/C=C\C1:C:C:C(OCC):C(O):C:1,0.0,C/C=C\c1ccc(OCC)c(O)c1
O=C(O)CSCC(=O)NC1CCSC1=O,0.0,O=C(O)CSCC(=O)NC1CCSC1=O
NC[C@H]1O[C@H](O[C@@H]2[C@@H](N)C[C@@H](N)[C@H](O[C@H]3O[C@H](CO)[C@@H](O)[C@H](N)[C@H]3O)[C@H]2O)[C@H](N)[C@@H](O)[C@@H]1O,0.0,NC[C@H]1O[C@H](O[C@H]2[C@H](O)[C@@H](O[C@H]3O[C@H](CO)[C@@H](O)[C@H](N)[C@H]3O)[C@H](N)C[C@@H]2N)[C@H](N)[C@@H](O)[C@@H]1O
O=C(O)[C@@H](O)[C@H](O)[C@H](O)[C@@H](O)C(=O)O,0.0,O=C(O)[C@@H](O)[C@H](O)[C@H](O)[C@@H](O)C(=O)O
C=CCN1:C:C:[N+](C):C:1,0.0,C=CCn1cc[n+](C)c1
CCCCCCCC[N+](C)(CCCCCCCC)CCCCCCCC.O=S(=O)([N-]S(=O)(=O)C(F)(F)F)C(F)(F)F,0.0,CCCCCCCC[N+](C)(CCCCCCCC)CCCCCCCC.O=S(=O)([N-]S(=O)(=O)C(F)(F)F)C(F)(F)F
CC1:C:C:C(C2:C:C(C(F)(F)F):N:N:2C2:C:C:C(S(N)(=O)=O):C:C:2):C:C:1,1.0,Cc1ccc(-c2cc(C(F)(F)F)nn2-c2ccc(S(N)(=O)=O)cc2)cc1
CCCCCC(=O)O,0.0,CCCCCC(=O)O
O=C(O)CCCCC(=O)O,0.0,O=C(O)CCCCC(=O)O
CCCCCC=O,0.0,CCCCCC=O
CCCCCC/C=C/CCCCCCCC(=O)O,0.0,CCCCCC/C=C/CCCCCCCC(=O)O
CCCCCCCCCCCCCCCC(=O)O,0.0,CCCCCCCCCCCCCCCC(=O)O
O=C(C(Cl)(Cl)Cl)C(Cl)(Cl)Cl,0.0,O=C(C(Cl)(Cl)Cl)C(Cl)(Cl)Cl
CCCCCCC(=O)O,0.0,CCCCCCC(=O)O
CCCC(=O)CC,0.0,CCCC(=O)CC
CC(C)C#N,1.0,CC(C)C#N
CCOC(=O)C1:C:C:C:C:C:1N,0.0,CCOC(=O)c1ccccc1N
CCNC1:C:C:C:C:C:1,0.0,CCNc1ccccc1
NC1:N:C2:C(:N:C:N:2COCCO):C(=O):[NH]:1,0.0,Nc1nc2c(ncn2COCCO)c(=O)[nH]1
NC1:N:C:N:C2:[NH]:C:N:C:1:2,0.0,Nc1ncnc2[nH]cnc12
NC1:N:C:N:C2:C:1:N:C:N:2[C@@H]1O[C@H](CO)[C@@H](O)[C@H]1O,0.0,Nc1ncnc2c1ncn2[C@@H]1O[C@H](CO)[C@@H](O)[C@H]1O
N#CC1:C:C:C(C2CCCC3:C:N:C:N:32):C:C:1,0.0,N#Cc1ccc(C2CCCc3cncn32)cc1
CN(C)C1:C:C:C(N=NS(=O)(=O)[O-]):C:C:1,1.0,CN(C)c1ccc(N=NS(=O)(=O)[O-])cc1
CC[N+](=O)[O-],0.0,CC[N+](=O)[O-]
O=C(O)C1:C:C:C([N+](=O)[O-]):C:C:1,0.0,O=C(O)c1ccc([N+](=O)[O-])cc1
CCCC[N+](=O)[O-],0.0,CCCC[N+](=O)[O-]
O=[N+]([O-])C1:C:C:C:C:C:1,0.0,O=[N+]([O-])c1ccccc1
O=[N+]([O-])C1:C:C:C2:[NH]:C:N:C:2:C:1,0.0,O=[N+]([O-])c1ccc2[nH]cnc2c1
COC1:C:C:C:C:C:1[N+](=O)[O-],0.0,COc1ccccc1[N+](=O)[O-]
CNC(=O)O/N=C/C(C)(C)S(C)=O,0.0,CNC(=O)O/N=C/C(C)(C)S(C)=O
NC1:C:C:C([N+](=O)[O-]):C:C:1,0.0,Nc1ccc([N+](=O)[O-])cc1
CC1:N:C(N(C)C):N:C(OC(=O)N(C)C):C:1C,0.0,Cc1nc(N(C)C)nc(OC(=O)N(C)C)c1C
NC(CO)C(=O)NNCC1:C:C:C(O):C(O):C:1O,0.0,NC(CO)C(=O)NNCc1ccc(O)c(O)c1O
CCC1:C(C):[NH]:C2:C:1C(=O)C(CN1CCOCC1)CC2,0.0,CCc1c(C)[nH]c2c1C(=O)C(CN1CCOCC1)CC2
CCN(CC)C1:C:C(C):N:C2:N:C:N:N:1:2,0.0,CCN(CC)c1cc(C)nc2ncnn12
CC(CC1:C:C:C(O):C:C:1)NCC(O)C1:C:C(O):C:C(O):C:1,0.0,CC(Cc1ccc(O)cc1)NCC(O)c1cc(O)cc(O)c1
CCOP(=S)(OCC)OC1:N:C(Cl):N(C(C)C):N:1,0.0,CCOP(=S)(OCC)Oc1nc(Cl)n(C(C)C)n1
COC(=O)C1:C:C:C(I):C:C:1S(=O)(=O)[N-]C(=O)NC1:N:C(C):N:C(OC):N:1,0.0,COC(=O)c1ccc(I)cc1S(=O)(=O)[N-]C(=O)Nc1nc(C)nc(OC)n1
OC1:C(Br):C:C(Br):C:C:1Br,1.0,Oc1c(Br)cc(Br)cc1Br
CCOC(=O)C1:C:C:C:C:C:1O,0.0,CCOC(=O)c1ccccc1O
O=C(OC1:C:C:C:C:C:1)C1:C:C:C:C:C:1O,0.0,O=C(Oc1ccccc1)c1ccccc1O
CCCCCCCCOC(=O)C1:C:C:C:C:C:1C(=O)OCCCCCCCC,0.0,CCCCCCCCOC(=O)c1ccccc1C(=O)OCCCCCCCC
CCOP(=S)(OCC)OC1:C:C:C(S(C)=O):C:C:1,0.0,CCOP(=S)(OCC)Oc1ccc(S(C)=O)cc1
O=P(OC1:C:C:C:C:C:1)(OC1:C:C:C:C:C:1)OC1:C:C:C:C:C:1,1.0,O=P(Oc1ccccc1)(Oc1ccccc1)Oc1ccccc1
CC1:C:C:C(S(=O)(=O)[O-]):C:C:1.[Na+],0.0,Cc1ccc(S(=O)(=O)[O-])cc1.[Na+]
C[N+](C)(C)CCOC(=O)CCC(=O)OCC[N+](C)(C)C,0.0,C[N+](C)(C)CCOC(=O)CCC(=O)OCC[N+](C)(C)C
O=C(O)CCC(=O)O,0.0,O=C(O)CCC(=O)O
COC1:C:C(NS(=O)(=O)C2:C:C:C(N):C:C:2):N:C(OC):N:1,0.0,COc1cc(NS(=O)(=O)c2ccc(N)cc2)nc(OC)n1
N=C(N)NS(=O)(=O)C1:C:C:C(N):C:C:1,0.0,N=C(N)NS(=O)(=O)c1ccc(N)cc1
COC1:N:C:N:C(NS(=O)(=O)C2:C:C:C(N):C:C:2):C:1OC,0.0,COc1ncnc(NS(=O)(=O)c2ccc(N)cc2)c1OC
CCCCC(CC)COC(=O)CS,0.0,CCCCC(CC)COC(=O)CS
C=C(C)C(=O)O[C@@H]1C[C@H]2CC[C@]1(C)C2(C)C,0.0,C=C(C)C(=O)O[C@@H]1C[C@H]2CC[C@]1(C)C2(C)C
C=CC[N+](C)(C)CC=C,0.0,C=CC[N+](C)(C)CC=C
CCCCCCCCS(=O)(=O)Cl,1.0,CCCCCCCCS(=O)(=O)Cl
CN1:N:N:C2:C(C(N)=O):N:C:N:2:C:1=O,0.0,Cn1nnc2c(C(N)=O)ncn2c1=O
O=C([O-])C(Cl)(Cl)Cl,0.0,O=C([O-])C(Cl)(Cl)Cl
CCC(C)(C)C(=O)OC1=C(C2:C:C(Cl):C:C(Cl):C:2)C(=O)OC12CCCCC2,1.0,CCC(C)(C)C(=O)OC1=C(c2cc(Cl)cc(Cl)c2)C(=O)OC12CCCCC2
CCCCCCCCCCC1CO1,0.0,CCCCCCCCCCC1CO1
CCC(CC)C(=O)O,0.0,CCC(CC)C(=O)O
CCC(CO)(CO)[N+](=O)[O-],0.0,CCC(CO)(CO)[N+](=O)[O-]
CCC(CC)CO,0.0,CCC(CC)CO
CC1:C:C(Br):C:C:C:1NC(=O)CCl,1.0,Cc1cc(Br)ccc1NC(=O)CCl
C=C(C)[C@@H]1CC=C(C)C(=O)C1,0.0,C=C(C)[C@@H]1CC=C(C)C(=O)C1
O=C(CCl)NCO,1.0,O=C(CCl)NCO
O=[N+]([O-])C1:C:C:C:C(S(=O)(=O)NCCNS(=O)(=O)C2:C:C:C:C([N+](=O)[O-]):C:2):C:1,1.0,O=[N+]([O-])c1cccc(S(=O)(=O)NCCNS(=O)(=O)c2cccc([N+](=O)[O-])c2)c1
CCN(CC)CCOC(=O)C(C)(C1:C:C:C:C:C:1)C1:C:C:C:C:C:1,0.0,CCN(CC)CCOC(=O)C(C)(c1ccccc1)c1ccccc1
OC(C#CCN1CCCC1)(C1:C:C:C:C:C:1)C1:C:C:C:C:C:1,0.0,OC(C#CCN1CCCC1)(c1ccccc1)c1ccccc1
CCCOC(=O)C1:C:C:C(N):C:C:1,0.0,CCCOC(=O)c1ccc(N)cc1
CCCOC(=O)C1:C:N:C:N:1C(C)C1:C:C:C:C:C:1,0.0,CCCOC(=O)c1cncn1C(C)c1ccccc1
C#CC1(O)CC[C@H]2[C@@H]3CCC4=CC(=O)CC[C@@H]4[C@H]3CC[C@@]21CC,1.0,C#CC1(O)CC[C@H]2[C@@H]3CCC4=CC(=O)CC[C@@H]4[C@H]3CC[C@@]21CC
C1:C:S:C(SSC2:C:C:C:S:2):C:1,0.0,c1csc(SSc2cccs2)c1
NC1:C:C:C2:C(:C:1)CN1C(=O)C3:C:C:C:C:C:3C1=N2,0.0,Nc1ccc2c(c1)CN1C(=O)c3ccccc3C1=N2
COC1:C:C(S(N)(=O)=O):C:C(C(=O)O):C:1OC,0.0,COc1cc(S(N)(=O)=O)cc(C(=O)O)c1OC
CC(=O)N1CCN(C2:C:C:C(O):C:C:2)CC1,1.0,CC(=O)N1CCN(c2ccc(O)cc2)CC1
CCC1:C:C:C(C2CCNCC2):C:C:1,0.0,CCc1ccc(C2CCNCC2)cc1
COC1:C:C:C:C:C:1N1CCN(CC(O)COC2:C:C(OC):C(OC):C(OC):C:2)CC1,0.0,COc1ccccc1N1CCN(CC(O)COc2cc(OC)c(OC)c(OC)c2)CC1
CCN(CC)C1:C:C:C(C(=C2C=CC(=[N+](CC)CC)C=C2)C2:C:C(S(=O)(=O)[O-]):C:C:C:2S(=O)(=O)[O-]):C:C:1,0.0,CCN(CC)c1ccc(C(=C2C=CC(=[N+](CC)CC)C=C2)c2cc(S(=O)(=O)[O-])ccc2S(=O)(=O)[O-])cc1
CN1CCN(N)CC1,0.0,CN1CCN(N)CC1
NC1:N:C(=O):N([C@@H]2O[C@H](CO)[C@@H](O)[C@@H]2F):C:C:1I,0.0,Nc1nc(=O)n([C@@H]2O[C@H](CO)[C@@H](O)[C@@H]2F)cc1I
CC(=O)OC(C)C,0.0,CC(=O)OC(C)C
C=CC(C)(O)CCCC(C)CCCC(C)CCCC(C)C,0.0,C=CC(C)(O)CCCC(C)CCCC(C)CCCC(C)C
CCCCCCCCCCCCCCN(C)C,0.0,CCCCCCCCCCCCCCN(C)C
CCCCCCCCCCCCCCO,0.0,CCCCCCCCCCCCCCO
CCCCCCCCCCCCCCCCN(C)C,0.0,CCCCCCCCCCCCCCCCN(C)C
OCCOCCOCCOCCO,0.0,OCCOCCOCCOCCO
CCCCCCOCCOCCO,0.0,CCCCCCOCCOCCO
CC(C)CC(C)CC(O)CC(C)C,0.0,CC(C)CC(C)CC(O)CC(C)C
OCCN1CCN(CCO)CC1,0.0,OCCN1CCN(CCO)CC1
CCCCCC(C=O)=CC1:C:C:C:C:C:1,0.0,CCCCCC(C=O)=Cc1ccccc1
O=C1CCCC1,0.0,O=C1CCCC1
O=C(OCC1:C:C:C:C:C:1)C1:C:C:C:C:C:1,0.0,O=C(OCc1ccccc1)c1ccccc1
COC1:C:C:C(C):C:C:1[N+](=O)[O-],0.0,COc1ccc(C)cc1[N+](=O)[O-]
CCC(N)(CO)CO,0.0,CCC(N)(CO)CO
COC(=O)C1=C(C)NC(C)=C(C(=O)OC)C1C1:C:C:C:C:C:1[N+](=O)[O-],0.0,COC(=O)C1=C(C)NC(C)=C(C(=O)OC)C1c1ccccc1[N+](=O)[O-]
O=C(Cl)C(Cl)(Cl)Cl,0.0,O=C(Cl)C(Cl)(Cl)Cl
COC(=O)CC(=O)C(C)(C)C,0.0,COC(=O)CC(=O)C(C)(C)C
COC(=O)C1:C:C(Cl):C:C(Cl):C:1,0.0,COC(=O)c1cc(Cl)cc(Cl)c1
COC(=O)CC1:C:C:C:C2:C:C:C:C:C:1:2,0.0,COC(=O)Cc1cccc2ccccc12
NC1:C:C:C:C(N):N:1,0.0,Nc1cccc(N)n1
NC1:N:C:N:C2:C:1:N:C:N:2[C@@H]1O[C@@H]2COP(=O)(O)O[C@H]2[C@H]1O,0.0,Nc1ncnc2c1ncn2[C@@H]1O[C@@H]2COP(=O)(O)O[C@H]2[C@H]1O
NC1(C2:C:C:C(C3:N:C4:C:C:N5:C(=O):[NH]:N:C:5:C:4:C:C:3C3:C:C:C:C:C:3):C:C:2)CCC1,0.0,NC1(c2ccc(-c3nc4ccn5c(=O)[nH]nc5c4cc3-c3ccccc3)cc2)CCC1
COC1:C:C2:C(N3CCN(C(=O)NC4:C:C:C(OC(C)C):C:C:4)CC3):N:C:N:C:2:C:C:1OCCCN1CCCCC1,1.0,COc1cc2c(N3CCN(C(=O)Nc4ccc(OC(C)C)cc4)CC3)ncnc2cc1OCCCN1CCCCC1
ClC=C(Cl)Cl,0.0,ClC=C(Cl)Cl
CC(Cl)(Cl)Cl,0.0,CC(Cl)(Cl)Cl
OC1:C(Cl):C:C(Cl):C:C:1Cl,1.0,Oc1c(Cl)cc(Cl)cc1Cl
CC(OC1:C:C(Cl):C(Cl):C:C:1Cl)C(=O)O,0.0,CC(Oc1cc(Cl)c(Cl)cc1Cl)C(=O)O
FC(Cl)(Cl)Cl,0.0,FC(Cl)(Cl)Cl
O=C1C2:C:C:C:C:C:2C(=O)N1SC(Cl)(Cl)Cl,1.0,O=C1c2ccccc2C(=O)N1SC(Cl)(Cl)Cl
O=C(O)COC1:C:C(Cl):C(Cl):C:C:1Cl,1.0,O=C(O)COc1cc(Cl)c(Cl)cc1Cl
COP(=O)(OC)C(O)C(Cl)(Cl)Cl,1.0,COP(=O)(OC)C(O)C(Cl)(Cl)Cl
CC(=O)OCC(=O)[C@@]1(OC(C)=O)[C@@H](C)C[C@H]2[C@@H]3C[C@H](F)C4=CC(=O)C=C[C@]4(C)[C@@]3(F)[C@@H](O)C[C@@]21C,0.0,CC(=O)OCC(=O)[C@@]1(OC(C)=O)[C@@H](C)C[C@H]2[C@@H]3C[C@H](F)C4=CC(=O)C=C[C@]4(C)[C@@]3(F)[C@@H](O)C[C@@]21C
CN(C)C1CCCCC1,0.0,CN(C)C1CCCCC1
O=C(Cl)C1:C:C:C:C:C:1,0.0,O=C(Cl)c1ccccc1
C[C@@H](N)C(=O)O,0.0,C[C@@H](N)C(=O)O
CCOP(=S)(OCC)SC(CCl)N1C(=O)C2:C:C:C:C:C:2C1=O,1.0,CCOP(=S)(OCC)SC(CCl)N1C(=O)c2ccccc2C1=O
CCOC1:C:C:C(NC(=O)OC(C)C):C:C:1OCC,0.0,CCOc1ccc(NC(=O)OC(C)C)cc1OCC
CCCCCCCCS(=O)C(C)CC1:C:C:C2:C(:C:1)OCO2,1.0,CCCCCCCCS(=O)C(C)Cc1ccc2c(c1)OCO2
CC(=O)C1:C:C:C:C:N:1,0.0,CC(=O)c1ccccn1
CCCCOCCOCCOCC1:C:C2:C(:C:C:1CCC)OCO2,0.0,CCCCOCCOCCOCc1cc2c(cc1CCC)OCO2
C1CCNCC1,0.0,C1CCNCC1
CC[C@@H]1C(=O)OC[C@@H]1CC1:C:N:C:N:1C,0.0,CC[C@@H]1C(=O)OC[C@@H]1Cc1cncn1C
NC1:C(Cl):C(Cl):N:C(C(=O)O):C:1Cl,0.0,Nc1c(Cl)c(Cl)nc(C(=O)O)c1Cl
C=C(C)C(=O)OCCO,0.0,C=C(C)C(=O)OCCO
C=CC(=O)OCCO,1.0,C=CC(=O)OCCO
O=P(C1:C:C:C:C:C:1)(C1:C:C:C:C:C:1)C1:C:C:C:C:C:1,0.0,O=P(c1ccccc1)(c1ccccc1)c1ccccc1
CCOP(=S)(OCC)SCSC1:C:C:C(Cl):C:C:1,0.0,CCOP(=S)(OCC)SCSc1ccc(Cl)cc1
OC1:C:C:C(OC2:C:C:C:C:C:2):C:C:1,1.0,Oc1ccc(Oc2ccccc2)cc1
C#CC(O)CCCCC,0.0,C#CC(O)CCCCC
C[Si](C)=O,0.0,C[Si](C)=O
CCOC1:C:C([N+](=O)[O-]):C(OCC):C:C:1N1CCOCC1,0.0,CCOc1cc([N+](=O)[O-])c(OCC)cc1N1CCOCC1
CN(C)CCOCCN(C)CCO,0.0,CN(C)CCOCCN(C)CCO
O=C([O-])C1:C:C:C:C([N+](=O)[O-]):C:1,0.0,O=C([O-])c1cccc([N+](=O)[O-])c1
O=C1NC(=O)C2:C:C:C:C3:C:C:C:C1:C:2:3,1.0,O=C1NC(=O)c2cccc3cccc1c23
CCOC(=O)C1=NN(C2:C:C:C:C:C:2)C(=O)C1,0.0,CCOC(=O)C1=NN(c2ccccc2)C(=O)C1
C=C[Si]1(C)O[Si](C)(C=C)O[Si](C)(C=C)O[Si](C)(C=C)O1,0.0,C=C[Si]1(C)O[Si](C)(C=C)O[Si](C)(C=C)O[Si](C)(C=C)O1
CCCCOC(=O)CCC(C)=O,0.0,CCCCOC(=O)CCC(C)=O
C1:C:C:C(CNC2:N:C:N:C3:C:2:N:C:N:3C2CCCCO2):C:C:1,0.0,c1ccc(CNc2ncnc3c2ncn3C2CCCCO2)cc1
CC1:C:C:C(N):C([N+](=O)[O-]):C:1,0.0,Cc1ccc(N)c([N+](=O)[O-])c1
CC1:C:C:C([N+](=O)[O-]):C(N):C:1,0.0,Cc1ccc([N+](=O)[O-])c(N)c1
CNC1:C:C:C([N+](=O)[O-]):C:C:1,0.0,CNc1ccc([N+](=O)[O-])cc1
NC1:C:C:C(/N=N/C2:C:C:C(N):C:C:2):C:C:1,1.0,Nc1ccc(/N=N/c2ccc(N)cc2)cc1
CC1=CCC2CC1C2(C)C,0.0,CC1=CCC2CC1C2(C)C
CC(=O)NNC(C)=O,0.0,CC(=O)NNC(C)=O
C=CCOC(=O)C1:C:C:C:C:C:1C(=O)OCC=C,0.0,C=CCOC(=O)c1ccccc1C(=O)OCC=C
OC1:C:C:C:C(O):C:1O,0.0,Oc1cccc(O)c1O
S=C1NCCN1,1.0,S=C1NCCN1
O=[N+]([O-])C1:C:C:C2:C(:C:1)CC1:C:C:C:C:C:12,1.0,O=[N+]([O-])c1ccc2c(c1)Cc1ccccc1-2
COC(=O)C1:C:C(Cl):C:C:C:1OC,0.0,COC(=O)c1cc(Cl)ccc1OC
CCCCC(CC)COC(=O)CCCCC(=O)OCC(CC)CCCC,0.0,CCCCC(CC)COC(=O)CCCCC(=O)OCC(CC)CCCC
O=C1CN(N=CC2:C:C:C([N+](=O)[O-]):O:2)C(=O)N1,1.0,O=C1CN(N=Cc2ccc([N+](=O)[O-])o2)C(=O)N1
O=C(O)C1:C:C:C:[N+]([O-]):C:1,0.0,O=C(O)c1ccc[n+]([O-])c1
NC(=O)CCCCC1CCSS1,0.0,NC(=O)CCCCC1CCSS1
CCOC(=O)CC#N,0.0,CCOC(=O)CC#N
CCCC(C)CO,0.0,CCCC(C)CO
COC(=O)CC(C)=O,0.0,COC(=O)CC(C)=O
COC1:C:C:C(C):C:C:1,0.0,COc1ccc(C)cc1
CCC1:C:C:C(CC):C:C:1,0.0,CCc1ccc(CC)cc1
OCC1CCC(CO)CC1,0.0,OCC1CCC(CO)CC1
C=C(C)C(=O)OCCN(CC)CC,0.0,C=C(C)C(=O)OCCN(CC)CC
CN1CCN(C2:C(F):C:C3:C(=O):C(C(=O)O):C:N4:C:3:C:2OCN4C)CC1,0.0,CN1CCN(c2c(F)cc3c(=O)c(C(=O)O)cn4c3c2OCN4C)CC1
CCC(=O)O.CCC(=O)O.O=C(NC1:C:C:C:C(C2=NCCN2):C:1)NC1:C:C:C:C(C2=NCCN2):C:1,0.0,CCC(=O)O.CCC(=O)O.O=C(Nc1cccc(C2=NCCN2)c1)Nc1cccc(C2=NCCN2)c1
CCC(CC)NC1:C([N+](=O)[O-]):C:C(C):C(C):C:1[N+](=O)[O-],0.0,CCC(CC)Nc1c([N+](=O)[O-])cc(C)c(C)c1[N+](=O)[O-]
BrC1:C:C:C(OC2:C:C(Br):C(Br):C:C:2Br):C(Br):C:1,0.0,Brc1ccc(Oc2cc(Br)c(Br)cc2Br)c(Br)c1
ClC1:C:C(Cl):C(Cl):C(Cl):C:1Cl,0.0,Clc1cc(Cl)c(Cl)c(Cl)c1Cl
CCOC1:C:C(OC2:C:C:C(C(F)(F)F):C:C:2Cl):C:C:C:1[N+](=O)[O-],1.0,CCOc1cc(Oc2ccc(C(F)(F)F)cc2Cl)ccc1[N+](=O)[O-]
CC(C)(C)C(O)C(CC1:C:C:C(Cl):C:C:1)N1:C:N:C:N:1,0.0,CC(C)(C)C(O)C(Cc1ccc(Cl)cc1)n1cncn1
O=C(O)C1:C:C:C:C:C:1OP(=O)(O)O,0.0,O=C(O)c1ccccc1OP(=O)(O)O
COC1:C2:C(:C:C3:C:1OCO3)CCN(C)C2,0.0,COc1c2c(cc3c1OCO3)CCN(C)C2
CN(C)CCOC(=O)C(C1:C:C:C:C:C:1)C1(O)CCCC1,0.0,CN(C)CCOC(=O)C(c1ccccc1)C1(O)CCCC1
CC(C)CC(NC(=O)CNC(=O)[C@H](CC1:C:C:C(O):C:C:1)NC(=O)[C@@H](CO)NC(=O)[C@@H](CC1:C:[NH]:C2:C:C:C:C:C:1:2)NC(=O)[C@@H](CC1:C:[NH]:C:N:1)NC(=O)[C@H]1CCC(=O)N1)C(=O)N[C@H](CCCNC(=N)N)C(=O)N1CCC[C@@H]1C(=O)NCC(N)=O,0.0,CC(C)CC(NC(=O)CNC(=O)[C@H](Cc1ccc(O)cc1)NC(=O)[C@@H](CO)NC(=O)[C@@H](Cc1c[nH]c2ccccc12)NC(=O)[C@@H](Cc1c[nH]cn1)NC(=O)[C@H]1CCC(=O)N1)C(=O)N[C@H](CCCNC(=N)N)C(=O)N1CCC[C@@H]1C(=O)NCC(N)=O
NC(=O)OCCCC1:C:C:C:C:C:1,0.0,NC(=O)OCCCc1ccccc1
C[C@H]1CNC2:C(:C:C:C:C:2S(=O)(=O)N[C@@H](CCCNC(=N)N)C(=O)N2CC[C@@H](C)C[C@@H]2C(=O)O)C1,0.0,C[C@@H]1CCN(C(=O)[C@H](CCCNC(=N)N)NS(=O)(=O)c2cccc3c2NC[C@H](C)C3)[C@@H](C(=O)O)C1
CC(C)NCC(O)C1:C:C(O):C:C(O):C:1.CC(C)NCC(O)C1:C:C(O):C:C(O):C:1,0.0,CC(C)NCC(O)c1cc(O)cc(O)c1.CC(C)NCC(O)c1cc(O)cc(O)c1
COC(=O)C1:C:C:C:C:C:1C(=O)C1:C:C:C(OCCN2CCCCC2):C:C:1,0.0,COC(=O)c1ccccc1C(=O)c1ccc(OCCN2CCCCC2)cc1
C[C@@H]1C[C@H]2[C@@H]3C[C@H](F)C4=CC(=O)C(Cl)=C[C@]4(C)[C@@]3(F)[C@@H](O)C[C@]2(C)[C@@]1(O)C(=O)CO,0.0,C[C@@H]1C[C@H]2[C@@H]3C[C@H](F)C4=CC(=O)C(Cl)=C[C@]4(C)[C@@]3(F)[C@@H](O)C[C@]2(C)[C@@]1(O)C(=O)CO
CC1:C:C:N:C2:C:1NC(=O)C1:C:C:C:N:C:1N2C1CC1,0.0,Cc1ccnc2c1NC(=O)c1cccnc1N2C1CC1
CC(=O)NC1:C(I):C(NC(C)=O):C(I):C(C(=O)O):C:1I,0.0,CC(=O)Nc1c(I)c(NC(C)=O)c(I)c(C(=O)O)c1I
CCOC(=O)NCCC[Si](OCC)(OCC)OCC,0.0,CCOC(=O)NCCC[Si](OCC)(OCC)OCC
CCO[Si](CC(C)C)(OCC)OCC,0.0,CCO[Si](CC(C)C)(OCC)OCC
CC1:C:C:C:C:C:1C(OCCN(C)C)C1:C:C:C:C:C:1.O=C(O)CC(O)(CC(=O)O)C(=O)O,0.0,Cc1ccccc1C(OCCN(C)C)c1ccccc1.O=C(O)CC(O)(CC(=O)O)C(=O)O
COC1:C:C:C:C(C(=O)CCN[C@@H](C)[C@H](O)C2:C:C:C:C:C:2):C:1,1.0,COc1cccc(C(=O)CCN[C@@H](C)[C@H](O)c2ccccc2)c1
O=[N+]([O-])C(Br)(CO)CO,1.0,O=[N+]([O-])C(Br)(CO)CO
OCCCBr,0.0,OCCCBr
CC1:C:C:C:C(Br):C:1,0.0,Cc1cccc(Br)c1
BrCC1:C:C:C:C:C:1,0.0,BrCc1ccccc1
CCC(=O)OC1:C:C:C2:C(:C:1)CC[C@@H]1[C@@H]2CC[C@@]2(C)[C@H]1C[C@@H](OC(=O)CC)[C@@H]2OC(=O)CC,0.0,CCC(=O)Oc1ccc2c(c1)CC[C@@H]1[C@@H]2CC[C@@]2(C)[C@H]1C[C@@H](OC(=O)CC)[C@@H]2OC(=O)CC
C[C@@H]1C[C@H]2[C@@H]3CCC4=CC(=O)C=C[C@]4(C)[C@@]3(F)[C@@H](O)C[C@]2(C)[C@@]1(O)C(=O)COC(=O)C1:C:C:N:C:C:1,0.0,C[C@@H]1C[C@H]2[C@@H]3CCC4=CC(=O)C=C[C@]4(C)[C@@]3(F)[C@@H](O)C[C@]2(C)[C@@]1(O)C(=O)COC(=O)c1ccncc1
CC1=C(C(=O)O)N2C(=O)[C@@H](N)[C@H]2SC1,0.0,CC1=C(C(=O)O)N2C(=O)[C@@H](N)[C@H]2SC1
CC(=O)/C=C/C=C1/C2CCC(C2)C1(C)C,0.0,CC(=O)/C=C/C=C1/C2CCC(C2)C1(C)C
CC1(C)OC(=O)NC2:C:C:C(Br):C:C:21,0.0,CC1(C)OC(=O)Nc2ccc(Br)cc21
O=C(O)CN1:C:N:N:N:1,0.0,O=C(O)Cn1cnnn1
NS(=O)(=O)C1:C:C2:C(:C:C:1Cl)CN(C1CCCCC1)C2=O,0.0,NS(=O)(=O)c1cc2c(cc1Cl)CN(C1CCCCC1)C2=O
O=CC1:C:C:C(O):C(O):C:1O,1.0,O=Cc1ccc(O)c(O)c1O
C[N+]1(C)[C@H]2C[C@H](OC(=O)[C@H](CO)C3:C:C:C:C:C:3)C[C@@H]1[C@H]1O[C@@H]21,0.0,C[N+]1(C)[C@@H]2C[C@@H](OC(=O)[C@H](CO)c3ccccc3)C[C@H]1[C@@H]1O[C@@H]12
COP(=S)(NC(C)C)OC1:C:C:C(C):C:C:1[N+](=O)[O-],0.0,COP(=S)(NC(C)C)Oc1ccc(C)cc1[N+](=O)[O-]
CCCCCOC(=O)CCC,0.0,CCCCCOC(=O)CCC
C1:C:N:C:C([C@@H]2CCCCN2):C:1,0.0,c1cncc([C@@H]2CCCCN2)c1
CCCCCC(=O)CC,0.0,CCCCCC(=O)CC
CCN(CCO)CCO,1.0,CCN(CCO)CCO
COC1:C:C:C(C2CNC(=O)C2):C:C:1OC1CCCC1,0.0,COc1ccc(C2CNC(=O)C2)cc1OC1CCCC1
CCOC(OCC)OCC,0.0,CCOC(OCC)OCC
CCOC(=O)C(F)(F)F,0.0,CCOC(=O)C(F)(F)F
C=C[C@@H](C)CCC=C(C)C,0.0,C=C[C@@H](C)CCC=C(C)C
SCCSCCS,0.0,SCCSCCS
CC1:C:C:C:C(C):C:1NC(=O)C1:C:C:C(N):C:C:1,0.0,Cc1cccc(C)c1NC(=O)c1ccc(N)cc1
N[C@@H](CC1:C:C(I):C(O):C(I):C:1)C(=O)O,0.0,N[C@@H](Cc1cc(I)c(O)c(I)c1)C(=O)O
CN(C(=O)CC1:C:C:C(Cl):C(Cl):C:1)[C@H]1CC[C@@]2(CCCO2)C[C@@H]1N1CCCC1,0.0,CN(C(=O)Cc1ccc(Cl)c(Cl)c1)[C@H]1CC[C@@]2(CCCO2)C[C@@H]1N1CCCC1
O=C1CC2(CCCC2)CC(=O)N1CCNCC1COC2:C:C:C:C:C:2O1,0.0,O=C1CC2(CCCC2)CC(=O)N1CCNCC1COc2ccccc2O1
O=C(C(=O)C1:C:C:C:C:C:1)C1:C:C:C:C:C:1,0.0,O=C(C(=O)c1ccccc1)c1ccccc1
N=C(N)C1:C:C:C(OCCCOC2:C:C:C(C(=N)N):C:C:2):C:C:1,1.0,N=C(N)c1ccc(OCCCOc2ccc(C(=N)N)cc2)cc1
CC(=C(CCO)SSC(CCO)=C(C)N(C=O)CC1:C:N:C(C):N:C:1N)N(C=O)CC1:C:N:C(C):N:C:1N,0.0,CC(=C(CCO)SSC(CCO)=C(C)N(C=O)Cc1cnc(C)nc1N)N(C=O)Cc1cnc(C)nc1N
CCCCCCC#N,0.0,CCCCCCC#N
COC1:C:C:C(NC2:C:C:C:C:C:2):C(C):C:1,0.0,COc1ccc(Nc2ccccc2)c(C)c1
C=COC(=O)C(C)(CC)CCC(C)C,0.0,C=COC(=O)C(C)(CC)CCC(C)C
CCCC[N+]1(C)[C@H]2C[C@H](OC(=O)[C@H](CO)C3:C:C:C:C:C:3)C[C@@H]1[C@H]1O[C@@H]21,0.0,CCCC[N+]1(C)[C@@H]2C[C@@H](OC(=O)[C@H](CO)c3ccccc3)C[C@H]1[C@@H]1O[C@@H]12
C=CCN1C[C@H](C(=O)N(CCCN(C)C)C(=O)NCC)C[C@@H]2C3:C:C:C:C4:[NH]:C:C(:C:3:4)C[C@H]21,0.0,C=CCN1C[C@H](C(=O)N(CCCN(C)C)C(=O)NCC)C[C@@H]2c3cccc4[nH]cc(c34)C[C@H]21
CCCCCCCCSCC,0.0,CCCCCCCCSCC
C=COCCOCCOCCOC=C,0.0,C=COCCOCCOCCOC=C
CCC(C)C(=O)O,0.0,CCC(C)C(=O)O
CC(C)CC#N,0.0,CC(C)CC#N
CC1:C:C:C(C(=O)O):O:1,0.0,Cc1ccc(C(=O)O)o1
CC(C)C1:C:C:C(CO):C:C:1,0.0,CC(C)c1ccc(CO)cc1
CC(=O)CCC=C(C)C,0.0,CC(=O)CCC=C(C)C
CN(C)CCCSC1:C:C:C:C:C:1NC(=O)/C=C/C1:C:C:C:C:C:1,0.0,CN(C)CCCSc1ccccc1NC(=O)/C=C/c1ccccc1
CC(C)NCC(O)C1:C:C:C(N):C(C#N):C:1,0.0,CC(C)NCC(O)c1ccc(N)c(C#N)c1
CN1C(=O)COC2:C(C(=O)NC3CN4CCC3CC4):C:C(Cl):C:C:21,0.0,CN1C(=O)COc2c(C(=O)NC3CN4CCC3CC4)cc(Cl)cc21
C=C1C2CCC(C2)C1(C)C,0.0,C=C1C2CCC(C2)C1(C)C
CC(C(O)C1:C:C:C(O):C:C:1)N1CCC(CC2:C:C:C:C:C:2)CC1,0.0,CC(C(O)c1ccc(O)cc1)N1CCC(Cc2ccccc2)CC1
O=C(O)CN1C(=O)C2:C:C:C:C3:C:C:C:C(:C:2:3)C1=O,0.0,O=C(O)CN1C(=O)c2cccc3cccc(c23)C1=O
NP(N)(=O)NC(=O)C1:C:C:C(F):C:C:1,0.0,NP(N)(=O)NC(=O)c1ccc(F)cc1
ClC1:C:C:C:C(SC2CCNCC2):N:1,0.0,Clc1cccc(SC2CCNCC2)n1
CCCCC(CC)COC(=O)C(C#N)=C(C1:C:C:C:C:C:1)C1:C:C:C:C:C:1,1.0,CCCCC(CC)COC(=O)C(C#N)=C(c1ccccc1)c1ccccc1
CCCC=C(C=O)CC,0.0,CCCC=C(C=O)CC
C=CC(=O)OCC(CC)CCCC,0.0,C=CC(=O)OCC(CC)CCCC
CCCCC(C=O)CC,0.0,CCCCC(C=O)CC
CCCC(O)C(CC)CO,0.0,CCCC(O)C(CC)CO
CCCCC(CC)C(=O)O,0.0,CCCCC(CC)C(=O)O
O=[N+]([O-])C1:C:C:C(C2:N:N:C(O):O:2):O:1,1.0,O=[N+]([O-])c1ccc(-c2nnc(O)o2)o1
O=C(O)C1:C:C:C:C(OC2:C:C:C:C:C:2):C:1,0.0,O=C(O)c1cccc(Oc2ccccc2)c1
COC1:C:C:C([N+](=O)[O-]):C:C:1N,0.0,COc1ccc([N+](=O)[O-])cc1N
NC(=O)N/N=C/C1:C:C:C([N+](=O)[O-]):O:1,1.0,NC(=O)N/N=C/c1ccc([N+](=O)[O-])o1
CC(=O)OC(OC(C)=O)C1:C:C:C([N+](=O)[O-]):O:1,1.0,CC(=O)OC(OC(C)=O)c1ccc([N+](=O)[O-])o1
O=C(O)CC1:C:C:C(C2:C:C:C:C:C:2):C:C:1,0.0,O=C(O)Cc1ccc(-c2ccccc2)cc1
NC(=O)C1:C:C:[N+](CC2=C(C(=O)[O-])N3C(=O)[C@@H](NC(=O)CC4:C:C:C:S:4)[C@H]3SC2):C:C:1,1.0,NC(=O)c1cc[n+](CC2=C(C(=O)[O-])N3C(=O)[C@@H](NC(=O)Cc4cccs4)[C@H]3SC2)cc1
CCOC1:N:C(C(Cl)(Cl)Cl):N:S:1,0.0,CCOc1nc(C(Cl)(Cl)Cl)ns1
CCN(CC)CCNC(=O)C1:C:C(Br):C(N):C:C:1OC,0.0,CCN(CC)CCNC(=O)c1cc(Br)c(N)cc1OC
C=C1C2:C:C:C:C(O):C:2C(=O)C2=C(O)[C@]3(O)C(=O)C(C(N)=O)=C(O)[C@@H](N(C)C)[C@@H]3[C@@H](O)[C@H]12,0.0,C=C1c2cccc(O)c2C(=O)C2=C(O)[C@]3(O)C(=O)C(C(N)=O)=C(O)[C@@H](N(C)C)[C@@H]3[C@@H](O)[C@H]12
C[C@H]1CCC[C@@H](C)N1,0.0,C[C@@H]1CCC[C@H](C)N1
COC(=O)[C@@]1(C)[C@H](C)C[C@H]2[C@@H]3CCC4=CC(=O)C=C[C@]4(C)[C@H]3[C@@H](O)C[C@@]21C,1.0,COC(=O)[C@@]1(C)[C@H](C)C[C@H]2[C@@H]3CCC4=CC(=O)C=C[C@]4(C)[C@H]3[C@@H](O)C[C@@]21C
COC1:C:C:C2:C:C(CCC(C)=O):C:C:C:2:C:1,1.0,COc1ccc2cc(CCC(C)=O)ccc2c1
CC1:C:C(N2:N:C3:C:C:C(Cl):C:C:3:N:2):C(O):C(C(C)(C)C):C:1,0.0,Cc1cc(-n2nc3ccc(Cl)cc3n2)c(O)c(C(C)(C)C)c1
CC(C)(C)NCC(O)COC1:C:C:C:C2:C:1CCC(=O)N2,0.0,CC(C)(C)NCC(O)COc1cccc2c1CCC(=O)N2
O=C(O)C1:C:C2:C:C:C:C:C:2:N:C:1C(=O)O,0.0,O=C(O)c1cc2ccccc2nc1C(=O)O
CCCCCCCCCCCCCCCCCC#N,0.0,CCCCCCCCCCCCCCCCCC#N
CN(C)C1:C:C:C(N=NC2:C:C:C:C:C:2):C:C:1,1.0,CN(C)c1ccc(N=Nc2ccccc2)cc1
CC1:N:C:C([N+](=O)[O-]):N:1C,0.0,Cc1ncc([N+](=O)[O-])n1C
COP(C)(=O)OC,0.0,COP(C)(=O)OC
C/C=C(C)/C=C/C=C(C)C,1.0,C/C=C(C)/C=C/C=C(C)C
COC(=O)C1:C:C:C(C(=O)OC):C:C:1,0.0,COC(=O)c1ccc(C(=O)OC)cc1
CC(=O)N(C)C,0.0,CC(=O)N(C)C
CCNC1:N:C(Cl):N:C(NC(C)(C)C#N):N:1,0.0,CCNc1nc(Cl)nc(NC(C)(C)C#N)n1
CC1(C)[C@H](/C=C(\Cl)C(F)(F)F)[C@@H]1C(=O)O[C@H](C#N)C1:C:C:C:C(OC2:C:C:C:C:C:2):C:1,0.0,CC1(C)[C@H](/C=C(\Cl)C(F)(F)F)[C@@H]1C(=O)O[C@H](C#N)c1cccc(Oc2ccccc2)c1
NC1:N:C(N):N:C(NC2CC2):N:1,0.0,Nc1nc(N)nc(NC2CC2)n1
CC1(C)C(C=C(Cl)Cl)C1C(=O)OC(C#N)C1:C:C:C:C(OC2:C:C:C:C:C:2):C:1,0.0,CC1(C)C(C=C(Cl)Cl)C1C(=O)OC(C#N)c1cccc(Oc2ccccc2)c1
NC(=O)NC(=O)CC1:C:C:C:C:C:1,0.0,NC(=O)NC(=O)Cc1ccccc1
CCC[C@H](N[C@@H](C)C(=O)N1[C@H](C(=O)O)C[C@@H]2CCCC[C@@H]21)C(=O)OCC,0.0,CCC[C@H](N[C@@H](C)C(=O)N1[C@H](C(=O)O)C[C@@H]2CCCC[C@@H]21)C(=O)OCC
CNC(=O)O/N=C(\C)C(C)S(C)(=O)=O,0.0,CNC(=O)O/N=C(\C)C(C)S(C)(=O)=O
CC(=O)CC(C)=O,0.0,CC(=O)CC(C)=O
O=[N+]([O-])C1:C:C:C:C(Cl):C:1,0.0,O=[N+]([O-])c1cccc(Cl)c1
C1:C:C:C(NC2:C:C:C:C:C:2):C:C:1,0.0,c1ccc(Nc2ccccc2)cc1
CC(C)C1:C:C:C(C=O):C:C:1,0.0,CC(C)c1ccc(C=O)cc1
CCC1:C:C:C(O):C:C:1,0.0,CCc1ccc(O)cc1
CC(C)C(C)(N)C#N,0.0,CC(C)C(C)(N)C#N
OCC1:C:C:C:C(OC2:C:C:C:C:C:2):C:1,0.0,OCc1cccc(Oc2ccccc2)c1
ClC1:C:C:C:C:C:1CN1CCC2:S:C:C:C:2C1,0.0,Clc1ccccc1CN1CCc2sccc2C1
CCN(CC)CCOC(=O)C(C1:C:C:C:C:C:1)C1CCCCC1,0.0,CCN(CC)CCOC(=O)C(c1ccccc1)C1CCCCC1
CN1CCC(=C2C3:C:C:C:C:C:3CC(=O)C3:S:C:C:C:32)CC1,0.0,CN1CCC(=C2c3ccccc3CC(=O)c3sccc32)CC1
CCN(CC)CCSC(=O)C(C1:C:C:C:C:C:1)C1:C:C:C:C:C:1,0.0,CCN(CC)CCSC(=O)C(c1ccccc1)c1ccccc1
NC1:C:C:N([C@H]2CS[C@@H](CO)O2):C(=O):N:1,0.0,Nc1ccn([C@H]2CS[C@@H](CO)O2)c(=O)n1
CC(O)C(=O)[O-].CC(O)C(=O)[O-],0.0,CC(O)C(=O)[O-].CC(O)C(=O)[O-]
[Ca+2].[Cl-].[Cl-],0.0,[Ca+2].[Cl-].[Cl-]
CN1:C(=O):C2:C(:N:C:N:2C):N(C):C:1=O,1.0,Cn1c(=O)c2c(ncn2C)n(C)c1=O
C=C1CC[C@H](O)C/C1=C/C=C1\CCC[C@@]2(C)[C@H]1CC[C@@H]2[C@H](C)/C=C/[C@H](C)C(C)C,1.0,C=C1CC[C@H](O)C/C1=C/C=C1\CCC[C@]2(C)[C@@H]([C@H](C)/C=C/[C@H](C)C(C)C)CC[C@@H]12
CCC(C)OC(C)CC,0.0,CCC(C)OC(C)CC
O=C(O)C=CC1:C:C:C(O):C(O):C:1,0.0,O=C(O)C=Cc1ccc(O)c(O)c1
CCCOCCOCCO,0.0,CCCOCCOCCO
CN(C)C(=O)COC(=O)CC1:C:C:C(OC(=O)C2:C:C:C(NC(=N)N):C:C:2):C:C:1,0.0,CN(C)C(=O)COC(=O)Cc1ccc(OC(=O)c2ccc(NC(=N)N)cc2)cc1
CC(CC(=O)O)CC(C)(C)C,0.0,CC(CC(=O)O)CC(C)(C)C
C1:C:C(N(CC2CO2)CC2CO2):C:C:C:1OCC1CO1,1.0,c1cc(N(CC2CO2)CC2CO2)ccc1OCC1CO1
CC(=O)C1:C:C:C2:C:C:C:C:C:2:C:1,0.0,CC(=O)c1ccc2ccccc2c1
C=C(C)C(=O)OCCOC(=O)CC(C)=O,0.0,C=C(C)C(=O)OCCOC(=O)CC(C)=O
COC(=O)[C@H]1CC[C@H](C(=O)OC)CC1,0.0,COC(=O)[C@H]1CC[C@H](C(=O)OC)CC1
CCOC(=O)C(C)(C)C,0.0,CCOC(=O)C(C)(C)C
O=C/C=C/C1:C:C:C:O:1,0.0,O=C/C=C/c1ccco1
CCCCCCCCCCCCCCN1:C:C:[N+](C):C:1.O=S(=O)([N-]S(=O)(=O)C(F)(F)F)C(F)(F)F,1.0,CCCCCCCCCCCCCCn1cc[n+](C)c1.O=S(=O)([N-]S(=O)(=O)C(F)(F)F)C(F)(F)F
CCCCCCCCCCCCCCCCN1:C:C:[N+](C):C:1.O=S(=O)([N-]S(=O)(=O)C(F)(F)F)C(F)(F)F,1.0,CCCCCCCCCCCCCCCCn1cc[n+](C)c1.O=S(=O)([N-]S(=O)(=O)C(F)(F)F)C(F)(F)F
CCCCCCCCCCCCCCCCCl,0.0,CCCCCCCCCCCCCCCCCl
CCCCCCCCCI,0.0,CCCCCCCCCI
CCCCCCCCCCCCI,0.0,CCCCCCCCCCCCI
CN(C)C1:C:C:C(/C=C/C2:C:C:C([N+](=O)[O-]):C:C:2):C:C:1,0.0,CN(C)c1ccc(/C=C/c2ccc([N+](=O)[O-])cc2)cc1
COC(=O)/C=C\C(=O)O,1.0,COC(=O)/C=C\C(=O)O
CC(C)C1:C:C:C2:C:C(C(C)C):C:C:C:2:C:1,0.0,CC(C)c1ccc2cc(C(C)C)ccc2c1
CCOC(=O)C1:C:C:C:C:C:1,0.0,CCOC(=O)c1ccccc1
CC(=O)OCCC(C)C,0.0,CC(=O)OCCC(C)C
O=C1:[NH]:N:C:C2:C:C:C:C:C:1:2,0.0,O=c1[nH]ncc2ccccc12
CCOCCOCCOC(C)=O,0.0,CCOCCOCCOC(C)=O
CCCCOCCOC(C)=O,0.0,CCCCOCCOC(C)=O
CCCCCCCCCCCCN(C)C,0.0,CCCCCCCCCCCCN(C)C
CCCCCCOCCO,0.0,CCCCCCOCCO
CC(=O)C=C(C)C,0.0,CC(=O)C=C(C)C
ClC1:C:C:C:C(C(C2:C:C:C3:N:C:[NH]:C:3:C:2)N2:C:C:N:C:2):C:1,0.0,Clc1cccc(C(c2ccc3nc[nH]c3c2)n2ccnc2)c1
CC1:C:C:C2:N:C(N):[NH]:C(=O):C:2:C:1SC1:C:C:N:C:C:1,1.0,Cc1ccc2nc(N)[nH]c(=O)c2c1Sc1ccncc1
CC#CC1:C:C(C):N:C(NC2:C:C:C:C:C:2):N:1,1.0,CC#Cc1cc(C)nc(Nc2ccccc2)n1
Cl[Hg]C1:C:C:C:C:C:1,1.0,[Cl][Hg][c]1ccccc1
C[N+](C)(C)CC(O)CC(=O)[O-],0.0,C[N+](C)(C)CC(O)CC(=O)[O-]
O=NN1CCCC1,0.0,O=NN1CCCC1
CCC(=O)N(C1:C:C:C:C:C:1)C1(COC)CCN(CCN2:N:N:N(CC):C:2=O)CC1,0.0,CCC(=O)N(c1ccccc1)C1(COC)CCN(CCn2nnn(CC)c2=O)CC1
CC(C)=CCN1CC[C@@]2(C)C3:C:C(O):C:C:C:3C[C@@H]1[C@@H]2C.O=C(O)CCC(=O)O,0.0,CC(C)=CCN1CC[C@@]2(C)c3cc(O)ccc3C[C@@H]1[C@@H]2C.O=C(O)CCC(=O)O
O=CC1:C:C:C:C:C:1O,0.0,O=Cc1ccccc1O
CCC(=O)N(C1:C:C:C:C:C:1)C1(COC)CCN(CCC2:C:C:C:S:2)CC1.O=C(O)CC(O)(CC(=O)O)C(=O)O,1.0,CCC(=O)N(c1ccccc1)C1(COC)CCN(CCc2cccs2)CC1.O=C(O)CC(O)(CC(=O)O)C(=O)O
CCC(=O)N(C1:C:C:C(F):C:C:1)C1CCN(CCC2:C:C:C:C:C:2)CC1,0.0,CCC(=O)N(c1ccc(F)cc1)C1CCN(CCc2ccccc2)CC1
CCC(=O)N(C1:C:C:C:C:C:1)C1CCN(C(C)CC2:C:C:C:C:C:2)CC1,0.0,CCC(=O)N(c1ccccc1)C1CCN(C(C)Cc2ccccc2)CC1
CCC(=O)N(C1:C:C:C:C:C:1)C1CCN(CC2:C:C:C:C:C:2)CC1,0.0,CCC(=O)N(c1ccccc1)C1CCN(Cc2ccccc2)CC1
CC(C)Br,0.0,CC(C)Br
C=C1C(CCl)(CCl)C2(Cl)C(Cl)C(Cl)C1(Cl)C2(Cl)Cl,1.0,C=C1C(CCl)(CCl)C2(Cl)C(Cl)C(Cl)C1(Cl)C2(Cl)Cl
C=CCSCC1NC2:C:C(Cl):C(S(N)(=O)=O):C:C:2S(=O)(=O)N1,0.0,C=CCSCC1Nc2cc(Cl)c(S(N)(=O)=O)cc2S(=O)(=O)N1
CC1:C:C:C(NC(N)=O):C:C:1,0.0,Cc1ccc(NC(N)=O)cc1
CC1:C:C:C:C:C:1,0.0,Cc1ccccc1
CC1:C:C:C(N=C=O):C:C:1N=C=O,1.0,Cc1ccc(N=C=O)cc1N=C=O
CC1:C:C:C:C:C:1S(N)(=O)=O,0.0,Cc1ccccc1S(N)(=O)=O
C[SiH](O[Si](C)(C)C)O[Si](C)(C)C,0.0,C[SiH](O[Si](C)(C)C)O[Si](C)(C)C
CCOC1:C:C:C:C:C:1OCC,0.0,CCOc1ccccc1OCC
C1N2CN3CN1CN(C2)C3,0.0,C1N2CN3CN1CN(C2)C3
CC1:C:C(Cl):C:C:C:1N=CN(C)C,0.0,Cc1cc(Cl)ccc1N=CN(C)C
[SbH6+3],0.0,[SbH6+3]
O=[N+]([O-])OCC(CO[N+](=O)[O-])(CO[N+](=O)[O-])CO[N+](=O)[O-],0.0,O=[N+]([O-])OCC(CO[N+](=O)[O-])(CO[N+](=O)[O-])CO[N+](=O)[O-]
CCCCCCCCCCCC1:C:C:C:C:C:1,0.0,CCCCCCCCCCCc1ccccc1
C[N+]1([O-])CCOCC1,0.0,C[N+]1([O-])CCOCC1
CCOP(=S)(OCC)OC1:C:C:C([N+](=O)[O-]):C:C:1,0.0,CCOP(=S)(OCC)Oc1ccc([N+](=O)[O-])cc1
CC(CC1:C:C:C:C(C(F)(F)F):C:1)NCCOC(=O)C1:C:C:C:C:C:1,0.0,CC(Cc1cccc(C(F)(F)F)c1)NCCOC(=O)c1ccccc1
CC1(C)S[C@@H]2[C@H](NC(=O)COC3:C:C:C:C:C:3)C(=O)N2[C@H]1C(=O)[O-],0.0,CC1(C)S[C@@H]2[C@H](NC(=O)COc3ccccc3)C(=O)N2[C@H]1C(=O)[O-]
COC1:C(Cl):C(Cl):C(Cl):C(Cl):C:1Cl,0.0,COc1c(Cl)c(Cl)c(Cl)c(Cl)c1Cl
ClC(Cl)C(Cl)(Cl)Cl,0.0,ClC(Cl)C(Cl)(Cl)Cl
O=[N+]([O-])C1:C(Cl):C(Cl):C(Cl):C(Cl):C:1Cl,1.0,O=[N+]([O-])c1c(Cl)c(Cl)c(Cl)c(Cl)c1Cl
NC1:C:C:C(C(=O)O):C:C:1,0.0,Nc1ccc(C(=O)O)cc1
NC1:N:C2:C:C:C:C:C:2:S:1,0.0,Nc1nc2ccccc2s1
CCCCCCC1:C:C:C(O):C:C:1O,1.0,CCCCCCc1ccc(O)cc1O
O=C([O-])C1:C:C(OC2:C:C:C(C(F)(F)F):C:C:2Cl):C:C:C:1[N+](=O)[O-],0.0,O=C([O-])c1cc(Oc2ccc(C(F)(F)F)cc2Cl)ccc1[N+](=O)[O-]
CC1(C)CC2:C:C:C:C(N):C:2O1,0.0,CC1(C)Cc2cccc(N)c2O1
NC(=O)CC[C@H](NC1:C:C:C([N+](=O)[O-]):C:C:1)C(=O)O,0.0,NC(=O)CC[C@H](Nc1ccc([N+](=O)[O-])cc1)C(=O)O
CCCCC(C)C(=O)O,0.0,CCCCC(C)C(=O)O
O=C1CCCN1C1CCCCC1,0.0,O=C1CCCN1C1CCCCC1
NC1:C:C:C2:C:C(S(=O)(=O)[O-]):C:C(O):C:2:C:1/N=N/C1:C:C:C:C:C:1C(F)(F)F,0.0,Nc1ccc2cc(S(=O)(=O)[O-])cc(O)c2c1/N=N/c1ccccc1C(F)(F)F
COCC1:C:C:C(COC):C:C:1,0.0,COCc1ccc(COC)cc1
NC1:C:C(C(=O)O):C(O):C(S(=O)(=O)O):C:1,0.0,Nc1cc(C(=O)O)c(O)c(S(=O)(=O)O)c1
C=CCCC(=O)/C=C/C1C(C)=CCCC1(C)C,0.0,C=CCCC(=O)/C=C/C1C(C)=CCCC1(C)C
O=CN1CCCCC1,0.0,O=CN1CCCCC1
C[C@@H]1CC2(OC3C[C@@]4(C)C5=CC[C@H]6C(C)(C)C(O[C@@H]7OC[C@@H](O)[C@H](O)[C@H]7O)CC[C@@]67C[C@@]57CC[C@]4(C)C31)OC(O)C1(C)OC21,0.0,C[C@@H]1CC2(OC3C[C@@]4(C)C5=CC[C@H]6C(C)(C)C(O[C@@H]7OC[C@@H](O)[C@H](O)[C@H]7O)CC[C@@]67C[C@@]57CC[C@]4(C)C31)OC(O)C1(C)OC21
CC(C)(C)C1:C:S:C(C2:C:C3:C:C(OCC4:C:C:C:C:C:4CC(=O)O):C:C:C:3:O:2):N:1,1.0,CC(C)(C)c1csc(-c2cc3cc(OCc4ccccc4CC(=O)O)ccc3o2)n1
CC1:C:C:C2:O:C(CN(CC3:C:C:C:C:C:3)C(=O)NC3:C(F):C:C(F):C:C:3F):C(C3:C:C:C(Cl):C:C:3):C:2:C:1,0.0,Cc1ccc2oc(CN(Cc3ccccc3)C(=O)Nc3c(F)cc(F)cc3F)c(-c3ccc(Cl)cc3)c2c1
O=C1C2:C:C:C:C:C:2C(=O)N1CCC1:N:O:C(C2:C:C:C(CN3CCCCCC3):S:2):N:1,1.0,O=C1c2ccccc2C(=O)N1CCc1noc(-c2ccc(CN3CCCCCC3)s2)n1
COC1:C:C:C(N2:N:C(C(F)F):C:C:2C2:C:C:C(S(C)=O):C:C:2):C:C:1,0.0,COc1ccc(-n2nc(C(F)F)cc2-c2ccc(S(C)=O)cc2)cc1
OCCC1:C:C:C:C:C:1,0.0,OCCc1ccccc1
NC=O,0.0,NC=O
COC(=O)C1:C:C:C:C:C:1C(=O)OC,0.0,COC(=O)c1ccccc1C(=O)OC
NC(CC1:C:C:C(F):C:C:1)C(=O)O,0.0,NC(Cc1ccc(F)cc1)C(=O)O
O=C(Cl)C1:C:C:C:C:C:1F,0.0,O=C(Cl)c1ccccc1F
CCCCCCC1CCC(=O)O1,0.0,CCCCCCC1CCC(=O)O1
O=CNC1:C:C:C:C:C:1,0.0,O=CNc1ccccc1
C[C@]12C=CC(=O)C=C1CC[C@@H]1[C@@H]2CC[C@@]2(C)[C@H]1CC[C@]2(C)O,1.0,C[C@]12C=CC(=O)C=C1CC[C@@H]1[C@@H]2CC[C@@]2(C)[C@H]1CC[C@]2(C)O
CC[N+](C)(CC)CCOC(=O)C1C2:C:C:C:C:C:2OC2:C:C:C:C:C:21,0.0,CC[N+](C)(CC)CCOC(=O)C1c2ccccc2Oc2ccccc21
CC(=O)OC(C)C[N+](C)(C)C,0.0,CC(=O)OC(C)C[N+](C)(C)C
CC(C)=CC1C(C(=O)OCC2:C:C:C:C(OC3:C:C:C:C:C:3):C:2)C1(C)C,0.0,CC(C)=CC1C(C(=O)OCc2cccc(Oc3ccccc3)c2)C1(C)C
CCCC(=O)C1:C:C:C:C:C:1,0.0,CCCC(=O)c1ccccc1
O=P1(N(CCCl)CCCl)NCCCO1,0.0,O=P1(N(CCCl)CCCl)NCCCO1
CCS(=O)(=O)CCSP(=O)(OC)OC,1.0,CCS(=O)(=O)CCSP(=O)(OC)OC
O=C1C=CCCC1,0.0,O=C1C=CCCC1
C1CCCC1,0.0,C1CCCC1
C1:C:C2:C3:C(:C:1):C:C:C1:C:C:C:C(:C:1:3)C2,0.0,c1cc2c3c(c1)ccc1cccc(c13)C2
CC1:C:C:C(S(=O)(=O)NC2CCCCC2):C:C:1,0.0,Cc1ccc(S(=O)(=O)NC2CCCCC2)cc1
N#CC1:C:C:C:C:C:1C#N,0.0,N#Cc1ccccc1C#N
O=C(Cl)OCCOCCOC(=O)Cl,0.0,O=C(Cl)OCCOCCOC(=O)Cl
CC(=O)CCC1:C:C:C(OC(C)=O):C:C:1,0.0,CC(=O)CCc1ccc(OC(C)=O)cc1
O=C1:C(O):C(O):C:1=O,0.0,O=c1c(O)c(O)c1=O
O=C(O)C1:C:C:C:C:N:1,0.0,O=C(O)c1ccccn1
CC1=NC2:C:C:C:C:C:2C1(C)C,0.0,CC1=Nc2ccccc2C1(C)C
COC(=O)C1=C(C)NC(C)=C(C(=O)OC(C)(C)CN(C)CCC(C2:C:C:C:C:C:2)C2:C:C:C:C:C:2)C1C1:C:C:C:C([N+](=O)[O-]):C:1,0.0,COC(=O)C1=C(C)NC(C)=C(C(=O)OC(C)(C)CN(C)CCC(c2ccccc2)c2ccccc2)C1c1cccc([N+](=O)[O-])c1
NC1:C:C:C:C2:C:1CN(C1CCC(=O)NC1=O)C2=O,0.0,Nc1cccc2c1CN(C1CCC(=O)NC1=O)C2=O
COC1:C:C:C:C(CCC2:C:C:C:C:C:2OCC(CN(C)C)OC(=O)CCC(=O)O):C:1,0.0,COc1cccc(CCc2ccccc2OCC(CN(C)C)OC(=O)CCC(=O)O)c1
COC1:N:C(N):N:C2:N:C:[NH]:C:1:2,0.0,COc1nc(N)nc2nc[nH]c12
O=P(O)(O)O,0.0,O=P(O)(O)O
COP(=S)(OC)SCN1C(=O)C2:C:C:C:C:C:2C1=O,0.0,COP(=S)(OC)SCN1C(=O)c2ccccc2C1=O
C=C(C)C(N)=O,0.0,C=C(C)C(N)=O
CC1CCC2:C(N3CCC(O)CC3):C(F):C:C3:C(=O):C(C(=O)O):C:N1:C:2:3,0.0,CC1CCc2c(N3CCC(O)CC3)c(F)cc3c(=O)c(C(=O)O)cn1c23
CC1:N:C2:C:C:C(CN(C)C3:C:C:C(C(=O)N[C@@H](CCC(=O)O)C(=O)O):S:3):C:C:2:C(=O):[NH]:1,0.0,Cc1nc2ccc(CN(C)c3ccc(C(=O)N[C@@H](CCC(=O)O)C(=O)O)s3)cc2c(=O)[nH]1
COC1:C:C:C(C2:C:C:C3:C:C(C(=O)O):C:C:C:3:C:2):C:C:1C12CC3CC(CC(C3)C1)C2,1.0,COc1ccc(-c2ccc3cc(C(=O)O)ccc3c2)cc1C12CC3CC(CC(C3)C1)C2
CC1:O:C(=O):O:C:1CN1CCN(C2:C:C3:C(:C:C:2F):C(=O):C(C(=O)O):C2:N:3C(C)S2)CC1,0.0,Cc1oc(=O)oc1CN1CCN(c2cc3c(cc2F)c(=O)c(C(=O)O)c2n3C(C)S2)CC1
CC(C)(C)C(=O)OCOP(=O)(COCCN1:C:N:C2:C(N):N:C:N:C:2:1)OCOC(=O)C(C)(C)C,1.0,CC(C)(C)C(=O)OCOP(=O)(COCCn1cnc2c(N)ncnc21)OCOC(=O)C(C)(C)C
CN(C)CC/C=C1/C2:C:C:C:C:C:2COC2:C:C:C(CC(=O)O):C:C:21,0.0,CN(C)CC/C=C1/c2ccccc2COc2ccc(CC(=O)O)cc21
C[C@@H](C1:N:C:N:C:C:1F)[C@](O)(CN1:C:N:C:N:1)C1:C:C:C(F):C:C:1F,0.0,C[C@@H](c1ncncc1F)[C@](O)(Cn1cncn1)c1ccc(F)cc1F
C[N+]1(CCC(C(N)=O)(C2:C:C:C:C:C:2)C2:C:C:C:C:C:2)CCCCC1,0.0,C[N+]1(CCC(C(N)=O)(c2ccccc2)c2ccccc2)CCCCC1
OCCOCCN1CCN(C(C2:C:C:C:C:C:2)C2:C:C:C(Cl):C:C:2)CC1,0.0,OCCOCCN1CCN(C(c2ccccc2)c2ccc(Cl)cc2)CC1
CCCCCCCCOC(=O)C1:C:C:C(C(=O)OCCCCCCCC):C(C(=O)OCCCCCCCC):C:1,0.0,CCCCCCCCOC(=O)c1ccc(C(=O)OCCCCCCCC)c(C(=O)OCCCCCCCC)c1
CCCCCCOC(=O)CC(CC(=O)OCCCCCC)(OC(=O)CCC)C(=O)OCCCCCC,0.0,CCCCCCOC(=O)CC(CC(=O)OCCCCCC)(OC(=O)CCC)C(=O)OCCCCCC
CCCOC1:C:C:C(S(=O)(=O)N2CCN(CC)CC2):C:C:1C1:N:C2:C(CC):N(CC3:C:C:C:C:N:3):N:C:2:C(=O):[NH]:1,0.0,CCCOc1ccc(S(=O)(=O)N2CCN(CC)CC2)cc1-c1nc2c(CC)n(Cc3ccccn3)nc2c(=O)[nH]1
COCC1:N:N:C(C2:C:C:C:[N+]([O-]):C:2):N:1C1:C(Cl):C(Cl):C:C2:[NH]:C(=O):C(=O):[NH]:C:1:2,0.0,COCc1nnc(-c2ccc[n+]([O-])c2)n1-c1c(Cl)c(Cl)cc2[nH]c(=O)c(=O)[nH]c12
O=C(N[C@H]1CN2CCC1CC2)C1:C:C2:C:C:O:C:2:C:N:1,0.0,O=C(N[C@H]1CN2CCC1CC2)c1cc2ccoc2cn1
C=CC(=O)OCCCC,0.0,C=CC(=O)OCCCC
C[C@@H](OC1:C:C:C(CNC(=O)C2:C:C:C:N:C:2OC2:C:C:C3:C(:C:2)OCO3):C(F):C:1)C(=O)O,0.0,C[C@@H](Oc1ccc(CNC(=O)c2cccnc2Oc2ccc3c(c2)OCO3)c(F)c1)C(=O)O
O=C(O)CC(C(=O)O)C(CC(=O)O)C(=O)O,0.0,O=C(O)CC(C(=O)O)C(CC(=O)O)C(=O)O
CC(C)(O)C1:C:C:C(CNC(=O)C2:C:C:C:N:C:2OC2:C:C:C3:N:O:N:C:3:C:2):C:C:1,0.0,CC(C)(O)c1ccc(CNC(=O)c2cccnc2Oc2ccc3nonc3c2)cc1
CC(C)C[C@@H]1[C@H](C2:C:C:C:C:C:2)OC(=O)N1CCCN1CCCCCC1,0.0,CC(C)C[C@@H]1[C@H](c2ccccc2)OC(=O)N1CCCN1CCCCCC1
CCCCN(CCN(CCCC)C(=O)N1CCOCC1)C(=O)N1CCOCC1,0.0,CCCCN(CCN(CCCC)C(=O)N1CCOCC1)C(=O)N1CCOCC1
CC1SC2:C(C(=O)O):C(=O):C3:C:C(F):C(N4CCNCC4):C:C:3:N:21,0.0,CC1Sc2c(C(=O)O)c(=O)c3cc(F)c(N4CCNCC4)cc3n21
CC1:C:C:C(C2:C:C:C:C:C:2C#N):C:C:1,0.0,Cc1ccc(-c2ccccc2C#N)cc1
COCCC1:C:C:C:C:N:1,0.0,COCCc1ccccn1
CS(=O)(=O)C1:C:C:C(C2:C:N3:C:C:C:C:C:3:N:2):C:C:1,0.0,CS(=O)(=O)c1ccc(-c2cn3ccccc3n2)cc1
CC1:C:C:C(C=O):C:C:1C,0.0,Cc1ccc(C=O)cc1C
CC(C)NC(=O)C1:C:C:C:C:C:1N,0.0,CC(C)NC(=O)c1ccccc1N
O=C(O)CONC(=O)C1:C:C:C:C:C:1,0.0,O=C(O)CONC(=O)c1ccccc1
CCOC(=O)CCN(SN(C)C(=O)OC1:C:C:C:C2:C:1OC(C)(C)C2)C(C)C,0.0,CCOC(=O)CCN(SN(C)C(=O)Oc1cccc2c1OC(C)(C)C2)C(C)C
O=C(NC1:C:C:C:C:C:1)C1:C:C:C:C:C:1I,1.0,O=C(Nc1ccccc1)c1ccccc1I
CCOC(=O)CN1:C(=O):S:C2:C:C:C:C(Cl):C:2:1,0.0,CCOC(=O)Cn1c(=O)sc2cccc(Cl)c21
CC(C)OC(=O)C(C)N(C(=O)C1:C:C:C:C:C:1)C1:C:C:C(F):C(Cl):C:1,1.0,CC(C)OC(=O)C(C)N(C(=O)c1ccccc1)c1ccc(F)c(Cl)c1
O=S(=O)(OC1:C:C:C(Cl):C:C:1)C1:C:C:C:C:C:1,0.0,O=S(=O)(Oc1ccc(Cl)cc1)c1ccccc1
CC12CCC(C1)C(C)(C)C2O,0.0,CC12CCC(C1)C(C)(C)C2O
CCCCC(CC)C(=O)OC(C)C,0.0,CCCCC(CC)C(=O)OC(C)C
O=C(NC(=O)C1:C(F):C:C:C:C:1F)NC1:C:C:C(OC2:C:C:C(C(F)(F)F):C:C:2Cl):C:C:1F,1.0,O=C(NC(=O)c1c(F)cccc1F)Nc1ccc(Oc2ccc(C(F)(F)F)cc2Cl)cc1F
COC1:C:C(C(=O)NCC2:C:C:C(OCCN(C)C):C:C:2):C:C(OC):C:1OC,0.0,COc1cc(C(=O)NCc2ccc(OCCN(C)C)cc2)cc(OC)c1OC
N=C(N)N1CCC2:C:C:C:C:C:2C1.N=C(N)N1CCC2:C:C:C:C:C:2C1,0.0,N=C(N)N1CCc2ccccc2C1.N=C(N)N1CCc2ccccc2C1
CC(C)NC(=N)NC(=N)NC1:C:C:C(Cl):C:C:1,0.0,CC(C)NC(=N)NC(=N)Nc1ccc(Cl)cc1
CCCCOC1:C:C:C(OCCCN2CCOCC2):C:C:1,1.0,CCCCOc1ccc(OCCCN2CCOCC2)cc1
CN1CCC(OC(C2:C:C:C:C:C:2)C2:C:C:C:C:C:2)CC1,0.0,CN1CCC(OC(c2ccccc2)c2ccccc2)CC1
CN1CCN(C(C2:C:C:C:C:C:2)C2:C:C:C:C:C:2)CC1,0.0,CN1CCN(C(c2ccccc2)c2ccccc2)CC1
CC(O)CN(CCCN(C)C)CCCN(C)C,0.0,CC(O)CN(CCCN(C)C)CCCN(C)C
CN(C)CCCNCCCN(C)C,0.0,CN(C)CCCNCCCN(C)C
FC1:C:C:C(Br):C:C:1,0.0,Fc1ccc(Br)cc1
C1:C:[NH]:C:N:1,0.0,c1c[nH]cn1
O=C([O-])[C@H](O)[C@@H](O)[C@H](O)[C@H](O)CO,0.0,O=C([O-])[C@H](O)[C@@H](O)[C@H](O)[C@H](O)CO
CCC[N+](CCC)(CCC)CCC,0.0,CCC[N+](CCC)(CCC)CCC
O=C(OCCOCCOCCOC(=O)C1:C:C:C:C:C:1)C1:C:C:C:C:C:1,0.0,O=C(OCCOCCOCCOC(=O)c1ccccc1)c1ccccc1
C=C(C)C1CC=C(C)CC1,0.0,C=C(C)C1CC=C(C)CC1
NC(CSCC(=O)O)C(=O)O,0.0,NC(CSCC(=O)O)C(=O)O
C[N+](C)(C)CCOC(N)=O,0.0,C[N+](C)(C)CCOC(N)=O
NC(=O)N1C2:C:C:C:C:C:2C=CC2:C:C:C:C:C:21,0.0,NC(=O)N1c2ccccc2C=Cc2ccccc21
CCOC(=O)N1:C:C:N(C):C:1=S,0.0,CCOC(=O)n1ccn(C)c1=S
CCN(CC)CCOCCOC(=O)C1(C2:C:C:C:C:C:2)CCCC1,0.0,CCN(CC)CCOCCOC(=O)C1(c2ccccc2)CCCC1
CC(=O)CCC(=O)O,0.0,CC(=O)CCC(=O)O
O=C(C1CCCCC1)N1CC(=O)N2CCC3:C:C:C:C:C:3C2C1,0.0,O=C(C1CCCCC1)N1CC(=O)N2CCc3ccccc3C2C1
CCCCCCCC=O,0.0,CCCCCCCC=O
CCCCCCCCCCCCCCCCCC(=O)O,0.0,CCCCCCCCCCCCCCCCCC(=O)O
CCCCCCCCC(=O)O,0.0,CCCCCCCCC(=O)O
O=C(O)CCCCCCCC(=O)O,0.0,O=C(O)CCCCCCCC(=O)O
CCCCCCCC(=O)O,0.0,CCCCCCCC(=O)O
Cl/C(=C\N1:C:N:C:N:1)C1:C:C:C(Cl):C:C:1Cl,0.0,Cl/C(=C\n1cncn1)c1ccc(Cl)cc1Cl
CC(C)C1:C:C:C2:O:C3:N:C(N):C(C(=O)O):C:C:3:C(=O):C:2:C:1,1.0,CC(C)c1ccc2oc3nc(N)c(C(=O)O)cc3c(=O)c2c1
CC(=O)NC1:C:C:C(/C=N/NC(N)=S):C:C:1,0.0,CC(=O)Nc1ccc(/C=N/NC(N)=S)cc1
NC1:C:C:C(C(=O)NCC(=O)O):C:C:1,0.0,Nc1ccc(C(=O)NCC(=O)O)cc1
ClC1:C:C:C2:C(:C:1)C(N1CCNCC1)=NC1:C:C:C:C:C:1O2,0.0,Clc1ccc2c(c1)C(N1CCNCC1)=Nc1ccccc1O2
CCOC(=O)O[C@]1(C(=O)OCCl)CC[C@H]2[C@@H]3CCC4=CC(=O)C=C[C@]4(C)[C@H]3[C@@H](O)C[C@@]21C,1.0,CCOC(=O)O[C@]1(C(=O)OCCl)CC[C@H]2[C@@H]3CCC4=CC(=O)C=C[C@]4(C)[C@H]3[C@@H](O)C[C@@]21C
CCCCOC(=O)[C@@H](C)OC1:C:C:C(OC2:C:C:C(C#N):C:C:2F):C:C:1,0.0,CCCCOC(=O)[C@@H](C)Oc1ccc(Oc2ccc(C#N)cc2F)cc1
CC1:C:C:C:C(C):C:1NC(=O)CN1CCCC1=O,0.0,Cc1cccc(C)c1NC(=O)CN1CCCC1=O
NC1:C:C:C2:C:C:C:C:C:2:C:1,0.0,Nc1ccc2ccccc2c1
CCCCN(CCCC)C(=S)S[Ni]SC(=S)N(CCCC)CCCC,0.0,CCCCN(CCCC)C(=S)[S][Ni][S]C(=S)N(CCCC)CCCC
[Ni+2],0.0,[Ni+2]
NC(=O)C1:C:C:C:N:C:1,0.0,NC(=O)c1cccnc1
NC1:N:N:N:N:1C1:C:C:C:C:C:1,0.0,Nc1nnnn1-c1ccccc1
CCOC1:C:C:C(NS(=O)(=O)C2:C:C:C(N):C:C:2):N:N:1,0.0,CCOc1ccc(NS(=O)(=O)c2ccc(N)cc2)nn1
CN1CCCN=C1COC(=O)C(O)(C1:C:C:C:C:C:1)C1CCCCC1,0.0,CN1CCCN=C1COC(=O)C(O)(c1ccccc1)C1CCCCC1
CC(C)(C)C(=O)OCOC(=O)[C@@H]1N2C(=O)[C@@H](NC(=O)[C@H](N)C3:C:C:C:C:C:3)[C@H]2SC1(C)C,0.0,CC(C)(C)C(=O)OCOC(=O)[C@@H]1N2C(=O)[C@@H](NC(=O)[C@H](N)c3ccccc3)[C@H]2SC1(C)C
CCN1:C:C(C(=O)O):C(=O):C2:C:C(F):C(N3CCNCC3):N:C:2:1,0.0,CCn1cc(C(=O)O)c(=O)c2cc(F)c(N3CCNCC3)nc21
CC(=O)OC1:C:C:C:C(O):C:1,0.0,CC(=O)Oc1cccc(O)c1
CC1:C(NC(C)C):C(=O):N(C2:C:C:C:C:C:2):N:1C,0.0,Cc1c(NC(C)C)c(=O)n(-c2ccccc2)n1C
C#CCN(C)CC1:C:C:C:C:C:1,0.0,C#CCN(C)Cc1ccccc1
CN1C(=O)CC(C2:C:C:C:C:C:2)C1=O,0.0,CN1C(=O)CC(c2ccccc2)C1=O
CCCCCC,0.0,CCCCCC
CCCCCC(C)=O,0.0,CCCCCC(C)=O
CCOC(=O)CCCCCCCCC(=O)OCC,0.0,CCOC(=O)CCCCCCCCC(=O)OCC
CC(=O)CCC(C)C,0.0,CC(=O)CCC(C)C
CC1(C)COP(OC2:C:C:C:C:C:2)OC1,0.0,CC1(C)COP(Oc2ccccc2)OC1
O=C([O-])CN(CCN(CC(=O)[O-])CC(=O)[O-])CC(=O)[O-].[Fe+3],1.0,O=C([O-])CN(CCN(CC(=O)[O-])CC(=O)[O-])CC(=O)[O-].[Fe+3]
C=CC(=O)NC(C)(C)CS(=O)(=O)O,0.0,C=CC(=O)NC(C)(C)CS(=O)(=O)O
C=CC(=O)OCC(CC)(COC(=O)C=C)COC(=O)C=C,1.0,C=CC(=O)OCC(CC)(COC(=O)C=C)COC(=O)C=C
CC(CN)CCCN,0.0,CC(CN)CCCN
CN(C)[C@@H]1C(O)=C(C(N)=O)C(=O)[C@@]2(O)C(O)=C3C(=O)C4:C(O):C:C:C:C:4[C@@](C)(O)[C@H]3C[C@@H]12,0.0,CN(C)[C@@H]1C(O)=C(C(N)=O)C(=O)[C@@]2(O)C(O)=C3C(=O)c4c(O)cccc4[C@@](C)(O)[C@H]3C[C@@H]12
OCCOC1:C:C:C:C(OCCO):C:1,0.0,OCCOc1cccc(OCCO)c1
O=C1C2:C:C:C:C:C:2C(=O)C1C1:N:C2:C:C:C:C:C:2:C(Br):C:1O,1.0,O=C1c2ccccc2C(=O)C1c1nc2ccccc2c(Br)c1O
CC(=O)OCCC1:C:C:C:C:C:1,0.0,CC(=O)OCCc1ccccc1
CNCCCC12CCC(C3:C:C:C:C:C:31)C1:C:C:C:C:C:12,0.0,CNCCCC12CCC(c3ccccc31)c1ccccc12
CC(C)N1C(=O)C2:C:C:C:C:C:2C1=O,0.0,CC(C)N1C(=O)c2ccccc2C1=O
CCCCN(CCCCO)N=O,0.0,CCCCN(CCCCO)N=O
CC(C)(C)C1:C:C(CO):C:C(C(C)(C)C):C:1O,1.0,CC(C)(C)c1cc(CO)cc(C(C)(C)C)c1O
CC1:C:C:C(O):C(C(C)(C)C):C:1,0.0,Cc1ccc(O)c(C(C)(C)C)c1
COC1:C:C:C(O):C(C(C)(C)C):C:1,0.0,COc1ccc(O)c(C(C)(C)C)c1
CC1:C:C(C(C)(C)C):C(O):C(C(C)(C)C):C:1,0.0,Cc1cc(C(C)(C)C)c(O)c(C(C)(C)C)c1
COC(=O)C1CC(=O)C(C(=O)OC)CC1=O,0.0,COC(=O)C1CC(=O)C(C(=O)OC)CC1=O
CC(Cl)COP(=O)(OCC(C)Cl)OCC(C)Cl,0.0,CC(Cl)COP(=O)(OCC(C)Cl)OCC(C)Cl
O=C(O)CC1:C:C:C(Cl):C:C:1Cl,0.0,O=C(O)Cc1ccc(Cl)cc1Cl
OCC1:C:C:C(Cl):C:C:1Cl,0.0,OCc1ccc(Cl)cc1Cl
NC1:C(Cl):C:C(Cl):C:C:1[N+](=O)[O-],1.0,Nc1c(Cl)cc(Cl)cc1[N+](=O)[O-]
COC1:C:C:C([N+](=O)[O-]):C:C:1[N+](=O)[O-],0.0,COc1ccc([N+](=O)[O-])cc1[N+](=O)[O-]
C[N+](C)(C)CC1CO1,0.0,C[N+](C)(C)CC1CO1
CCC1(C)NC(=O)NC1=O,0.0,CCC1(C)NC(=O)NC1=O
CCCCCCCCN1C=CN(C)C1,0.0,CCCCCCCCN1C=CN(C)C1
CCC[N+]1(C)CCCCC1.O=S(=O)([N-]S(=O)(=O)C(F)(F)F)C(F)(F)F,0.0,CCC[N+]1(C)CCCCC1.O=S(=O)([N-]S(=O)(=O)C(F)(F)F)C(F)(F)F
CCOC(=O)C(Cl)C(C)=O,0.0,CCOC(=O)C(Cl)C(C)=O
O=C1:[NH]:C2:C:C:C:C:C:2:O:1,0.0,O=c1[nH]c2ccccc2o1
CCCC[N+]1:C:C:C:C(C):C:1.F[B-](F)(F)F,0.0,CCCC[n+]1cccc(C)c1.F[B-](F)(F)F
COC(=O)C(C)=O,0.0,COC(=O)C(C)=O
CCOC(=O)C1:C:C:C(N):C:C:1,0.0,CCOC(=O)c1ccc(N)cc1
CC(=O)OCC(COC(C)=O)OC(C)=O,0.0,CC(=O)OCC(COC(C)=O)OC(C)=O
CCCCC(CC)COC(C)=O,0.0,CCCCC(CC)COC(C)=O
CCCCC(CC)COC(=O)CCCCCCCC(=O)OCC(CC)CCCC,0.0,CCCCC(CC)COC(=O)CCCCCCCC(=O)OCC(CC)CCCC
C1CN(SSN2CCOCC2)CCO1,0.0,C1CN(SSN2CCOCC2)CCO1
CC(COC1:C:C:C:C:C:1)NC(C)C(O)C1:C:C:C(O):C:C:1,0.0,CC(COc1ccccc1)NC(C)C(O)c1ccc(O)cc1
O=CC1:C:C:C2:C(:C:1)OCO2,0.0,O=Cc1ccc2c(c1)OCO2
CC(=O)OCC1:C:C:C2:C(:C:1)OCO2,0.0,CC(=O)OCc1ccc2c(c1)OCO2
CC1CCC2CC1C2(C)C,0.0,CC1CCC2CC1C2(C)C
CC1:C:C:C(O):C([N+](=O)[O-]):C:1,0.0,Cc1ccc(O)c([N+](=O)[O-])c1
O=C(OCCOCCOC(=O)C1:C:C:C:C:C:1)C1:C:C:C:C:C:1,0.0,O=C(OCCOCCOC(=O)c1ccccc1)c1ccccc1
CC(CNC1CCCCC1)OC(=O)C1:C:C:C:C:C:1,0.0,CC(CNC1CCCCC1)OC(=O)c1ccccc1
O=C(NC(=O)C1:C(F):C:C:C:C:1F)NC1:C:C(Cl):C(F):C(Cl):C:1F,0.0,O=C(NC(=O)c1c(F)cccc1F)Nc1cc(Cl)c(F)c(Cl)c1F
CC(=O)CC(=O)NC1:C:C:C:C:C:1C,0.0,CC(=O)CC(=O)Nc1ccccc1C
N[C@@H](COP(=O)(O)O)C(=O)O,0.0,N[C@@H](COP(=O)(O)O)C(=O)O
C[C@H](N)[C@H](O)C1:C:C:C(O):C(O):C:1,0.0,C[C@H](N)[C@H](O)c1ccc(O)c(O)c1
COCC(=O)O,0.0,COCC(=O)O
CN/C(=N\C#N)NCCSCC1:C:S:C(N=C(N)N):N:1,0.0,CN/C(=N\C#N)NCCSCc1csc(N=C(N)N)n1
O=C(O)C1:C:C2:C:C:C:C:C:2:C:C:1O,0.0,O=C(O)c1cc2ccccc2cc1O
NC(=O)CC[C@@H](N)C(=O)O,0.0,NC(=O)CC[C@@H](N)C(=O)O
CC(C)C[C@@H](N)C(=O)O,0.0,CC(C)C[C@@H](N)C(=O)O
O=C(N=NC(=O)OCC1:C:C:C:C:C:1)OCC1:C:C:C:C:C:1,0.0,O=C(N=NC(=O)OCc1ccccc1)OCc1ccccc1
O=C1OC(=O)C2:C:C(C3:C:C:C4:C(:C:3)C(=O)OC4=O):C:C:C:21,0.0,O=C1OC(=O)c2cc(-c3ccc4c(c3)C(=O)OC4=O)ccc21
COC(=O)NCCC[Si](OC)(OC)OC,1.0,COC(=O)NCCC[Si](OC)(OC)OC
CCCOCCOCCOCCO,0.0,CCCOCCOCCOCCO
CCCCS(=O)(=O)Cl,0.0,CCCCS(=O)(=O)Cl
C=C(C)C(=O)OCCOCCOC(=O)C(=C)C,0.0,C=C(C)C(=O)OCCOCCOC(=O)C(=C)C
CCCCC(CC)C(=O)[O-].CCCCC(CC)C(=O)[O-].[Ba+2],0.0,CCCCC(CC)C(=O)[O-].CCCCC(CC)C(=O)[O-].[Ba+2]
NC(N)=S,0.0,NC(N)=S
CCC(C)(O)CCCC(C)C,0.0,CCC(C)(O)CCCC(C)C
C1:C:C:C(C2:C:C:C:C(C3:C:C:C:C:C:3):C:2):C:C:1,1.0,c1ccc(-c2cccc(-c3ccccc3)c2)cc1
CC1:C:C(Cl):C:C:C:1OCCCC(=O)O,0.0,Cc1cc(Cl)ccc1OCCCC(=O)O
CC1:C:C(Cl):C:C:C:1OC(C)C(=O)O,0.0,Cc1cc(Cl)ccc1OC(C)C(=O)O
CC1:C:C(Cl):C:C:C:1OCC(=O)O,0.0,Cc1cc(Cl)ccc1OCC(=O)O
O=C=NC1:C:C:C(CC2:C:C:C(N=C=O):C:C:2):C:C:1,0.0,O=C=Nc1ccc(Cc2ccc(N=C=O)cc2)cc1
CCC1(C2:C:C:C:C:C:2)C(=O)NC(=O)NC1=O,0.0,CCC1(c2ccccc2)C(=O)NC(=O)NC1=O
CCC1(C2:C:C:C:C:C:2)C(=O)N=C([O-])NC1=O,0.0,CCC1(c2ccccc2)C(=O)N=C([O-])NC1=O
C1:C:C:C2:C(:C:1)NC1:C:C:C:C:C:1S2,0.0,c1ccc2c(c1)Nc1ccccc1S2
OC1:C:C:C:C:C:1,0.0,Oc1ccccc1
O=C1OC(C2:C:C:C(O):C:C:2)(C2:C:C:C(O):C:C:2)C2:C:C:C:C:C:21,1.0,O=C1OC(c2ccc(O)cc2)(c2ccc(O)cc2)c2ccccc21
COC1:C:C:C(CCC(=O)C2:C(O):C:C(O[C@@H]3O[C@H](CO)[C@@H](O)[C@H](O)[C@H]3O[C@@H]3O[C@@H](C)[C@H](O)[C@@H](O)[C@H]3O):C:C:2O):C:C:1O,0.0,COc1ccc(CCC(=O)c2c(O)cc(O[C@@H]3O[C@H](CO)[C@@H](O)[C@H](O)[C@H]3O[C@@H]3O[C@@H](C)[C@H](O)[C@@H](O)[C@H]3O)cc2O)cc1O
CN(C)N=NC1:C:C:C:C:C:1,0.0,CN(C)N=Nc1ccccc1
S=C=NC1:C:C:C:C:C:1,1.0,S=C=Nc1ccccc1
CC(=O)OC(C)OC(C)=O,0.0,CC(=O)OC(C)OC(C)=O
C/C=C1\C(=O)C[C@H]2[C@@H]3CCC4=CC(=O)CC[C@]4(C)[C@H]3CC[C@]12C,1.0,C/C=C1\C(=O)C[C@H]2[C@@H]3CCC4=CC(=O)CC[C@]4(C)[C@H]3CC[C@]12C
C/C=C1/C(=O)C[C@H]2[C@@H]3CCC4=CC(=O)CC[C@]4(C)[C@H]3CC[C@]12C,1.0,C/C=C1/C(=O)C[C@H]2[C@@H]3CCC4=CC(=O)CC[C@]4(C)[C@H]3CC[C@]12C
CC(C)CC1:C:C:C:C:C:1,0.0,CC(C)Cc1ccccc1
CCOC(=O)Cl,0.0,CCOC(=O)Cl
C[Si]1(C)O[Si](C)(C)O[Si](C)(C)O[Si](C)(C)O[Si](C)(C)O1,0.0,C[Si]1(C)O[Si](C)(C)O[Si](C)(C)O[Si](C)(C)O[Si](C)(C)O1
C[Si]1(C)O[Si](C)(C)O[Si](C)(C)O1,0.0,C[Si]1(C)O[Si](C)(C)O[Si](C)(C)O1
C1:C:C:C2:C:C3:C:C:C:C:C:3:C:C:2:C:1,0.0,c1ccc2cc3ccccc3cc2c1
CCOC(=O)[C@H](CCC1:C:C:C:C:C:1)N[C@@H](C)C(=O)N1CC2:C:C(OC):C(OC):C:C:2C[C@H]1C(=O)O,0.0,CCOC(=O)[C@H](CCc1ccccc1)N[C@@H](C)C(=O)N1Cc2cc(OC)c(OC)cc2C[C@H]1C(=O)O
O=C(O)COCCN1CCN(C(C2:C:C:C:C:C:2)C2:C:C:C(Cl):C:C:2)CC1,1.0,O=C(O)COCCN1CCN(C(c2ccccc2)c2ccc(Cl)cc2)CC1
NC1:C:C:N:C:C:1,0.0,Nc1ccncc1
CC1:C:C:C(/N=C/N(C)/C=N/C2:C:C:C(C):C:C:2C):C(C):C:1,0.0,Cc1ccc(/N=C/N(C)/C=N/c2ccc(C)cc2C)c(C)c1
NS(=O)(=O)[O-],0.0,NS(=O)(=O)[O-]
COCCl,0.0,COCCl
O=C(CCCN1CCC(O)(C2:C:C:C(Br):C:C:2)CC1)C1:C:C:C(F):C:C:1,0.0,O=C(CCCN1CCC(O)(c2ccc(Br)cc2)CC1)c1ccc(F)cc1
CCCCNC1:C:C(C(=O)O):C:C(S(N)(=O)=O):C:1OC1:C:C:C:C:C:1,0.0,CCCCNc1cc(C(=O)O)cc(S(N)(=O)=O)c1Oc1ccccc1
CC(C)(C)C1:C:C:C(C2:C:C:C(C(C)(C)C):C:C:2):C:C:1,0.0,CC(C)(C)c1ccc(-c2ccc(C(C)(C)C)cc2)cc1
CCCCCCC(=O)C1:C:C:C:C:C:1,0.0,CCCCCCC(=O)c1ccccc1
CCC(C)(C)C1CCC(OC)CC1,0.0,CCC(C)(C)C1CCC(OC)CC1
CC1:C:C:C(S):C:C:1,0.0,Cc1ccc(S)cc1
O=C(O)CC1:C:C(I):C(OC2:C:C(I):C(O):C(I):C:2):C(I):C:1,1.0,O=C(O)Cc1cc(I)c(Oc2cc(I)c(O)c(I)c2)c(I)c1
CCCCC1:C:C:C(Cl):C:C:1,0.0,CCCCc1ccc(Cl)cc1
C[C@H](CS)C(=O)N1CCC[C@H]1C(=O)O,0.0,C[C@H](CS)C(=O)N1CCC[C@H]1C(=O)O
ClC(Cl)(Cl)C1:C:C:C(C(Cl)(Cl)Cl):C:C:1,0.0,ClC(Cl)(Cl)c1ccc(C(Cl)(Cl)Cl)cc1
O=C(O)C1:C:C:C:C:C:1O,0.0,O=C(O)c1ccccc1O
CCOP(=S)(OCC)SCCl,0.0,CCOP(=S)(OCC)SCCl
CCNS(=O)(=O)C1:C:C:C(C):C:C:1,0.0,CCNS(=O)(=O)c1ccc(C)cc1
CCN1CCOCC1,0.0,CCN1CCOCC1
CCN(CC1:C:C:C:C:C:1)C1:C:C:C:C:C:1,0.0,CCN(Cc1ccccc1)c1ccccc1
C[C@]12C[C@H](O)[C@H]3[C@@H](CCC4=CC(=O)CC[C@@]43C)[C@@H]1CC[C@@H]2C(=O)CO,1.0,C[C@]12C[C@H](O)[C@H]3[C@@H](CCC4=CC(=O)CC[C@@]43C)[C@@H]1CC[C@@H]2C(=O)CO
CCC1:C:C:C:C:C:1O,0.0,CCc1ccccc1O
C=CC(=O)CC,0.0,C=CC(=O)CC
CC1:C:C:C:C:C:1OCC(O)CO,0.0,Cc1ccccc1OCC(O)CO
COC1:C:C:C:C:C:1OCC1CNC(=O)O1,0.0,COc1ccccc1OCC1CNC(=O)O1
C[N+]1(C)CCCC(OC(=O)C(O)(C2:C:C:C:C:C:2)C2:C:C:C:C:C:2)C1,0.0,C[N+]1(C)CCCC(OC(=O)C(O)(c2ccccc2)c2ccccc2)C1
CC(C)[C@H](C(=O)O[C@H](C#N)C1:C:C:C:C(OC2:C:C:C:C:C:2):C:1)C1:C:C:C(Cl):C:C:1,0.0,CC(C)[C@H](C(=O)O[C@H](C#N)c1cccc(Oc2ccccc2)c1)c1ccc(Cl)cc1
CC(CC(C#N)(C1:C:C:C:C:C:1)C1:C:C:C:C:C:1)N(C)C,0.0,CC(CC(C#N)(c1ccccc1)c1ccccc1)N(C)C
N=C(N)NCCC[C@H](N)C(=O)O,0.0,N=C(N)NCCC[C@H](N)C(=O)O
CC[Ge](Cl)(CC)CC,0.0,C[CH2][Ge]([Cl])([CH2]C)[CH2]C
CCN1C=CN(C)C1C,0.0,CCN1C=CN(C)C1C
CCCC[N+]1(C)CCCCC1.O=S(=O)([O-])C(F)(F)F,0.0,CCCC[N+]1(C)CCCCC1.O=S(=O)([O-])C(F)(F)F
O=CC1:C:C:C:C([N+](=O)[O-]):C:1,0.0,O=Cc1cccc([N+](=O)[O-])c1
C[C@@H](CSC(=O)C1:C:C:C:C:C:1)C(=O)N1C[C@@H](SC2:C:C:C:C:C:2)C[C@H]1C(=O)O,0.0,C[C@@H](CSC(=O)c1ccccc1)C(=O)N1C[C@@H](Sc2ccccc2)C[C@H]1C(=O)O
CCC[N+]1(C)CCCC1.O=S(=O)([O-])C(F)(F)F,0.0,CCC[N+]1(C)CCCC1.O=S(=O)([O-])C(F)(F)F
C=C1/C(=C\C=C2/CCC[C@@]3(C)[C@H]2CC[C@@H]3[C@H](C)/C=C/[C@@H](O)C2CC2)C[C@@H](O)C[C@@H]1O,1.0,C=C1/C(=C\C=C2/CCC[C@]3(C)[C@@H]([C@H](C)/C=C/[C@@H](O)C4CC4)CC[C@@H]23)C[C@@H](O)C[C@@H]1O
COP(=O)(OC)OC(Br)C(Cl)(Cl)Br,1.0,COP(=O)(OC)OC(Br)C(Cl)(Cl)Br
CC1:C:C:C:C(O):C:1,0.0,Cc1cccc(O)c1
CSC1:N:N:C(C(C)(C)C):C(=O):N:1N,0.0,CSc1nnc(C(C)(C)C)c(=O)n1N
CCSC(=O)N1CCCCCC1,0.0,CCSC(=O)N1CCCCCC1
CCO,0.0,CCO
CC(C)=CCC/C(C)=C/COC=O,0.0,CC(C)=CCC/C(C)=C/COC=O
N#C[C@@H]1CC(F)(F)CN1C(=O)CNC1CC2CCC(C1)N2C1:N:C:C:C:N:1,0.0,N#C[C@@H]1CC(F)(F)CN1C(=O)CNC1CC2CCC(C1)N2c1ncccn1
CC(C)(CO)C(O)C(=O)NCCCO,0.0,CC(C)(CO)C(O)C(=O)NCCCO
CCOP(=O)(Cl)Cl,0.0,CCOP(=O)(Cl)Cl
CCCC[Sn](Cl)(CCCC)CCCC,1.0,CCC[CH2][Sn]([Cl])([CH2]CCC)[CH2]CCC
COC(=O)C1:C:C:C:C(C(=O)OC):C:1,0.0,COC(=O)c1cccc(C(=O)OC)c1
COC(C)(OC)OC,0.0,COC(C)(OC)OC
CCOCC(=O)O,0.0,CCOCC(=O)O
CC(=O)C1(C)CC2=C(CCCC2(C)C)CC1C,0.0,CC(=O)C1(C)CC2=C(CCCC2(C)C)CC1C
CC1:C:C(CCCOC2:C(C):C:C(C3:N:O:C(C(F)(F)F):N:3):C:C:2C):O:N:1,0.0,Cc1cc(CCCOc2c(C)cc(-c3noc(C(F)(F)F)n3)cc2C)on1
CC(C(=O)C1:C:C:C:C:C:1)N(C)C,0.0,CC(C(=O)c1ccccc1)N(C)C
CCCC(=O)OCC1:C:C:C:C:C:1,0.0,CCCC(=O)OCc1ccccc1
CCCCCCCCCCCCCCCC(=O)OCC,0.0,CCCCCCCCCCCCCCCC(=O)OCC
CC1CCCCN1CCCOC(=O)C1:C:C:C(OC2CCCCC2):C:C:1,0.0,CC1CCCCN1CCCOC(=O)c1ccc(OC2CCCCC2)cc1
CC1:O:C(C2:C:C:C:C:C:2):N:C:1CCC(=O)C1:C:C:C(CC2SC(=O)NC2=O):C:C:1,1.0,Cc1oc(-c2ccccc2)nc1CCC(=O)c1ccc(CC2SC(=O)NC2=O)cc1
CC1:C:C:C:C:C:1C(=O)NC1:C:C:C(C(=O)N2CCCC(N(C)C)C3:C:C:C:C:C:32):C:C:1,0.0,Cc1ccccc1C(=O)Nc1ccc(C(=O)N2CCCC(N(C)C)c3ccccc32)cc1
O=S1(=O)C2:C:C:C:C3:C:C:C:C(:C:2:3)N1CCCN1CCN(C2:C:C:C(F):C:C:2)CC1,1.0,O=S1(=O)c2cccc3cccc(c23)N1CCCN1CCN(c2ccc(F)cc2)CC1
CC(C)(OC1:C:C:C(Cl):C:C:1)C(=O)OCCCOC(=O)C(C)(C)OC1:C:C:C(Cl):C:C:1,0.0,CC(C)(Oc1ccc(Cl)cc1)C(=O)OCCCOC(=O)C(C)(C)Oc1ccc(Cl)cc1
CC(C)C(=O)OCC1:C:C:C:C(OC(=O)[C@@H]2N3C(=O)[C@@H](NC(=O)CC4:C:C:C:C:C:4)[C@H]3SC2(C)C):C:1,0.0,CC(C)C(=O)OCc1cccc(OC(=O)[C@@H]2N3C(=O)[C@@H](NC(=O)Cc4ccccc4)[C@H]3SC2(C)C)c1
C1:C:C:C([C@H]2CN3CCSC3=N2):C:C:1,0.0,c1ccc([C@H]2CN3CCSC3=N2)cc1
CCCCCCOC(=O)C(C)C,0.0,CCCCCCOC(=O)C(C)C
COC(C)(C)CC(C)=O,0.0,COC(C)(C)CC(C)=O
CC(C)CCCCCCOC(=O)C1:C:C:C(C(=O)OCCCCCCC(C)C):C(C(=O)OCCCCCCC(C)C):C:1,0.0,CC(C)CCCCCCOC(=O)c1ccc(C(=O)OCCCCCCC(C)C)c(C(=O)OCCCCCCC(C)C)c1
COC1:C:C:C:C:C:1/C=C/C=O,0.0,COc1ccccc1/C=C/C=O
CC1(C)CC(OC(=O)CCCCCCCCC(=O)OC2CC(C)(C)NC(C)(C)C2)CC(C)(C)N1,0.0,CC1(C)CC(OC(=O)CCCCCCCCC(=O)OC2CC(C)(C)NC(C)(C)C2)CC(C)(C)N1
CC1=NN(C2:C:C(S(=O)(=O)[O-]):C:C:C:2Cl)C(=O)C1/N=N/C1:C:C:C:C:C:1,0.0,CC1=NN(c2cc(S(=O)(=O)[O-])ccc2Cl)C(=O)C1/N=N/c1ccccc1
CC1:C:C:C(C):C(S(=O)(=O)O):C:1,0.0,Cc1ccc(C)c(S(=O)(=O)O)c1
O=CC1:C:C:C:C:C:1S(=O)(=O)[O-],0.0,O=Cc1ccccc1S(=O)(=O)[O-]
NCCCC(O)(P(=O)([O-])O)P(=O)(O)O,0.0,NCCCC(O)(P(=O)([O-])O)P(=O)(O)O
CN(C)CCOC1:C:C:C:C:C:1CC1:C:C:C:C:C:1.O=C(O)CC(O)(CC(=O)O)C(=O)O,0.0,CN(C)CCOc1ccccc1Cc1ccccc1.O=C(O)CC(O)(CC(=O)O)C(=O)O
CC(=O)[C@]1(O)CC2:C(O):C3:C(:C(O):C:2[C@@H](O[C@H]2C[C@H](N)[C@H](O)[C@H](C)O2)C1)C(=O)C1:C:C:C:C:C:1C3=O,1.0,CC(=O)[C@]1(O)Cc2c(O)c3c(c(O)c2[C@@H](O[C@H]2C[C@H](N)[C@H](O)[C@H](C)O2)C1)C(=O)c1ccccc1C3=O
C1:C:C:C2:C(:C:1)CCNC2,0.0,c1ccc2c(c1)CCNC2
C1:C:C:C2:C(:C:1)CCCC2,0.0,c1ccc2c(c1)CCCC2
CC1:C:C(C):C(C):C(C):C:1,0.0,Cc1cc(C)c(C)c(C)c1
COC(C)COC(C)COC(C)CO,0.0,COC(C)COC(C)COC(C)CO
COC(=O)CCCC(=O)OC,0.0,COC(=O)CCCC(=O)OC
CCCCC(CC)COC(=O)C1:C:C:C(N(C)C):C:C:1,0.0,CCCCC(CC)COC(=O)c1ccc(N(C)C)cc1
CCCCCC1C(=O)CCC1CC(=O)OC,0.0,CCCCCC1C(=O)CCC1CC(=O)OC
C=CCOC1:C(Br):C:C(C(C)(C)C2:C:C(Br):C(OCC=C):C(Br):C:2):C:C:1Br,1.0,C=CCOc1c(Br)cc(C(C)(C)c2cc(Br)c(OCC=C)c(Br)c2)cc1Br
NCCOCCN,0.0,NCCOCCN
CCCCOC(=O)C(=O)OCCCC,0.0,CCCCOC(=O)C(=O)OCCCC
OCCN(CCO)CCN(CCO)CCO,0.0,OCCN(CCO)CCN(CCO)CCO
CCC1COC(CN2:C:N:C:N:2)(C2:C:C:C(Cl):C:C:2Cl)O1,0.0,CCC1COC(Cn2cncn2)(c2ccc(Cl)cc2Cl)O1
CCCCCCC=O,0.0,CCCCCCC=O
CCN1CCN(C2:C:C3:C(:C:C:2F):C(=O):C(C(=O)O):C:N:3C2CC2)CC1,0.0,CCN1CCN(c2cc3c(cc2F)c(=O)c(C(=O)O)cn3C2CC2)CC1
CCCCN1C[C@H](O)[C@@H](O)[C@H](O)[C@H]1CO,0.0,CCCCN1C[C@H](O)[C@@H](O)[C@H](O)[C@H]1CO
FC1:C:C:C(C(C2:C:C:C(F):C:C:2)N2CCN(C/C=C/C3:C:C:C:C:C:3)CC2):C:C:1,0.0,Fc1ccc(C(c2ccc(F)cc2)N2CCN(C/C=C/c3ccccc3)CC2)cc1
CC(C)[C@@H]1CC[C@@H](C)CC1=O,0.0,CC(C)[C@@H]1CC[C@@H](C)CC1=O
COC1:C:C:C2:C(:C:1OC)C(=O)O[C@H]2[C@@H]1C2:C:C3:C(:C:C:2CCN1C)OCO3,0.0,COc1ccc2c(c1OC)C(=O)O[C@H]2[C@@H]1c2cc3c(cc2CCN1C)OCO3
CCOC1:N:C(F):C:C2:N:C(S(=O)(=O)NC3:C(Cl):C:C:C:C:3Cl):N:N:1:2,0.0,CCOc1nc(F)cc2nc(S(=O)(=O)Nc3c(Cl)cccc3Cl)nn12
CO[C@H]1C=CO[C@@]2(C)OC3:C(C):C(O):C4:C(O):C(:C:C([O-]):C:4:C:3C2=O)NC(=O)C(C)=CC=C[C@H](C)[C@H](O)[C@@H](C)[C@@H](O)[C@@H](C)[C@H](OC(C)=O)[C@@H]1C,1.0,CO[C@H]1C=CO[C@@]2(C)Oc3c(C)c(O)c4c(O)c(cc([O-])c4c3C2=O)NC(=O)C(C)=CC=C[C@H](C)[C@H](O)[C@@H](C)[C@@H](O)[C@@H](C)[C@H](OC(C)=O)[C@@H]1C
CC1:N:C:S:C:1CCO,0.0,Cc1ncsc1CCO
C1:C:C:C(SC2:C:C:C:C:C:2):C:C:1,0.0,c1ccc(Sc2ccccc2)cc1
CCCCCCCCCCCC(=O)O,0.0,CCCCCCCCCCCC(=O)O
C[C@H]1C(=O)O[C@@H]2CCN3CC=C(COC(=O)[C@](C)(O)[C@]1(C)O)[C@H]23,0.0,C[C@H]1C(=O)O[C@@H]2CCN3CC=C(COC(=O)[C@](C)(O)[C@]1(C)O)[C@H]23
CN(C)CCN1C(=O)C2:C:C:C:C:C:2N(C)C2:C:C:C:C:C:21,0.0,CN(C)CCN1C(=O)c2ccccc2N(C)c2ccccc21
O=C(Cl)C1:C:C:C(C(=O)Cl):C:C:1,0.0,O=C(Cl)c1ccc(C(=O)Cl)cc1
COC1:C(N2C[C@@H]3CCCN[C@@H]3C2):C(F):C:C2:C(=O):C(C(=O)O):C:N(C3CC3):C:1:2,0.0,COc1c(N2C[C@@H]3CCCN[C@@H]3C2)c(F)cc2c(=O)c(C(=O)O)cn(C3CC3)c12
CC(C)CC(N(C)C)C1(C2:C:C:C(Cl):C:C:2)CCC1,0.0,CC(C)CC(N(C)C)C1(c2ccc(Cl)cc2)CCC1
CC1(C)CC(N)CC(C)(C)N1,0.0,CC1(C)CC(N)CC(C)(C)N1
CCC(C)SSC(C)CC,0.0,CCC(C)SSC(C)CC
CC1:C:C:C:C(OCCOC2:C:C:C:C(C):C:2):C:1,0.0,Cc1cccc(OCCOc2cccc(C)c2)c1
CC(C)C1:C:C:C2:S:C3:C:C:C:C:C:3:C(=O):C:2:C:1,1.0,CC(C)c1ccc2sc3ccccc3c(=O)c2c1
O=C(CCN1CC1)OCC(CO)(COC(=O)CCN1CC1)COC(=O)CCN1CC1,0.0,O=C(CCN1CC1)OCC(CO)(COC(=O)CCN1CC1)COC(=O)CCN1CC1
C#CC(O)C(CC)CCCC,0.0,C#CC(O)C(CC)CCCC
CCCCCCCCCCCCCC=O,0.0,CCCCCCCCCCCCCC=O
O=CC(Br)(Br)Br,1.0,O=CC(Br)(Br)Br
CCCCCCCCCCCCCC(=O)O,0.0,CCCCCCCCCCCCCC(=O)O
ClC1=C(Cl)C1(Cl)Cl,0.0,ClC1=C(Cl)C1(Cl)Cl
O=C(O)C(Br)(Br)Br,1.0,O=C(O)C(Br)(Br)Br
COC1:C:C:C(C2:C:O:C3:C:C(O):C:C:C:3:C:2=O):C:C:1,1.0,COc1ccc(-c2coc3cc(O)ccc3c2=O)cc1
CCCCCCCO,0.0,CCCCCCCO
N#CCCCCC#N,0.0,N#CCCCCC#N
CCCCCCO,0.0,CCCCCCO
CCCCCCN,0.0,CCCCCCN
OCCNCCO,0.0,OCCNCCO
C=C(C)CNCC,0.0,C=C(C)CNCC
CCCCC(CC)C(=O)OCCOCCOCCOCCOC(=O)C(CC)CCCC,0.0,CCCCC(CC)C(=O)OCCOCCOCCOCCOC(=O)C(CC)CCCC
O=C1C2:C:C:C:C:C:2C(=O)N1SC1CCCCC1,0.0,O=C1c2ccccc2C(=O)N1SC1CCCCC1
CC[Si](OC(C)=O)(OC(C)=O)OC(C)=O,0.0,CC[Si](OC(C)=O)(OC(C)=O)OC(C)=O
O=C1C2:C:C:C:C:C:2C(=O)N1CCl,0.0,O=C1c2ccccc2C(=O)N1CCl
O=C1NC2:C:C:C:C:C:2C1(C1:C:C:C(O):C:C:1)C1:C:C:C(O):C:C:1,0.0,O=C1Nc2ccccc2C1(c1ccc(O)cc1)c1ccc(O)cc1
CCOC1:C:C:C(NC(=O)CC(C)=O):C:C:1,0.0,CCOc1ccc(NC(=O)CC(C)=O)cc1
O=C(CS)OCCOC(=O)CS,0.0,O=C(CS)OCCOC(=O)CS
CCN(CC)C(=O)N(CC)CC,0.0,CCN(CC)C(=O)N(CC)CC
CC1:C:C:C(N):C:C:1S(=O)(=O)O,0.0,Cc1ccc(N)cc1S(=O)(=O)O
CCOC(=O)C1:C:C:C:C:C:1C(=C1C=C(Br)C(=O)C(Br)=C1)C1:C:C(Br):C(O):C(Br):C:1,1.0,CCOC(=O)c1ccccc1C(=C1C=C(Br)C(=O)C(Br)=C1)c1cc(Br)c(O)c(Br)c1
COC(=O)COC1:C:C:C(Cl):C:C:1Cl,0.0,COC(=O)COc1ccc(Cl)cc1Cl
C=C(C)CCl,0.0,C=C(C)CCl
CC(=C(CCOP(=O)(O)O)SC(=O)C1:C:C:C:C:C:1)N(C=O)CC1:C:N:C(C):N:C:1N,0.0,CC(=C(CCOP(=O)(O)O)SC(=O)c1ccccc1)N(C=O)Cc1cnc(C)nc1N
O=C1OC(O)C(C(Cl)Cl)=C1Cl,1.0,O=C1OC(O)C(C(Cl)Cl)=C1Cl
CC(=O)O[C@]1(C(C)=O)CC[C@H]2[C@@H]3C=C(Cl)C4=CC(=O)CC[C@]4(C)[C@H]3CC[C@@]21C,1.0,CC(=O)O[C@]1(C(C)=O)CC[C@H]2[C@@H]3C=C(Cl)C4=CC(=O)CC[C@]4(C)[C@H]3CC[C@@]21C
NC1:C:C:C(OC2:C:C:C(Cl):C:C:2):C:C:1,1.0,Nc1ccc(Oc2ccc(Cl)cc2)cc1
CC1:C:C:C:C(O):C:1N,1.0,Cc1cccc(O)c1N
CCCCCCCCCCCCCCCCN1:C:C:[N+](C):C:1.F[B-](F)(F)F,1.0,CCCCCCCCCCCCCCCCn1cc[n+](C)c1.F[B-](F)(F)F
CCCCCCCCCCl,0.0,CCCCCCCCCCl
CC(C)(C)C(O)C(OC1:C:C:C(Cl):C:C:1)N1:C:N:C:N:1,0.0,CC(C)(C)C(O)C(Oc1ccc(Cl)cc1)n1cncn1
O=C(O)COC1:N:C(Cl):C(Cl):C:C:1Cl,0.0,O=C(O)COc1nc(Cl)c(Cl)cc1Cl
NC1:C:C:C(N=NC2:C:C:C:C:C:2):C(N):N:1,1.0,Nc1ccc(N=Nc2ccccc2)c(N)n1
CC1:C:C:C:C(S(=O)(=O)[O-]):C:1C,0.0,Cc1cccc(S(=O)(=O)[O-])c1C
CCCCCCCCCCCCOCC1CO1,0.0,CCCCCCCCCCCCOCC1CO1
CCCCCCCCCCCCCl,0.0,CCCCCCCCCCCCCl
C=CC1:C(C):C2:C:C3:[NH]:C(:C:C4:N:C(:C:C5:[NH]:C(:C:C:1:N:2):C(C):C:5CCC(=O)[O-]):C(CCC(=O)[O-]):C:4C):C(C):C:3C=C,1.0,C=CC1=C(C)c2cc3[nH]c(cc4nc(cc5[nH]c(cc1n2)c(C)c5CCC(=O)[O-])C(CCC(=O)[O-])=C4C)c(C)c3C=C
CC(C)CCOC(=O)C1:C:C:C(N(C)C):C:C:1,0.0,CC(C)CCOC(=O)c1ccc(N(C)C)cc1
O=C1:[NH]:C(=O):C2:C:C:C:C:C:2:O:1,0.0,O=c1[nH]c(=O)c2ccccc2o1
O=C(O)C1:C:C:C(OCCCOC2:C:C:C(C(=O)O):C:C:2):C:C:1,0.0,O=C(O)c1ccc(OCCCOc2ccc(C(=O)O)cc2)cc1
C=CC(C)(CCC=C(C)C)OC(C)=O,0.0,C=CC(C)(CCC=C(C)C)OC(C)=O
OCC(CO)(CO)CO,0.0,OCC(CO)(CO)CO
O=C(O)C(=O)NC1:C:C:C:C(C2:N:N:N:[NH]:2):C:1,0.0,O=C(O)C(=O)Nc1cccc(-c2nnn[nH]2)c1
CCCCCCC(=O)CCCCCC/C=C/C[C@@H](O)[C@H](O)[C@@](N)(CO)C(=O)O,0.0,CCCCCCC(=O)CCCCCC/C=C/C[C@@H](O)[C@H](O)[C@@](N)(CO)C(=O)O
CC(C)CCOC(=O)C1:C:C:C:C:C:1,0.0,CC(C)CCOC(=O)c1ccccc1
CC1:C:C(C):C(C):C(O):C:1,0.0,Cc1cc(C)c(C)c(O)c1
CCC(=O)OCCC(C)CCC=C(C)C,0.0,CCC(=O)OCCC(C)CCC=C(C)C
CC(C)COC(=O)C1:C:C:C:C:C:1O,0.0,CC(C)COC(=O)c1ccccc1O
CC(C)CCCCCCCOC(=O)C1:C:C:C(C(=O)OCCCCCCCC(C)C):C(C(=O)OCCCCCCCC(C)C):C:1,0.0,CC(C)CCCCCCCOC(=O)c1ccc(C(=O)OCCCCCCCC(C)C)c(C(=O)OCCCCCCCC(C)C)c1
CCCCCCCCC(=O)OCC(C)OC(=O)CCCCCCCC,0.0,CCCCCCCCC(=O)OCC(C)OC(=O)CCCCCCCC
CCCCCCCCCCOC(C)=O,0.0,CCCCCCCCCCOC(C)=O
CC(=O)OCCC1CCCCC1,0.0,CC(=O)OCCC1CCCCC1
COP(=O)(OC)OC(=CCl)C1:C:C(Cl):C(Cl):C:C:1Cl,1.0,COP(=O)(OC)OC(=CCl)c1cc(Cl)c(Cl)cc1Cl
CCCCCN(CCCCC)C(=O)C(CCC(=O)[O-])NC(=O)C1:C:C:C(Cl):C(Cl):C:1,0.0,CCCCCN(CCCCC)C(=O)C(CCC(=O)[O-])NC(=O)c1ccc(Cl)c(Cl)c1
C1CCOC1,0.0,C1CCOC1
CN1C(C)(C)CCCC1(C)C,0.0,CN1C(C)(C)CCCC1(C)C
CC1=CCC(C(C)(C)O)CC1,0.0,CC1=CCC(C(C)(C)O)CC1
CCN(CC1:C:C:C:C(S(=O)(=O)O):C:1)C1:C:C:C:C:C:1,0.0,CCN(Cc1cccc(S(=O)(=O)O)c1)c1ccccc1
CC(=O)C1:C:C:C(O):C:C:1,0.0,CC(=O)c1ccc(O)cc1
CC1:C:C(C(C)(C)C):C:C(C):C:1CC1=NCCN1,0.0,Cc1cc(C(C)(C)C)cc(C)c1CC1=NCCN1
F[Sn](C1:C:C:C:C:C:1)(C1:C:C:C:C:C:1)C1:C:C:C:C:C:1,1.0,[F][Sn]([c]1ccccc1)([c]1ccccc1)[c]1ccccc1
O=S1(=O)OCC2C(CO1)C1(Cl)C(Cl)=C(Cl)C2(Cl)C1(Cl)Cl,1.0,O=S1(=O)OCC2C(CO1)C1(Cl)C(Cl)=C(Cl)C2(Cl)C1(Cl)Cl
CCSCC1:C:C:C:C:C:1OC(=O)NC,0.0,CCSCc1ccccc1OC(=O)NC
BrC1:N:C2:C:C:C:C:C:2:S:1,1.0,Brc1nc2ccccc2s1
CCC(C)Br,0.0,CCC(C)Br
N#CCC1:C:C:C:C:C:1,0.0,N#CCc1ccccc1
O=C(O)C1:C:C:C(CO):O:1,0.0,O=C(O)c1ccc(CO)o1
N#CC1:C:C:C:C:C:1,0.0,N#Cc1ccccc1
N#CCBr,0.0,N#CCBr
O=S(=O)(O)F,0.0,O=S(=O)(O)F
O=C(Cl)/C=C/C(=O)Cl,1.0,O=C(Cl)/C=C/C(=O)Cl
CC1:N:C2:N(:C(=O):C:1CCN1CCC(C3:N:O:C4:C:C(F):C:C:C:3:4)CC1)CCC[C@H]2O,0.0,Cc1nc2n(c(=O)c1CCN1CCC(c3noc4cc(F)ccc34)CC1)CCC[C@H]2O
COC1:C:C(C(C)=O):C:C:C:1OCCCN1CCC(C2:N:O:C3:C:C(F):C:C:C:2:3)CC1,0.0,COc1cc(C(C)=O)ccc1OCCCN1CCC(c2noc3cc(F)ccc23)CC1
O=C1OC2(C3:C:C:C:C:C:31)C1:C:C(I):C(O):C(I):C:1OC1:C2:C:C(I):C(O):C:1I,0.0,O=C1OC2(c3ccccc31)c1cc(I)c(O)c(I)c1Oc1c2cc(I)c(O)c1I
NC1:C(CC(=O)[O-]):C:C:C:C:1C(=O)C1:C:C:C(Br):C:C:1.NC1:C(CC(=O)[O-]):C:C:C:C:1C(=O)C1:C:C:C(Br):C:C:1,0.0,Nc1c(CC(=O)[O-])cccc1C(=O)c1ccc(Br)cc1.Nc1c(CC(=O)[O-])cccc1C(=O)c1ccc(Br)cc1
COCCCOC1:C:C:N:C(CS(=O)C2:N:C3:C:C:C:C:C:3:[N-]:2):C:1C,1.0,COCCCOc1ccnc(CS(=O)c2nc3ccccc3[n-]2)c1C
CCC1:C:C:C(CCOC2:C:C:C(CC3SC(=O)NC3=O):C:C:2):N:C:1,1.0,CCc1ccc(CCOc2ccc(CC3SC(=O)NC3=O)cc2)nc1
CCCCCCCCOC(C)=O,0.0,CCCCCCCCOC(C)=O
O=C(O)CCSCCC(=O)O,0.0,O=C(O)CCSCCC(=O)O
CC1:N:C:[NH]:C:1CN1CCC2:C(:C3:C:C:C:C:C:3:N:2C)C1=O,0.0,Cc1nc[nH]c1CN1CCc2c(c3ccccc3n2C)C1=O
O=C(O)CCCC[C@@H]1SC[C@@H]2NC(=O)N[C@H]12,0.0,O=C(O)CCCC[C@@H]1SC[C@@H]2NC(=O)N[C@@H]21
C[C@](O)(CS(=O)(=O)C1:C:C:C(F):C:C:1)C(=O)NC1:C:C:C(C#N):C(C(F)(F)F):C:1,1.0,C[C@](O)(CS(=O)(=O)c1ccc(F)cc1)C(=O)Nc1ccc(C#N)c(C(F)(F)F)c1
CC(C[N+](C)(C)C)OC(N)=O,0.0,CC(C[N+](C)(C)C)OC(N)=O
CC(C)NCC(O)COC1:C:C:C(CCOCC2CC2):C:C:1,0.0,CC(C)NCC(O)COc1ccc(CCOCC2CC2)cc1
O=C(CBr)OCC1:C:C:C:C:C:1,0.0,O=C(CBr)OCc1ccccc1
CCCCCC1:C:C:C(Cl):C:C:1,0.0,CCCCCc1ccc(Cl)cc1
O=P(O)(OC1:C:C:C:C:C:1)OC1:C:C:C:C:C:1,0.0,O=P(O)(Oc1ccccc1)Oc1ccccc1
COC(=O)C1:C:C:C:C:C:1C,0.0,COC(=O)c1ccccc1C
CC(C)(C)C(=O)C1:C:C:C:C:C:1,0.0,CC(C)(C)C(=O)c1ccccc1
O=C(OC1:C:C:C:C:C:1)C1:C:C:C:C:C:1,0.0,O=C(Oc1ccccc1)c1ccccc1
CCOC(=O)C1:C:C:C(C):C:C:1,0.0,CCOC(=O)c1ccc(C)cc1
CC1:C:C(C):C:C(N):C:1,0.0,Cc1cc(C)cc(N)c1
CC1:C:C(C2(C3:C:C(C):C(O):C:C:3C)OS(=O)(=O)C3:C:C:C:C:C:32):C(C):C:C:1O,0.0,Cc1cc(C2(c3cc(C)c(O)cc3C)OS(=O)(=O)c3ccccc32)c(C)cc1O
CC1:C:C:C(S(=O)(=O)[O-]):C:C:1C,0.0,Cc1ccc(S(=O)(=O)[O-])cc1C
CC1:C:C:C:C(C):C:1N,0.0,Cc1cccc(C)c1N
CC1:C:C:C(C):C(N):C:1,0.0,Cc1ccc(C)c(N)c1
CC1:C:C:C:C(N):C:1C,0.0,Cc1cccc(N)c1C
CC1:N:C:C(CSSCC2:C:N:C(C):C(O):C:2CO):C(CO):C:1O,0.0,Cc1ncc(CSSCc2cnc(C)c(O)c2CO)c(CO)c1O
FC(F)(F)C(Cl)Br,0.0,FC(F)(F)C(Cl)Br
O=C(O)C1:C:C:C(S(=O)(=O)N(Cl)Cl):C:C:1,1.0,O=C(O)c1ccc(S(=O)(=O)N(Cl)Cl)cc1
CCCCOC(=O)C1:C:C:C(N):C:C:1,0.0,CCCCOC(=O)c1ccc(N)cc1
CC1:C:C:C2:C(C):C:C:C:C:2:C:1,0.0,Cc1ccc2c(C)cccc2c1
CCC(C)C(C)(COC(N)=O)COC(N)=O,0.0,CCC(C)C(C)(COC(N)=O)COC(N)=O
OC[C@@H](O)[C@@H](O)[C@H](O)[C@H](O)CO,0.0,OC[C@@H](O)[C@@H](O)[C@H](O)[C@H](O)CO
CN1CCN(CCCN2C3:C:C:C:C:C:3SC3:C:C:C(S(=O)(=O)N(C)C):C:C:32)CC1,0.0,CN1CCN(CCCN2c3ccccc3Sc3ccc(S(=O)(=O)N(C)C)cc32)CC1
CC1:N:N(C2:C:C(NS(C)(=O)=O):C(Cl):C:C:2Cl):C(=O):N:1C(F)F,0.0,Cc1nn(-c2cc(NS(C)(=O)=O)c(Cl)cc2Cl)c(=O)n1C(F)F
OC(C1:C:C:C(Cl):C:C:1)(C1:C:N:C:N:C:1)C1:C:C:C:C:C:1Cl,1.0,OC(c1ccc(Cl)cc1)(c1cncnc1)c1ccccc1Cl
CCOC(=O)C(C)OC1:C:C:C(OC2:N:C3:C:C:C(Cl):C:C:3:O:2):C:C:1,1.0,CCOC(=O)C(C)Oc1ccc(Oc2nc3ccc(Cl)cc3o2)cc1
CCOC(=O)NCCOC1:C:C:C(OC2:C:C:C:C:C:2):C:C:1,1.0,CCOC(=O)NCCOc1ccc(Oc2ccccc2)cc1
CC1:O:N:C(C2:C:C:C:C:C:2Cl):C:1C(=O)N[C@@H]1C(=O)N2[C@@H](C(=O)[O-])C(C)(C)S[C@H]12,0.0,Cc1onc(-c2ccccc2Cl)c1C(=O)N[C@@H]1C(=O)N2[C@@H]1SC(C)(C)[C@@H]2C(=O)[O-]
CCN(CC)C(=O)N1CCN(C)CC1.O=C(O)CC(O)(CC(=O)O)C(=O)O,0.0,CCN(CC)C(=O)N1CCN(C)CC1.O=C(O)CC(O)(CC(=O)O)C(=O)O
CCN(CC)CCC1:N:C(C2:C:C:C:C:C:2):N:O:1.O=C(O)CC(O)(CC(=O)O)C(=O)O,1.0,CCN(CC)CCc1nc(-c2ccccc2)no1.O=C(O)CC(O)(CC(=O)O)C(=O)O
COC1:C:C:C(C=O):C:C:1,0.0,COc1ccc(C=O)cc1
COP(=S)(OC)OC1:C(Cl):C:C(C):C:C:1Cl,0.0,COP(=S)(OC)Oc1c(Cl)cc(C)cc1Cl
CCCOC(=O)C1:C:C:C(C(=O)OCCC):N:C:1,0.0,CCCOC(=O)c1ccc(C(=O)OCCC)nc1
CC(O)CCO,1.0,CC(O)CCO
O=C(O)CCS,0.0,O=C(O)CCS
CCCC[N+]1:C:C:C(C):C:C:1.O=S(=O)([O-])C(F)(F)F,0.0,CCCC[n+]1ccc(C)cc1.O=S(=O)([O-])C(F)(F)F
CCC[N+]1(C)CCCCC1.F[B-](F)(F)F,0.0,CCC[N+]1(C)CCCCC1.F[B-](F)(F)F
CC(=O)C1CCCCC1=O,0.0,CC(=O)C1CCCCC1=O
CCCC[N+]1:C:C:C:C(C):C:1.O=S(=O)([O-])C(F)(F)F,0.0,CCCC[n+]1cccc(C)c1.O=S(=O)([O-])C(F)(F)F
CCCCN1C=CN(C)C1,0.0,CCCCN1C=CN(C)C1
CC1(C(=O)NC2:C:C:C(O):C(Cl):C:2Cl)CCCCC1,1.0,CC1(C(=O)Nc2ccc(O)c(Cl)c2Cl)CCCCC1
CCC[N+]1(C)CCCCC1,0.0,CCC[N+]1(C)CCCCC1
CCCC[N+]1(C)CCCCC1.F[B-](F)(F)F,0.0,CCCC[N+]1(C)CCCCC1.F[B-](F)(F)F
N=C(N)N[N+](=O)[O-],0.0,N=C(N)N[N+](=O)[O-]
CC(C)(C)OOC(C)(C)C,0.0,CC(C)(C)OOC(C)(C)C
CCCCNCCCC,0.0,CCCCNCCCC
CCCCN(CCO)CCCC,0.0,CCCCN(CCO)CCCC
O=C(O)C1:C:C:C2:[NH]:C:C(CCCCN3CC=C(C4:C:C:C:C:C:4)CC3):C:2:C:1,0.0,O=C(O)c1ccc2[nH]cc(CCCCN3CC=C(c4ccccc4)CC3)c2c1
CCOC(=O)NNC1:N:N:C:C2:C:C:C:C:C:1:2,0.0,CCOC(=O)NNc1nncc2ccccc12
CC(C)(C)NCCNC(C)(C)C,0.0,CC(C)(C)NCCNC(C)(C)C
CC(C)=CCC/C(C)=C/CC/C(C)=C/CCC(=O)OC/C=C(\C)CCC=C(C)C,0.0,CC(C)=CCC/C(C)=C/CC/C(C)=C/CCC(=O)OC/C=C(\C)CCC=C(C)C
CCN(CC)CC1:N:C:C:N:1C1:C:C:C([N+](=O)[O-]):C:C:1C(=O)C1:C:C:C:C:C:1Cl,1.0,CCN(CC)Cc1nccn1-c1ccc([N+](=O)[O-])cc1C(=O)c1ccccc1Cl
OC1CCCCCCCCCCC1,0.0,OC1CCCCCCCCCCC1
CCCCS(=O)(=O)N[C@@H](CC1:C:C:C(OCCCCC2CCNCC2):C:C:1)C(=O)O,0.0,CCCCS(=O)(=O)N[C@@H](Cc1ccc(OCCCCC2CCNCC2)cc1)C(=O)O
COC(=O)C1:C:C:C(C(=O)O):C:C:1,0.0,COC(=O)c1ccc(C(=O)O)cc1
CN(C)CCOCCO,0.0,CN(C)CCOCCO
CC(C)[N+](C)(C)CC(O)COC1:C:C:C:C2:C:C:C:C:C:1:2,0.0,CC(C)[N+](C)(C)CC(O)COc1cccc2ccccc12
NC1:C:C:C(S(=O)(=O)NCC2:C:C:C:C:C:2):C:C:1,0.0,Nc1ccc(S(=O)(=O)NCc2ccccc2)cc1
CC=CC=NNC(=O)C1:C:C:N:C:C:1,1.0,CC=CC=NNC(=O)c1ccncc1
C[N+](C)(C)CCOC(=O)C(O)(C1:C:C:C:C:C:1)C1:C:C:C:C:C:1,0.0,C[N+](C)(C)CCOC(=O)C(O)(c1ccccc1)c1ccccc1
FC(F)(F)C(F)(F)C(F)(F)C(F)(F)CCI,0.0,FC(F)(F)C(F)(F)C(F)(F)C(F)(F)CCI
CC/C=C\CCOC(=O)CC,0.0,CC/C=C\CCOC(=O)CC
CO[PH](=O)OC,0.0,CO[PH](=O)OC
C=CC(C)(CCC=C(C)C)OC(=O)CC,0.0,C=CC(C)(CCC=C(C)C)OC(=O)CC
CN1C(=O)CC[C@H]1C1:C:C:C:N:C:1,0.0,CN1C(=O)CC[C@H]1c1cccnc1
C[C@H]1C[C@@H](O)CC(C)(C)C1,0.0,C[C@H]1C[C@@H](O)CC(C)(C)C1
ClP(Cl)C1:C:C:C:C:C:1,0.0,ClP(Cl)c1ccccc1
C1COCO1,0.0,C1COCO1
CC1:C(O):C:C:C:C:1O,0.0,Cc1c(O)cccc1O
CCOC(=O)CC([O-])C(=O)OCC,0.0,CCOC(=O)CC([O-])C(=O)OCC
C1:C:C:C(CCC2:C:C:C:C:C:2):C:C:1,0.0,c1ccc(CCc2ccccc2)cc1
COC(=O)C1:C:C:C:C:C:1,0.0,COC(=O)c1ccccc1
CC1:C:C:C(CO):C:C:1,0.0,Cc1ccc(CO)cc1
C/C=C(/C)C#N,0.0,C/C=C(/C)C#N
C=CC(=O)OCC[N+](C)(C)C,1.0,C=CC(=O)OCC[N+](C)(C)C
O=C(C=CC1:C:C:C:C:C:1)OCC1:C:C:C:C:C:1,1.0,O=C(C=Cc1ccccc1)OCc1ccccc1
N#CC1:C:C:C:C:C:1O,0.0,N#Cc1ccccc1O
CC(N)C12CC3CC(CC(C3)C1)C2,0.0,CC(N)C12CC3CC(CC(C3)C1)C2
CC(C)(N)CC1:C:C:C(Cl):C:C:1,0.0,CC(C)(N)Cc1ccc(Cl)cc1
CCCCC(CC)COC(=O)COC1:C:C:C(Cl):C:C:1C,0.0,CCCCC(CC)COC(=O)COc1ccc(Cl)cc1C
COC1:C:C(NCC2:C:C:C3:N:C(N):N:C(N):C:3:C:2C):C:C(OC):C:1OC,1.0,COc1cc(NCc2ccc3nc(N)nc(N)c3c2C)cc(OC)c1OC
CN(C)CC[C@@H](C1:C:C:C(Br):C:C:1)C1:C:C:C:C:N:1,0.0,CN(C)CC[C@@H](c1ccc(Br)cc1)c1ccccn1
CC1NCCOC1C1:C:C:C:C:C:1,0.0,CC1NCCOC1c1ccccc1
CCCC1:N:C:C(C(=O)O):S:1,0.0,CCCc1ncc(C(=O)O)s1
O=C(CCOCCOCCOCCOCCC(=O)NC1:C(I):C:C(I):C(C(=O)O):C:1I)NC1:C(I):C:C(I):C(C(=O)O):C:1I,0.0,O=C(CCOCCOCCOCCOCCC(=O)Nc1c(I)cc(I)c(C(=O)O)c1I)Nc1c(I)cc(I)c(C(=O)O)c1I
CCCCCC(CO)CCC,0.0,CCCCCC(CO)CCC
CC1:C:C:C:C2:[NH]:N:N:C:1:2,0.0,Cc1cccc2[nH]nnc12
CCCCCCCCCCCC(=O)OC[C@@H](O)[C@H]1OC[C@H](OCCO)[C@H]1OCCO,1.0,CCCCCCCCCCCC(=O)OC[C@@H](O)[C@H]1OC[C@H](OCCO)[C@H]1OCCO
C=CCN(CC=C)CC=C,1.0,C=CCN(CC=C)CC=C
C=CCN1:C(=O):N(CC=C):C(=O):N(CC=C):C:1=O,0.0,C=CCn1c(=O)n(CC=C)c(=O)n(CC=C)c1=O
O=C(NCO)NCO,0.0,O=C(NCO)NCO
CC1:C:C:C:C(O):C:1C,0.0,Cc1cccc(O)c1C
CC1:C:C:C(C):C(O):C:1,0.0,Cc1ccc(C)c(O)c1
CC1:C:C(C):C:C(O):C:1,0.0,Cc1cc(C)cc(O)c1
CN(C)C1:C:C:C(N):C:C:1,1.0,CN(C)c1ccc(N)cc1
NC1:C:C(=O):N:C(N):[NH]:1,0.0,Nc1cc(=O)nc(N)[nH]1
CC1:C:O:C2:C:1CCC(C)C2,0.0,Cc1coc2c1CCC(C)C2
NC1:C:[N+](N2CCOCC2):N:O:1,0.0,Nc1c[n+](N2CCOCC2)no1
CC(C)(Cl)Cl,0.0,CC(C)(Cl)Cl
O=C(O)CC1:C:C:C(OCCNC[C@H](O)C2:C:C:C:C:C:2):C:C:1,0.0,O=C(O)Cc1ccc(OCCNC[C@H](O)c2ccccc2)cc1
CN1CCCN(C(C2:C:C:C:C:C:2)C2:C:C:C(Cl):C:C:2)CC1,1.0,CN1CCCN(C(c2ccccc2)c2ccc(Cl)cc2)CC1
CCCCC(=O)O[C@]1(C(=O)CO)CC[C@H]2[C@@H]3CCC4=CC(=O)CC[C@]4(C)[C@H]3[C@@H](O)C[C@@]21C,0.0,CCCCC(=O)O[C@]1(C(=O)CO)CC[C@H]2[C@@H]3CCC4=CC(=O)CC[C@]4(C)[C@H]3[C@@H](O)C[C@@]21C
CC[N+](C)(CC)CCOC(=O)C(O)(C1:C:C:C:C:C:1)C1CCCCC1,0.0,CC[N+](C)(CC)CCOC(=O)C(O)(c1ccccc1)C1CCCCC1
COC1:C:C(OC):N:C(NC(=O)[N-]S(=O)(=O)C2:N:C:C:C:C:2OCC(F)(F)F):N:1,0.0,COc1cc(OC)nc(NC(=O)[N-]S(=O)(=O)c2ncccc2OCC(F)(F)F)n1
CN/C(=N/[N+](=O)[O-])NCC1CCOC1,0.0,CN/C(=N/[N+](=O)[O-])NCC1CCOC1
CC1(C)OC[C@@H]2O[C@@]3(C(=O)[O-])OC(C)(C)O[C@H]3[C@@H]2O1,0.0,CC1(C)OC[C@@H]2O[C@@]3(C(=O)[O-])OC(C)(C)O[C@H]3[C@@H]2O1
NC1:C:C:C:C(Cl):C:1,0.0,Nc1cccc(Cl)c1
CCOC1:C:C:C(N):C([N+](=O)[O-]):C:1,0.0,CCOc1ccc(N)c([N+](=O)[O-])c1
CC1:C:C:C(C2:N:C3:C:C:C(C):C:N:3:C:2CC(=O)N(C)C):C:C:1,0.0,Cc1ccc(-c2nc3ccc(C)cn3c2CC(=O)N(C)C)cc1
CN1CCCC(N2:N:C(CC3:C:C:C(Cl):C:C:3):C3:C:C:C:C:C:3:C:2=O)CC1,0.0,CN1CCCC(n2nc(Cc3ccc(Cl)cc3)c3ccccc3c2=O)CC1
CC(=O)NC1:C:C:C:C:C:1O,1.0,CC(=O)Nc1ccccc1O
CCCC1:C:C(C(N)=S):C:C:N:1,0.0,CCCc1cc(C(N)=S)ccn1
CC(=O)NC1:C:C:C:C(O):C:1,0.0,CC(=O)Nc1cccc(O)c1
C=CCCC#N,0.0,C=CCCC#N
C=CC/C=C/C,0.0,C=CC/C=C/C
CCCCOC(=O)CC,0.0,CCCCOC(=O)CC
CC1=CCC(=C(C)C)CC1,0.0,CC1=CCC(=C(C)C)CC1
CCCCOC(=O)COC(=O)C1:C:C:C:C:C:1C(=O)OCCCC,0.0,CCCCOC(=O)COC(=O)c1ccccc1C(=O)OCCCC
CCSC(=O)N(CC(C)C)CC(C)C,0.0,CCSC(=O)N(CC(C)C)CC(C)C
NC1=NC(=O)C(C2:C:C:C:C:C:2)O1,0.0,NC1=NC(=O)C(c2ccccc2)O1
CCCCCCCC(=O)OC1:C(Br):C:C(C#N):C:C:1Br,0.0,CCCCCCCC(=O)Oc1c(Br)cc(C#N)cc1Br
CCCCCCCCCCC,0.0,CCCCCCCCCCC
CCCCCCCCCCC=O,0.0,CCCCCCCCCCC=O
CC1=CC(=O)CC(C)(C)C1=O,0.0,CC1=CC(=O)CC(C)(C)C1=O
O=C(O)CCCCCCCCCCCC(=O)O,0.0,O=C(O)CCCCCCCCCCCC(=O)O
O=C(CCl)C(Cl)Cl,1.0,O=C(CCl)C(Cl)Cl
CCC(C)C1:C:C:C(O):C:C:1,0.0,CCC(C)c1ccc(O)cc1
CCCCCCCC(=O)N(C)C,0.0,CCCCCCCC(=O)N(C)C
CCC(C)C1:C:C:C:C:C:1O,0.0,CCC(C)c1ccccc1O
CN(C)CCCCCCN(C)C,0.0,CN(C)CCCCCCN(C)C
O=C(O)C1:N:N(CC2:C:C:C(Cl):C:C:2Cl):C2:C:C:C:C:C:1:2,1.0,O=C(O)c1nn(Cc2ccc(Cl)cc2Cl)c2ccccc12
CC[C@H](C)C(=O)O[C@H]1C[C@@H](C)C=C2C=C[C@H](C)[C@H](CC[C@@H]3C[C@@H](O)CC(=O)O3)[C@H]21,1.0,CC[C@H](C)C(=O)O[C@H]1C[C@@H](C)C=C2C=C[C@H](C)[C@H](CC[C@@H]3C[C@@H](O)CC(=O)O3)[C@H]21
O=C(NC1:C:C:C:C([N+](=O)[O-]):C:1)C1:C:C2:C:C:C:C:C:2:C:C:1O,1.0,O=C(Nc1cccc([N+](=O)[O-])c1)c1cc2ccccc2cc1O
CN(C)C1:C:C:C(O):C2:C:1C[C@H]1C[C@H]3[C@H](N(C)C)C(O)=C(C(N)=O)C(=O)[C@@]3(O)C(O)=C1C2=O,0.0,CN(C)c1ccc(O)c2c1C[C@H]1C[C@H]3[C@H](N(C)C)C(O)=C(C(N)=O)C(=O)[C@@]3(O)C(O)=C1C2=O
CCCCCCCC1CCCC1=O,0.0,CCCCCCCC1CCCC1=O
CC1=CC(C)C(C=O)C(C)C1,0.0,CC1=CC(C)C(C=O)C(C)C1
O=S(=O)([O-])C1:C:C:C2:C:C(O):C(S(=O)(=O)[O-]):C:C:2:C:1,0.0,O=S(=O)([O-])c1ccc2cc(O)c(S(=O)(=O)[O-])cc2c1
N#C[Au-]C#N,1.0,N#[C][Au-][C]#N
CC1:C:C:C(O):C([C@H](CCN(C(C)C)C(C)C)C2:C:C:C:C:C:2):C:1,0.0,Cc1ccc(O)c([C@H](CCN(C(C)C)C(C)C)c2ccccc2)c1
CCCCCCCCCCN1:C:C:[N+](C):C:1.O=S(=O)([O-])C(F)(F)F,1.0,CCCCCCCCCCn1cc[n+](C)c1.O=S(=O)([O-])C(F)(F)F
COC1:C:C2:N:C(N3CCN(C(=O)C4CCCO4)CC3):N:C(N):C:2:C:C:1OC,0.0,COc1cc2nc(N3CCN(C(=O)C4CCCO4)CC3)nc(N)c2cc1OC
OCCOC1:C:C:C:C:C:1,0.0,OCCOc1ccccc1
O=C(OCC(O)CO)C1:C:C:C:C:C:1NC1:C:C:N:C2:C:C(Cl):C:C:C:1:2,1.0,O=C(OCC(O)CO)c1ccccc1Nc1ccnc2cc(Cl)ccc12
CN(C/C=C/C1:C:C:C:C:C:1)CC1:C:C:C:C2:C:C:C:C:C:1:2,0.0,CN(C/C=C/c1ccccc1)Cc1cccc2ccccc12
O=NN1CCN(N=O)CC1,0.0,O=NN1CCN(N=O)CC1
C=C(C)[C@H]1CC=C(C)C(=O)C1,0.0,C=C(C)[C@H]1CC=C(C)C(=O)C1
OC1:C:C:C:C:C:1O,1.0,Oc1ccccc1O
ClC(Cl)(Cl)Cl,0.0,ClC(Cl)(Cl)Cl
O=[N+]([O-])C1:C:C:C(O):C([N+](=O)[O-]):C:1,1.0,O=[N+]([O-])c1ccc(O)c([N+](=O)[O-])c1
CCC(Br)(CC)C(=O)NC(N)=O,0.0,CCC(Br)(CC)C(=O)NC(N)=O
CC1:C([N+](=O)[O-]):C:C:C:C:1[N+](=O)[O-],0.0,Cc1c([N+](=O)[O-])cccc1[N+](=O)[O-]
CC1:C:C:C([N+](=O)[O-]):C:C:1[N+](=O)[O-],0.0,Cc1ccc([N+](=O)[O-])cc1[N+](=O)[O-]
CC1=C(C(=O)O)N2C(=O)[C@@H](NC(=O)[C@H](N)C3=CCC=CC3)[C@H]2SC1,0.0,CC1=C(C(=O)O)N2C(=O)[C@@H](NC(=O)[C@H](N)C3=CCC=CC3)[C@H]2SC1
CCCCC(CC)COC(=O)COC1:C:C(Cl):C(Cl):C:C:1Cl,0.0,CCCCC(CC)COC(=O)COc1cc(Cl)c(Cl)cc1Cl
CCCCOCCOC(=O)COC1:C:C(Cl):C(Cl):C:C:1Cl,0.0,CCCCOCCOC(=O)COc1cc(Cl)c(Cl)cc1Cl
O=C(O)C1:C:C:C:N:C:1C(=O)O,0.0,O=C(O)c1cccnc1C(=O)O
CC(O)C(C)O,0.0,CC(O)C(C)O
CCCC[N+]1(C)CCCC1.F[B-](F)(F)F,0.0,CCCC[N+]1(C)CCCC1.F[B-](F)(F)F
CCC(=O)C1:C:C:C:C(Cl):C:1,0.0,CCC(=O)c1cccc(Cl)c1
CCN1:C:C:[N+](C):C:1.CCOS(=O)(=O)[O-],0.0,CCOS(=O)(=O)[O-].CCn1cc[n+](C)c1
CCCCCCCCCCCCCCCCCBr,0.0,CCCCCCCCCCCCCCCCCBr
O=[N+]([O-])C1:C:C:C(F):C(Cl):C:1,0.0,O=[N+]([O-])c1ccc(F)c(Cl)c1
CC[N+]1:C:C:C:C:C:1.F[B-](F)(F)F,0.0,CC[n+]1ccccc1.F[B-](F)(F)F
O=C(NC1:C:C:C(F):C:C:1F)C1:C:C:C:N:C:1OC1:C:C:C:C(C(F)(F)F):C:1,0.0,O=C(Nc1ccc(F)cc1F)c1cccnc1Oc1cccc(C(F)(F)F)c1
OCC=CC1:C:C:C:C:C:1,0.0,OCC=Cc1ccccc1
C/C=C(\C)C(C)=O,0.0,C/C=C(\C)C(C)=O
CCCC(CC)C1:C:C:C:C:C:1,0.0,CCCC(CC)c1ccccc1
CCCCC(CC)C(=O)OCCOCCOCCOC(=O)C(CC)CCCC,0.0,CCCCC(CC)C(=O)OCCOCCOCCOC(=O)C(CC)CCCC
O=P([O-])(O)C(O)(CC1:C:C:C:N:C:1)P(=O)([O-])O,0.0,O=P([O-])(O)C(O)(Cc1cccnc1)P(=O)([O-])O
CCCSC(=O)Cl,0.0,CCCSC(=O)Cl
O=C(O)C(CC1:C:C(I):C(O):C(I):C:1)C1:C:C:C:C:C:1,0.0,O=C(O)C(Cc1cc(I)c(O)c(I)c1)c1ccccc1
CC(O)COC(C)(C)C,0.0,CC(O)COC(C)(C)C
C1COC1,0.0,C1COC1
CC(=O)/C=C/C1:C:C:C:C:C:1,0.0,CC(=O)/C=C/c1ccccc1
FC(F)(F)C(F)(F)C(F)(F)C(F)(F)C(F)(F)C(F)(F)C(F)(F)C(F)(F)Br,0.0,FC(F)(F)C(F)(F)C(F)(F)C(F)(F)C(F)(F)C(F)(F)C(F)(F)C(F)(F)Br
NCC1:C:C:C:C:C:1SC1:C:C:C:C:C:1CO,0.0,NCc1ccccc1Sc1ccccc1CO
C1:C:C:C(CNCCNCC2:C:C:C:C:C:2):C:C:1,0.0,c1ccc(CNCCNCc2ccccc2)cc1
O=C(O)C1:C:C:C:C:C:1C1:C:C:C(C(F)(F)F):C:C:1,0.0,O=C(O)c1ccccc1-c1ccc(C(F)(F)F)cc1
CC(=O)OC1:C:C:C(C):C:C:1,0.0,CC(=O)Oc1ccc(C)cc1
[O-][N+]1:C:C:C:C(CO):C:1,0.0,[O-][n+]1cccc(CO)c1
OC[C@H]1O[C@@H](O)[C@H](O)[C@@H](O)[C@@H]1O[C@@H]1O[C@H](CO)[C@H](O)[C@H](O)[C@H]1O,0.0,OC[C@H]1O[C@@H](O[C@H]2[C@H](O)[C@@H](O)[C@H](O)O[C@@H]2CO)[C@H](O)[C@@H](O)[C@H]1O
CNC1:C2:C(:N:N:1C)CCCC2,0.0,CNc1c2c(nn1C)CCCC2
CC(O)C(=O)O,0.0,CC(O)C(=O)O
NC1:N:N:C(C2:C:C:C:C(Cl):C:2Cl):C(N):N:1,0.0,Nc1nnc(-c2cccc(Cl)c2Cl)c(N)n1
O=C(O)C1:C:C(C(=O)O):C:C([N+](=O)[O-]):C:1,0.0,O=C(O)c1cc(C(=O)O)cc([N+](=O)[O-])c1
CCOCN(C(=O)CCl)C1:C(C):C:C:C:C:1CC,1.0,CCOCN(C(=O)CCl)c1c(C)cccc1CC
COC1:C:C2:C(:C:C:1OC)C(C(C(=O)N(CCC1:C:C:C(OC):C(OC):C:1OC)CCC1:C:C:C(OC):C(OC):C:1OC)C1:C:C:C:C:C:1)=NCC2,0.0,COc1cc2c(cc1OC)C(C(C(=O)N(CCc1ccc(OC)c(OC)c1OC)CCc1ccc(OC)c(OC)c1OC)c1ccccc1)=NCC2
CN1CCC(NC2:N:C:C3:N:C:N:C(NC4:C:C:C(F):C(Cl):C:4):C:3:N:2)CC1,1.0,CN1CCC(Nc2ncc3ncnc(Nc4ccc(F)c(Cl)c4)c3n2)CC1
CC1:C:C:C:C(C):C:1NC(=O)C1:C:C:C:C:C:1C(=O)O,0.0,Cc1cccc(C)c1NC(=O)c1ccccc1C(=O)O
CC(=O)C1:S:C(C):N:C:1C,0.0,CC(=O)c1sc(C)nc1C
CCC(=O)C(=O)CC,0.0,CCC(=O)C(=O)CC
CN[C@@H](C)[C@H](O)C1:C:C:C:C:C:1,0.0,CN[C@@H](C)[C@H](O)c1ccccc1
CN1C(=O)C(O)N=C(C2:C:C:C:C:C:2)C2:C:C(Cl):C:C:C:21,0.0,CN1C(=O)C(O)N=C(c2ccccc2)c2cc(Cl)ccc21
CCC(C)(CC)C1:C:C(NC(=O)C2:C(OC):C:C:C:C:2OC):O:N:1,1.0,CCC(C)(CC)c1cc(NC(=O)c2c(OC)cccc2OC)on1
CC(C)NC(=O)N1CC(=O)N(C2:C:C(Cl):C:C(Cl):C:2)C1=O,0.0,CC(C)NC(=O)N1CC(=O)N(c2cc(Cl)cc(Cl)c2)C1=O
CC1(C)S[C@@H]2[C@H](NC(=O)C(C(=O)[O-])C3:C:C:C:C:C:3)C(=O)N2[C@H]1C(=O)[O-],0.0,CC1(C)S[C@@H]2[C@H](NC(=O)C(C(=O)[O-])c3ccccc3)C(=O)N2[C@H]1C(=O)[O-]
ClC=CCCl,0.0,ClC=CCCl
NCCS(=O)(=O)O,1.0,NCCS(=O)(=O)O
O=C1:[NH]:C(=O):N(C2CCCO2):C:C:1F,0.0,O=c1[nH]c(=O)n(C2CCCO2)cc1F
CC(C)(C)C1:C:C(CCC(=O)OCC(COC(=O)CCC2:C:C(C(C)(C)C):C(O):C(C(C)(C)C):C:2)(COC(=O)CCC2:C:C(C(C)(C)C):C(O):C(C(C)(C)C):C:2)COC(=O)CCC2:C:C(C(C)(C)C):C(O):C(C(C)(C)C):C:2):C:C(C(C)(C)C):C:1O,0.0,CC(C)(C)c1cc(CCC(=O)OCC(COC(=O)CCc2cc(C(C)(C)C)c(O)c(C(C)(C)C)c2)(COC(=O)CCc2cc(C(C)(C)C)c(O)c(C(C)(C)C)c2)COC(=O)CCc2cc(C(C)(C)C)c(O)c(C(C)(C)C)c2)cc(C(C)(C)C)c1O
CC(C)C(=O)OCC(C)(C)C(OC(=O)C(C)C)C(C)C,0.0,CC(C)C(=O)OCC(C)(C)C(OC(=O)C(C)C)C(C)C
CCCCCCCN,0.0,CCCCCCCN
CC1:C:C:C:C2:S:C(N):N:C:1:2,1.0,Cc1cccc2sc(N)nc12
COC1:C:C:C:C2:S:C(N):N:C:1:2,0.0,COc1cccc2sc(N)nc12
COC1:C:C:C2:N:C(N):S:C:2:C:1,0.0,COc1ccc2nc(N)sc2c1
ClC1C(Cl)C(Cl)C(Cl)C(Cl)C1Cl,0.0,ClC1C(Cl)C(Cl)C(Cl)C(Cl)C1Cl
CC1:C:C:C(O):C(N):C:1,1.0,Cc1ccc(O)c(N)c1
CC1:C:C:C(N):C:C:1O,1.0,Cc1ccc(N)cc1O
Cl[C@H]1[C@H](Cl)[C@@H](Cl)[C@H](Cl)[C@@H](Cl)[C@@H]1Cl,0.0,Cl[C@H]1[C@H](Cl)[C@@H](Cl)[C@H](Cl)[C@@H](Cl)[C@@H]1Cl
CCOP(O)OCC,0.0,CCOP(O)OCC
C[Si](C)(C)O[Si](O)(O)O,0.0,C[Si](C)(C)O[Si](O)(O)O
OCCC1:C:C:N:C:C:1,0.0,OCCc1ccncc1
C=C(C)C(=O)OCCOP(=O)(O)O,0.0,C=C(C)C(=O)OCCOP(=O)(O)O
CC(C)(C)NC(=O)[C@@H]1CN(CC2:C:C:C:N:C:2)CCN1C[C@@H](O)C[C@@H](CC1:C:C:C:C:C:1)C(=O)N[C@H]1C2:C:C:C:C:C:2C[C@H]1O,0.0,CC(C)(C)NC(=O)[C@@H]1CN(Cc2cccnc2)CCN1C[C@@H](O)C[C@@H](Cc1ccccc1)C(=O)N[C@H]1c2ccccc2C[C@H]1O
FC(Cl)(Cl)C(F)(Cl)Cl,0.0,FC(Cl)(Cl)C(F)(Cl)Cl
O=[N+]([O-])C1:C:C(Cl):C(Cl):C(Cl):C:1Cl,1.0,O=[N+]([O-])c1cc(Cl)c(Cl)c(Cl)c1Cl
NS(=O)(=O)C1:C:C2:C(:C:C:1Cl)N=C(CSCC1:C:C:C:C:C:1)NS2(=O)=O,0.0,NS(=O)(=O)c1cc2c(cc1Cl)N=C(CSCc1ccccc1)NS2(=O)=O
COC1:C(C(C)(C)C):C:C([N+](=O)[O-]):C(C):C:1[N+](=O)[O-],0.0,COc1c(C(C)(C)C)cc([N+](=O)[O-])c(C)c1[N+](=O)[O-]
C1COCCN1,0.0,C1COCCN1
CCCCC(CC)COC(=O)C1:C:C:C:C:C:1C(=O)O,0.0,CCCCC(CC)COC(=O)c1ccccc1C(=O)O
CCN(CC)C(=O)C1CN2CCC3:C:C(OC):C(OC):C:C:3C2CC1OC(C)=O,0.0,CCN(CC)C(=O)C1CN2CCc3cc(OC)c(OC)cc3C2CC1OC(C)=O
COC1:C:C:C(NC(C)=O):C:C:1,0.0,COc1ccc(NC(C)=O)cc1
BrCC1:C:C:C(Br):C:C:1,0.0,BrCc1ccc(Br)cc1
O=C(O)C1:C:C:C2:C:C:C:C:C:2:C:1O.OCC1:C:C(C(O)CNCCCCCCOCCCCC2:C:C:C:C:C:2):C:C:C:1O,0.0,O=C(O)c1ccc2ccccc2c1O.OCc1cc(C(O)CNCCCCCCOCCCCc2ccccc2)ccc1O
CCCC(C(=O)OCCN(CC)CC)(C1:C:C:C:C:C:1)C1:C:C:C:C:C:1,0.0,CCCC(C(=O)OCCN(CC)CC)(c1ccccc1)c1ccccc1
CC(C)NCC(O)COC1:C:C:C(COCCOC(C)C):C:C:1.CC(C)NCC(O)COC1:C:C:C(COCCOC(C)C):C:C:1,0.0,CC(C)NCC(O)COc1ccc(COCCOC(C)C)cc1.CC(C)NCC(O)COc1ccc(COCCOC(C)C)cc1
O=CCCCC=O,0.0,O=CCCCC=O
CC(CC1:C:C:C(O):C(O):C:1)C(C)CC1:C:C:C(O):C(O):C:1,0.0,CC(Cc1ccc(O)c(O)c1)C(C)Cc1ccc(O)c(O)c1
N#C[Fe-2](C#N)(C#N)(C#N)(C#N)N=O,1.0,N#[C][Fe-2]([C]#N)([C]#N)([C]#N)([C]#N)[N]=O
C1:C:C:C2:C(:C:1):C:C:C1:C3:C:C:C:C:C:3:C:C:C:2:1,1.0,c1ccc2c(c1)ccc1c3ccccc3ccc21
O=C(O)C1:C:C:C:C:C:1C(C1:C:C:C(O):C:C:1)C1:C:C:C(O):C:C:1,0.0,O=C(O)c1ccccc1C(c1ccc(O)cc1)c1ccc(O)cc1
CN1:S:C(Cl):C:C:1=O,0.0,Cn1sc(Cl)cc1=O
CCCCCCCC1CCC(=O)O1,0.0,CCCCCCCC1CCC(=O)O1
O=C(O)COC1:C:C:C(Cl):C:C:1,0.0,O=C(O)COc1ccc(Cl)cc1
CCCCCCCCCCCCN1:C:C:[N+](C):C:1.O=S(=O)([O-])C(F)(F)F,1.0,CCCCCCCCCCCCn1cc[n+](C)c1.O=S(=O)([O-])C(F)(F)F
COC1:C:C:C:C(C(=O)NN(C(=O)C2:C:C(C):C:C(C):C:2)C(C)(C)C):C:1C,0.0,COc1cccc(C(=O)NN(C(=O)c2cc(C)cc(C)c2)C(C)(C)C)c1C
C#CCOC(=O)/C=C(C)/C=C/CC(C)CCCC(C)C,0.0,C#CCOC(=O)/C=C(C)/C=C/CC(C)CCCC(C)C
COC(C)(C)CCCC(C)C/C=C/C(C)=C/C(=O)OC(C)C,1.0,COC(C)(C)CCCC(C)C/C=C/C(C)=C/C(=O)OC(C)C
CC1:C:C(=O):[NH]:O:1,0.0,Cc1cc(=O)[nH]o1
O=C(O)CCCC1:C:[NH]:C2:C:C:C:C:C:1:2,0.0,O=C(O)CCCc1c[nH]c2ccccc12
O=C(O)[C@H]1[C@@H](O)CC[C@H]2CN3CCC4:C(:[NH]:C5:C:C:C:C:C:4:5)[C@@H]3C[C@@H]21,0.0,O=C(O)[C@@H]1[C@H]2C[C@H]3c4[nH]c5ccccc5c4CCN3C[C@@H]2CC[C@@H]1O
COC1:C:C:C2:C:C([C@H](C)C(=O)[O-]):C:C:C:2:C:1,0.0,COc1ccc2cc([C@H](C)C(=O)[O-])ccc2c1
CC1:C:C:S:C:1/C=C/C1=NCCCN1C,0.0,Cc1ccsc1/C=C/C1=NCCCN1C
CC1(C)[C@@H](OC(=O)CCC(=O)[O-])CC[C@@]2(C)[C@H]1CC[C@]1(C)[C@@H]2C(=O)C=C2[C@@H]3C[C@@](C)(C(=O)[O-])CC[C@]3(C)CC[C@]21C,1.0,CC1(C)[C@@H](OC(=O)CCC(=O)[O-])CC[C@]2(C)[C@H]3C(=O)C=C4[C@@H]5C[C@@](C)(C(=O)[O-])CC[C@]5(C)CC[C@@]4(C)[C@]3(C)CC[C@@H]12
CCOC1:C:C:C2:C:C:C:C:C:2:C:1C(=O)N[C@@H]1C(=O)N2[C@@H](C(=O)[O-])C(C)(C)S[C@H]12,1.0,CCOc1ccc2ccccc2c1C(=O)N[C@@H]1C(=O)N2[C@@H]1SC(C)(C)[C@@H]2C(=O)[O-]
CCNC1:C:C:C(C(=C2C=CC(=[N+](CC)CC)C=C2)C2:C:C:C(N(CC)CC):C:C:2):C2:C:C:C:C:C:1:2,0.0,CCNc1ccc(C(=C2C=CC(=[N+](CC)CC)C=C2)c2ccc(N(CC)CC)cc2)c2ccccc12
CCCCCCCCCCC(CO)CCCCCCCC,0.0,CCCCCCCCCCC(CO)CCCCCCCC
CC(C)(C)C1:C:C:C:C(C(C)(C)C):C:1O,0.0,CC(C)(C)c1cccc(C(C)(C)C)c1O
CC1:C:C:C:C(C):C:1NC(=O)C1:C:C(S(N)(=O)=O):C(Cl):C:C:1O,0.0,Cc1cccc(C)c1NC(=O)c1cc(S(N)(=O)=O)c(Cl)cc1O
OC1OC[C@@H](O)[C@H](O)[C@H]1O,0.0,OC1OC[C@@H](O)[C@H](O)[C@H]1O
COC1:C:C(C(=O)NS(=O)(=O)C2:C:C:C:C:C:2C):C:C:C:1CC1:C:N(C):C2:C:C:C(NC(=O)OC3CCCC3):C:C:1:2,1.0,COc1cc(C(=O)NS(=O)(=O)c2ccccc2C)ccc1Cc1cn(C)c2ccc(NC(=O)OC3CCCC3)cc12
NC1:C:C:N([C@H]2CC[C@@H](CO)O2):C(=O):N:1,0.0,Nc1ccn([C@H]2CC[C@@H](CO)O2)c(=O)n1
N[C@@H](CC1:C:C(I):C(OC2:C:C:C(O):C(I):C:2):C(I):C:1)C(=O)O,0.0,N[C@@H](Cc1cc(I)c(Oc2ccc(O)c(I)c2)c(I)c1)C(=O)O
N[C@@H](CC1:C:C(I):C(OC2:C:C(I):C(O):C(I):C:2):C(I):C:1)C(=O)O,0.0,N[C@@H](Cc1cc(I)c(Oc2cc(I)c(O)c(I)c2)c(I)c1)C(=O)O
CCN(C(C)=O)C1:C:C:C:C(C2:C:C:N:C3:C(C#N):C:N:N:2:3):C:1,0.0,CCN(C(C)=O)c1cccc(-c2ccnc3c(C#N)cnn23)c1
CC(=O)N[C@@H]1[C@@H](NC(=N)N)C=C(C(=O)O)O[C@H]1[C@H](O)[C@H](O)CO,0.0,CC(=O)N[C@H]1[C@H]([C@H](O)[C@H](O)CO)OC(C(=O)O)=C[C@@H]1NC(=N)N
C1:C:C:C2:C(:C:1)CCC1:C:C:C:C:C:1N2,0.0,c1ccc2c(c1)CCc1ccccc1N2
O=C(O)C1:C:C(Cl):C:C:C:1Cl,0.0,O=C(O)c1cc(Cl)ccc1Cl
O=C(O)C1:C(Cl):C:C:C:C:1Cl,0.0,O=C(O)c1c(Cl)cccc1Cl
O=C(O)C1:C:C:C:C(Cl):C:1Cl,0.0,O=C(O)c1cccc(Cl)c1Cl
O=C(O)C1:C:C:C(Cl):C:C:1Cl,0.0,O=C(O)c1ccc(Cl)cc1Cl
O=C1C=CC(=O)N1,0.0,O=C1C=CC(=O)N1
O=CC1:C(Cl):C:C:C:C:1Cl,0.0,O=Cc1c(Cl)cccc1Cl
O=CC1:C:C:C(Cl):C(Cl):C:1,0.0,O=Cc1ccc(Cl)c(Cl)c1
C=CC(=O)NCOCCCC,1.0,C=CC(=O)NCOCCCC
CCCCCCCCOC1:C:C:C(C(=O)C2:C:C:C:C:C:2):C(O):C:1,0.0,CCCCCCCCOc1ccc(C(=O)c2ccccc2)c(O)c1
CCCCCCCCCC#N,0.0,CCCCCCCCCC#N
ClCCCCBr,0.0,ClCCCCBr
CCCCCCCCCCCBr,0.0,CCCCCCCCCCCBr
COC1:N:C:C:N:C:1NS(=O)(=O)C1:C:C:C(N):C:C:1,0.0,COc1nccnc1NS(=O)(=O)c1ccc(N)cc1
CCCCCCCCCBr,0.0,CCCCCCCCCBr
O=C(Cl)C1:C:C:C(F):C(Cl):C:1,0.0,O=C(Cl)c1ccc(F)c(Cl)c1
O=S(=O)(Cl)C1:C(Cl):C:C:C:C:1Cl,0.0,O=S(=O)(Cl)c1c(Cl)cccc1Cl
CCCCCCOC(=O)CCCCC,0.0,CCCCCCOC(=O)CCCCC
CCCCC1CCCCC(=O)O1,0.0,CCCCC1CCCCC(=O)O1
CC=C(C)C(=O)OCCC(C)CCC=C(C)C,0.0,CC=C(C)C(=O)OCCC(C)CCC=C(C)C
CC/C=C\CCOC(=O)C1:C:C:C:C:C:1,0.0,CC/C=C\CCOC(=O)c1ccccc1
C=C(C)C(=O)OCCC(F)(F)C(F)(F)C(F)(F)C(F)(F)C(F)(F)C(F)(F)F,0.0,C=C(C)C(=O)OCCC(F)(F)C(F)(F)C(F)(F)C(F)(F)C(F)(F)C(F)(F)F
CCCCCCOC(=O)CCC,0.0,CCCCCCOC(=O)CCC
ClC1=C(Cl)C2(Cl)C(CBr)CC1(Cl)C2(Cl)Cl,0.0,ClC1=C(Cl)C2(Cl)C(CBr)CC1(Cl)C2(Cl)Cl
O=S1(=O)OC(C2:C:C(Br):C(O):C(Br):C:2)(C2:C:C(Br):C(O):C(Br):C:2)C2:C:C:C:C:C:21,0.0,O=S1(=O)OC(c2cc(Br)c(O)c(Br)c2)(c2cc(Br)c(O)c(Br)c2)c2ccccc21
CCOP(=S)(OCC)OC1:C:C(Cl):C(Br):C:C:1Cl,0.0,CCOP(=S)(OCC)Oc1cc(Cl)c(Br)cc1Cl
C#CCOS(=O)OC1CCCCC1OC1:C:C:C(C(C)(C)C):C:C:1,1.0,C#CCOS(=O)OC1CCCCC1Oc1ccc(C(C)(C)C)cc1
O=C1:C:C(O):C(Cl):C:[NH]:1,0.0,O=c1cc(O)c(Cl)c[nH]1
CC(C)(C)NCC(O)C1:C:C(Cl):C(N):C(C(F)(F)F):C:1,0.0,CC(C)(C)NCC(O)c1cc(Cl)c(N)c(C(F)(F)F)c1
C[C@]12CC[C@H]3[C@@H](CCC4=C(O)C(=O)CC[C@@]43C)[C@@H]1CCC2=O,0.0,C[C@]12CCC(=O)C(O)=C1CC[C@@H]1[C@@H]2CC[C@]2(C)C(=O)CC[C@@H]12
CCCCCCCCCCCCSC#N,0.0,CCCCCCCCCCCCSC#N
CC1(C)[C@@H](C(=O)OCC2:C:O:C(CC3:C:C:C:C:C:3):C:2)[C@H]1/C=C1\CCSC1=O,1.0,CC1(C)[C@H](/C=C2\CCSC2=O)[C@@H]1C(=O)OCc1coc(Cc2ccccc2)c1
CCOP(=S)(OCC)OC1:C:C(C2:C:C:C:C:C:2):O:N:1,0.0,CCOP(=S)(OCC)Oc1cc(-c2ccccc2)on1
CN(C)C(=O)NC1:C:C:C:C(OC(=O)NC(C)(C)C):C:1,1.0,CN(C)C(=O)Nc1cccc(OC(=O)NC(C)(C)C)c1
Cl[Sn](Cl)(Cl)Cl,0.0,[Cl][Sn]([Cl])([Cl])[Cl]
NCC1:C:C:C(S(N)(=O)=O):C:C:1,0.0,NCc1ccc(S(N)(=O)=O)cc1
CC(O)(P(=O)([O-])O)P(=O)([O-])O,0.0,CC(O)(P(=O)([O-])O)P(=O)([O-])O
O=[Si]=O,0.0,O=[Si]=O
CO[Si](C)(OC)C1:C:C:C:C:C:1,0.0,CO[Si](C)(OC)c1ccccc1
CC1:C:C:C(S(=O)(=O)[N-]Cl):C:C:1,0.0,Cc1ccc(S(=O)(=O)[N-]Cl)cc1
[O-]C1:C:C:C:C:C:1C1:C:C:C:C:C:1,1.0,[O-]c1ccccc1-c1ccccc1
O=[N+]([O-])C1:C:C:C:C2:C:C:C:C([N+](=O)[O-]):C:1:2,1.0,O=[N+]([O-])c1cccc2cccc([N+](=O)[O-])c12
O=[N+]([O-])C1:C:C([N+](=O)[O-]):C2:C:C:C(S(=O)(=O)O):C:C:2:C:1O,0.0,O=[N+]([O-])c1cc([N+](=O)[O-])c2ccc(S(=O)(=O)O)cc2c1O
O=[N+]([O-])C1:C:C([N+](=O)[O-]):C2:C:C:C:C:C:2:C:1,1.0,O=[N+]([O-])c1cc([N+](=O)[O-])c2ccccc2c1
O=[N+]([O-])C1:C:C:C:C2:C([N+](=O)[O-]):C:C:C:C:1:2,1.0,O=[N+]([O-])c1cccc2c([N+](=O)[O-])cccc12
NC1:C:C:C(CC2:C:C:C(N):C(Cl):C:2):C:C:1Cl,0.0,Nc1ccc(Cc2ccc(N)c(Cl)c2)cc1Cl
CCCCOC(=O)[C@H](C)O,0.0,CCCCOC(=O)[C@H](C)O
CCCOC(=O)CC,0.0,CCCOC(=O)CC
CC(COC(C)(C)C)OCCCO,0.0,CC(COC(C)(C)C)OCCCO
OC[C@H]1O[C@H](O[C@]2(CCl)O[C@H](CCl)[C@@H](O)[C@@H]2O)[C@H](O)[C@@H](O)[C@H]1Cl,0.0,OC[C@H]1O[C@H](O[C@]2(CCl)O[C@H](CCl)[C@@H](O)[C@@H]2O)[C@H](O)[C@@H](O)[C@H]1Cl
CCOP(=S)(OCC)SCSC(C)(C)C,0.0,CCOP(=S)(OCC)SCSC(C)(C)C
O=C1CCC(N2C(=O)C3:C:C:C:C:C:3C2=O)C(=O)N1,0.0,O=C1CCC(N2C(=O)c3ccccc3C2=O)C(=O)N1
CCCCOCCOCCO,0.0,CCCCOCCOCCO
O=C(O)/C=C/C(=O)O,1.0,O=C(O)/C=C/C(=O)O
O=C(O)/C=C\C(=O)O,0.0,O=C(O)/C=C\C(=O)O
CCC(C)=O,0.0,CCC(C)=O
CCCC(=O)O,0.0,CCCC(=O)O
CCCC=O,0.0,CCCC=O
CC(C)=CC1C(C(=O)OCC2:C:O:C(CC3:C:C:C:C:C:3):C:2)C1(C)C,1.0,CC(C)=CC1C(C(=O)OCc2coc(Cc3ccccc3)c2)C1(C)C
CCC(=O)OC,0.0,CCC(=O)OC
C1:C:C(C2:C:C:N:C:C:2):C:C:N:1,0.0,c1cc(-c2ccncc2)ccn1
C[Si]1(C)O[Si](C)(C)O[Si](C)(C)O[Si](C)(C)O1,0.0,C[Si]1(C)O[Si](C)(C)O[Si](C)(C)O[Si](C)(C)O1
CN=C=S,0.0,CN=C=S
CC(C)=CCO,0.0,CC(C)=CCO
COP(=O)(OC)O/C(C)=C/C(=O)N(C)C,0.0,COP(=O)(OC)O/C(C)=C/C(=O)N(C)C
ClCCOCOCCCl,0.0,ClCCOCOCCCl
CC(C)=CCl,0.0,CC(C)=CCl
O=C1C2:C(O):C:C:C(NC3:C:C:C(CCO):C:C:3):C:2C(=O)C2:C([N+](=O)[O-]):C:C:C(O):C:21,1.0,O=C1c2c(O)ccc(Nc3ccc(CCO)cc3)c2C(=O)c2c([N+](=O)[O-])ccc(O)c21
O=C1C(O)=C([C@H]2CC[C@H](C3:C:C:C(Cl):C:C:3)CC2)C(=O)C2:C:C:C:C:C:21,1.0,O=C1C(O)=C([C@H]2CC[C@H](c3ccc(Cl)cc3)CC2)C(=O)c2ccccc21
OC1:C:C:C(C2:C:C:C:C:C:2):C(Cl):C:1,1.0,Oc1ccc(-c2ccccc2)c(Cl)c1
O=C1CCCCCCCCCCC(=O)OCCO1,0.0,O=C1CCCCCCCCCCC(=O)OCCO1
O=[PH]1OC2:C:C:C:C:C:2C2:C:C:C:C:C:21,0.0,O=[PH]1Oc2ccccc2-c2ccccc21
CC(NC(C)(C)C)C(=O)C1:C:C:C:C(Cl):C:1,0.0,CC(NC(C)(C)C)C(=O)c1cccc(Cl)c1
CN(C)CCCN(C)CCCN(C)C,0.0,CN(C)CCCN(C)CCCN(C)C
NCCCOCCOCCOCCCN,1.0,NCCCOCCOCCOCCCN
CC(C)=CCC[C@@](C)(O)[C@H]1CC=C(C)CC1,0.0,CC(C)=CCC[C@@](C)(O)[C@H]1CC=C(C)CC1
O=C1C2:C:C:C:C:C:2C(=O)C2:C1:C:C:C(O):C:2O,0.0,O=C1c2ccccc2C(=O)c2c1ccc(O)c2O
COC1:C:C(OC):C:C(OC):C:1,0.0,COc1cc(OC)cc(OC)c1
CCC(=O)C(CC(C)N(C)C)(C1:C:C:C:C:C:1)C1:C:C:C:C:C:1,0.0,CCC(=O)C(CC(C)N(C)C)(c1ccccc1)c1ccccc1
CC1:C(N(C)C):C(=O):N(C2:C:C:C:C:C:2):N:1C,0.0,Cc1c(N(C)C)c(=O)n(-c2ccccc2)n1C
CN(C)CCO,0.0,CN(C)CCO
CN(C)C1:C:C:C:C:C:1,0.0,CN(C)c1ccccc1
C[As](C)(=O)O,0.0,C[As](C)(=O)O
CC1(C)C(=O)NC(=O)NC1=O,0.0,CC1(C)C(=O)NC(=O)NC1=O
O=C(C1:C:C:C(O):C:C:1O)C1:C:C:C(O):C:C:1O,0.0,O=C(c1ccc(O)cc1O)c1ccc(O)cc1O
C=C(C)C(=O)OCCOC1CC2CC1C1C=CCC21,0.0,C=C(C)C(=O)OCCOC1CC2CC1C1C=CCC21
CCN(CC)C(=O)C1:C:C:C(O):C(OC):C:1,0.0,CCN(CC)C(=O)c1ccc(O)c(OC)c1
CC(=O)OC(C)OC(=O)C(C)C1:C:C:C(C2:C:C:C:C:C:2):C(F):C:1,0.0,CC(=O)OC(C)OC(=O)C(C)c1ccc(-c2ccccc2)c(F)c1
CCN(CC)CCNC(=O)C1:C:C(S(C)(=O)=O):C:C:C:1OC,0.0,CCN(CC)CCNC(=O)c1cc(S(C)(=O)=O)ccc1OC
FC(F)(F)C1:C:C:C:C:C:1N1:C:C:N:C:1,0.0,FC(F)(F)c1ccccc1-n1ccnc1
O=C(O)C(F)(F)C(F)(F)C(F)(F)C(F)(F)C(F)(F)C(F)(F)C(F)(F)C(F)(F)F,1.0,O=C(O)C(F)(F)C(F)(F)C(F)(F)C(F)(F)C(F)(F)C(F)(F)C(F)(F)C(F)(F)F
O=C(O)C(F)(F)C(F)(F)C(F)(F)C(F)(F)C(F)(F)F,0.0,O=C(O)C(F)(F)C(F)(F)C(F)(F)C(F)(F)C(F)(F)F
O=C(O)C(F)(F)C(F)(F)C(F)(F)C(F)(F)C(F)(F)C(F)(F)C(F)(F)F,1.0,O=C(O)C(F)(F)C(F)(F)C(F)(F)C(F)(F)C(F)(F)C(F)(F)C(F)(F)F
COC(=O)[C@@H]1CC2=CC(=O)CC[C@]2(C)[C@@]23O[C@@H]2C[C@@]2(C)[C@@H](CC[C@@]24CCC(=O)O4)[C@H]13,0.0,COC(=O)[C@@H]1CC2=CC(=O)CC[C@]2(C)[C@@]23O[C@@H]2C[C@@]2(C)[C@@H](CC[C@@]24CCC(=O)O4)[C@H]13
CC(C)CC(=O)N[C@H](C(=O)N[C@H](C(=O)N[C@@H](CC(C)C)[C@@H](O)CC(=O)N[C@@H](C)C(=O)N[C@@H](CC(C)C)[C@@H](O)CC(=O)O)C(C)C)C(C)C,0.0,CC(C)CC(=O)N[C@H](C(=O)N[C@H](C(=O)N[C@@H](CC(C)C)[C@@H](O)CC(=O)N[C@@H](C)C(=O)N[C@@H](CC(C)C)[C@@H](O)CC(=O)O)C(C)C)C(C)C
CN(C)CCC1:C:C:C(O):C:C:1,0.0,CN(C)CCc1ccc(O)cc1
C1:C:C2:C(:C(N3CCNCC3):C:1)OCCO2,0.0,c1cc2c(c(N3CCNCC3)c1)OCCO2
CN1C(=O)[C@@H](NC(=O)C2:C:C3:C:C:C:C:C:3:[NH]:2)N=C(C2:C:C:C:C:C:2)C2:C:C:C:C:C:21,1.0,CN1C(=O)[C@@H](NC(=O)c2cc3ccccc3[nH]2)N=C(c2ccccc2)c2ccccc21
O=C1:[NH]:C2:C:C(C(F)(F)F):C(N3CCOCC3):C:C:2:N(CP(=O)(O)O):C:1=O,0.0,O=c1[nH]c2cc(C(F)(F)F)c(N3CCOCC3)cc2n(CP(=O)(O)O)c1=O
CC(=O)NC1:C:C:C(S(=O)(=O)Cl):C:C:1,0.0,CC(=O)Nc1ccc(S(=O)(=O)Cl)cc1
CC1:C:C:C([N+](=O)[O-]):C:C:1Cl,0.0,Cc1ccc([N+](=O)[O-])cc1Cl
CCN(CC)C(=O)N[C@@H]1C=C2C3:C:C:C:C4:[NH]:C:C(:C:3:4)C[C@@H]2N(C)C1,0.0,CCN(CC)C(=O)N[C@@H]1C=C2c3cccc4[nH]cc(c34)C[C@@H]2N(C)C1
C=CCN1CCC2:N:C(N):S:C:2CC1,0.0,C=CCN1CCc2nc(N)sc2CC1
CN(C(=O)CC1:C:C:C:C:C:1)[C@H]1CC[C@@]2(CCCO2)C[C@@H]1N1CCCC1,0.0,CN(C(=O)Cc1ccccc1)[C@H]1CC[C@@]2(CCCO2)C[C@@H]1N1CCCC1
CN1C[C@@H](NS(=O)(=O)N(C)C)C[C@@H]2C3:C:C:C:C4:C:3:C(:C:N:4C)C[C@H]21,0.0,CN1C[C@@H](NS(=O)(=O)N(C)C)C[C@@H]2c3cccc4c3c(cn4C)C[C@H]21
CC(C)(C)NSC1:N:C2:C:C:C:C:C:2:S:1,1.0,CC(C)(C)NSc1nc2ccccc2s1
CC1=CC(=O)CCC1,0.0,CC1=CC(=O)CCC1
CC(C)C1:C:C:C:C:C:1C(C)C,0.0,CC(C)c1ccccc1C(C)C
O=C=NC1CCC(CC2CCC(N=C=O)CC2)CC1,0.0,O=C=NC1CCC(CC2CCC(N=C=O)CC2)CC1
C1:C:C:C2:S:C(SN(C3CCCCC3)C3CCCCC3):N:C:2:C:1,1.0,c1ccc2sc(SN(C3CCCCC3)C3CCCCC3)nc2c1
CC(C)C(=O)OCC(C)(C)C(O)C(C)C,0.0,CC(C)C(=O)OCC(C)(C)C(O)C(C)C
CC1:C:C:C:C(Cl):C:1,0.0,Cc1cccc(Cl)c1
C1=CCCC=CCCC=CCC1,0.0,C1=CCCC=CCCC=CCC1
C=C(C)C#N,0.0,C=C(C)C#N
COP(N)(=O)SC,0.0,COP(N)(=O)SC
CCCCSP(=O)(SCCCC)SCCCC,0.0,CCCCSP(=O)(SCCCC)SCCCC
COCC(=O)N(C1:C(C):C:C:C:C:1C)C(C)C(=O)OC,0.0,COCC(=O)N(c1c(C)cccc1C)C(C)C(=O)OC
C[N+]1(C)CCCCC1,0.0,C[N+]1(C)CCCCC1
CN1:C:C(C2=C(C3:C:N(C4CCN(CC5:C:C:C:C:N:5)CC4):C4:C:C:C:C:C:3:4)C(=O)NC2=O):C2:C:C:C:C:C:2:1,0.0,Cn1cc(C2=C(c3cn(C4CCN(Cc5ccccn5)CC4)c4ccccc34)C(=O)NC2=O)c2ccccc21
O=C1CN=C(C2:C:C:C:C:C:2)C2:C:C(Cl):C:C:C:2N1CC1CC1,1.0,O=C1CN=C(c2ccccc2)c2cc(Cl)ccc2N1CC1CC1
NC1:C(Cl):C(Cl):C(Cl):C(Cl):C:1Cl,0.0,Nc1c(Cl)c(Cl)c(Cl)c(Cl)c1Cl
CCOC(=O)CCC(C)=O,0.0,CCOC(=O)CCC(C)=O
C[C@]12C[C@H](O)[C@H]3[C@@H](CCC4=CC(=O)C=C[C@@]43C)[C@@H]1CC[C@]2(O)C(=O)CO,0.0,C[C@]12C=CC(=O)C=C1CC[C@@H]1[C@@H]2[C@@H](O)C[C@@]2(C)[C@H]1CC[C@]2(O)C(=O)CO
C[C@]12CC(=O)[C@H]3[C@@H](CCC4=CC(=O)C=C[C@@]43C)[C@@H]1CC[C@]2(O)C(=O)CO,0.0,C[C@]12C=CC(=O)C=C1CC[C@@H]1[C@@H]2C(=O)C[C@@]2(C)[C@H]1CC[C@]2(O)C(=O)CO
CNC(=O)CSP(=O)(OC)OC,0.0,CNC(=O)CSP(=O)(OC)OC
CCCN(CCC)S(=O)(=O)C1:C:C:C(C(=O)O):C:C:1,0.0,CCCN(CCC)S(=O)(=O)c1ccc(C(=O)O)cc1
C=C(C)[C@@H]1CCC2=CCC[C@@H](C)[C@]2(C)C1,1.0,C=C(C)[C@@H]1CCC2=CCC[C@@H](C)[C@]2(C)C1
C=CC(C)=CCC=C(C)C,1.0,C=CC(C)=CCC=C(C)C
C=C(C)[C@@H]1CCC2=CC(=O)C[C@@H](C)[C@]2(C)C1,0.0,C=C(C)[C@@H]1CCC2=CC(=O)C[C@@H](C)[C@]2(C)C1
CCOC(=O)CC(C)C,0.0,CCOC(=O)CC(C)C
CCCCCCCCCCCCN(CCCCCCCCCCCC)CCCCCCCCCCCC,0.0,CCCCCCCCCCCCN(CCCCCCCCCCCC)CCCCCCCCCCCC
C1:C:C(C(C2:C:C:C(OCC3CO3):C:C:2)C2:C:C:C(OCC3CO3):C:C:2):C:C:C:1OCC1CO1,1.0,c1cc(C(c2ccc(OCC3CO3)cc2)c2ccc(OCC3CO3)cc2)ccc1OCC1CO1
C=C(C)C(=O)OCCCCCCCCCCOC(=O)C(=C)C,0.0,C=C(C)C(=O)OCCCCCCCCCCOC(=O)C(=C)C
CCC(=O)OCC1:C:C:C:C:C:1,0.0,CCC(=O)OCc1ccccc1
CC1:C:C:C:C(NC2:C:C:C:C:C:2):C:1,0.0,Cc1cccc(Nc2ccccc2)c1
O=S(=O)([O-])CC(O)CCl,0.0,O=S(=O)([O-])CC(O)CCl
C=CCOCC(CC)(CO)COCC=C,0.0,C=CCOCC(CC)(CO)COCC=C
NS(=O)(=O)C1:C:C:C:C:C:1Cl,0.0,NS(=O)(=O)c1ccccc1Cl
CCC(C)(CCC(C)C)C(=O)O[Sn](C)(C)OC(=O)C(C)(CC)CCC(C)C,1.0,CCC(C)(CCC(C)C)C(=O)[O][Sn]([CH3])([CH3])[O]C(=O)C(C)(CC)CCC(C)C
CC(C)(C)C1CCCCC1O,0.0,CC(C)(C)C1CCCCC1O
CC(C)CP(=S)([S-])CC(C)C,0.0,CC(C)CP(=S)([S-])CC(C)C
CCOC1:C(N2CCOCC2):C:N:N(C):C:1=O,0.0,CCOc1c(N2CCOCC2)cnn(C)c1=O
CN1CCC(=C2C3:C:C:C:C:C:3CCC3:C:C:C:N:C:32)CC1,0.0,CN1CCC(=C2c3ccccc3CCc3cccnc32)CC1
CC(=O)OC[C@H]1O[C@@H](N2:N:C:C(=O):[NH]:C:2=O)[C@H](OC(C)=O)[C@@H]1OC(C)=O,0.0,CC(=O)OC[C@H]1O[C@@H](n2ncc(=O)[nH]c2=O)[C@H](OC(C)=O)[C@@H]1OC(C)=O
CCOC(=O)[C@H](CCC1:C:C:C:C:C:1)N[C@@H](C)C(=O)N1CCC[C@H]1C(=O)O,0.0,CCOC(=O)[C@H](CCc1ccccc1)N[C@@H](C)C(=O)N1CCC[C@H]1C(=O)O
CN(C)C(=O)NC1:C:C:C(Cl):C:C:1,0.0,CN(C)C(=O)Nc1ccc(Cl)cc1
CC1:C:C:C(S(=O)(=O)N=C=O):C:C:1,0.0,Cc1ccc(S(=O)(=O)N=C=O)cc1
NC(=O)C1:C:C:C:C:C:1O,0.0,NC(=O)c1ccccc1O
O=C1C[C@@H]2OCC=C3CN4CC[C@]56C7:C:C:C:C:C:7N1[C@H]5[C@H]2[C@H]3C[C@H]46.O=C1C[C@@H]2OCC=C3CN4CC[C@]56C7:C:C:C:C:C:7N1[C@H]5[C@H]2[C@H]3C[C@H]46,0.0,O=C1C[C@@H]2OCC=C3CN4CC[C@]56c7ccccc7N1[C@H]5[C@H]2[C@H]3C[C@H]46.O=C1C[C@@H]2OCC=C3CN4CC[C@]56c7ccccc7N1[C@H]5[C@H]2[C@H]3C[C@H]46
O=C1:O:C2:C:C:C:C:C:2:C(O):C:1CC1:C(O):C2:C:C:C:C:C:2:O:C:1=O,1.0,O=c1oc2ccccc2c(O)c1Cc1c(O)c2ccccc2oc1=O
O=C1NCC2(CCN(CCC3:C:C:C:C:C:3)CC2)O1,0.0,O=C1NCC2(CCN(CCc3ccccc3)CC2)O1
CCOC(=O)NC1:C:C:C(NCC2:C:C:C(F):C:C:2):N:C:1N,0.0,CCOC(=O)Nc1ccc(NCc2ccc(F)cc2)nc1N
CC1:C:N:[NH]:C:1,0.0,Cc1cn[nH]c1
NC(=O)C1:N:C:N([C@@H]2O[C@H](CO)[C@@H](O)[C@H]2O):C:1O,0.0,NC(=O)c1ncn([C@@H]2O[C@H](CO)[C@@H](O)[C@H]2O)c1O
C#CCN(C)CCCOC1:C:C:C(Cl):C:C:1Cl,1.0,C#CCN(C)CCCOc1ccc(Cl)cc1Cl
CCCCCCCCCCCC#N,0.0,CCCCCCCCCCCC#N
CC1:C:C:C(C):C(O):C:1C,0.0,Cc1ccc(C)c(O)c1C
C=C(C)C(=O)OCCOCC,0.0,C=C(C)C(=O)OCCOCC
CC(C)[C@@H]1CC[C@@H](C)C[C@H]1O,0.0,CC(C)[C@@H]1CC[C@@H](C)C[C@H]1O
COP(=S)(OC)OC1:N:C(Cl):C(Cl):C:C:1Cl,0.0,COP(=S)(OC)Oc1nc(Cl)c(Cl)cc1Cl
C#CCOC(=O)[C@@H](C)OC1:C:C:C(OC2:N:C:C(Cl):C:C:2F):C:C:1,0.0,C#CCOC(=O)[C@@H](C)Oc1ccc(Oc2ncc(Cl)cc2F)cc1
CC1(C)CON(CC2:C:C:C:C:C:2Cl)C1=O,1.0,CC1(C)CON(Cc2ccccc2Cl)C1=O
CCSC(=O)N(CC)C1CCCCC1,0.0,CCSC(=O)N(CC)C1CCCCC1
COC(=O)C(C)OC1:C:C:C(OC2:C:C:C(Cl):C:C:2Cl):C:C:1,0.0,COC(=O)C(C)Oc1ccc(Oc2ccc(Cl)cc2Cl)cc1
CCNC(=O)NC(=O)/C(C#N)=N/OC,0.0,CCNC(=O)NC(=O)/C(C#N)=N/OC
COC1:C:C2:N:C(N(C)CCCNC(=O)C3CCCO3):N:C(N):C:2:C:C:1OC,1.0,COc1cc2nc(N(C)CCCNC(=O)C3CCCO3)nc(N)c2cc1OC
CN(C)C(=O)OC1:C:C(OC(=O)N(C)C):C:C(C(O)CNC(C)(C)C):C:1,0.0,CN(C)C(=O)Oc1cc(OC(=O)N(C)C)cc(C(O)CNC(C)(C)C)c1
CCC(=O)O[C@]1(C(=O)SCF)[C@H](C)C[C@H]2C3C[C@H](F)C4=CC(=O)C=C[C@]4(C)[C@@]3(F)[C@@H](O)C[C@@]21C,0.0,CCC(=O)O[C@]1(C(=O)SCF)[C@H](C)C[C@H]2C3C[C@H](F)C4=CC(=O)C=C[C@]4(C)[C@@]3(F)[C@@H](O)C[C@@]21C
C[C@@]12CCC[C@H]1[C@@H]1CC[C@H]3C[C@@H](O)CC[C@]3(C)[C@H]1CC2,0.0,C[C@@]12CCC[C@H]1[C@@H]1CC[C@H]3C[C@@H](O)CC[C@]3(C)[C@H]1CC2
CC(=O)SC[C@@H](CC1:C:C:C:C:C:1)C(=O)NCC(=O)OCC1:C:C:C:C:C:1,0.0,CC(=O)SC[C@@H](Cc1ccccc1)C(=O)NCC(=O)OCc1ccccc1
CCCN1CCC[C@@H]2CC3:N:[NH]:C:C:3C[C@H]21,0.0,CCCN1CCC[C@@H]2Cc3n[nH]cc3C[C@H]21
CCC(C)(C)C(=O)O[C@H]1C[C@@H](C)C=C2C=C[C@H](C)[C@H](CC[C@@H]3C[C@@H](O)CC(=O)O3)[C@H]21,1.0,CCC(C)(C)C(=O)O[C@H]1C[C@@H](C)C=C2C=C[C@H](C)[C@H](CC[C@@H]3C[C@@H](O)CC(=O)O3)[C@H]21
CC(C)=CCOC1:C:C:C(/C=C/C(=O)C2:C:C:C(OCC=C(C)C):C:C:2OCC(=O)O):C:C:1,1.0,CC(C)=CCOc1ccc(/C=C/C(=O)c2ccc(OCC=C(C)C)cc2OCC(=O)O)cc1
O=C1NC(=O)[C@@]2(CCOC3:C:C:C(F):C:C:32)N1,0.0,O=C1NC(=O)[C@@]2(CCOc3ccc(F)cc32)N1
OC[C@H](O)[C@@H](O)[C@H](O)[C@H](O)CO,0.0,OC[C@@H](O)[C@@H](O)[C@H](O)[C@@H](O)CO
CCCCCCCCCCCCOS(=O)(=O)O.OCCN(CCO)CCO,0.0,CCCCCCCCCCCCOS(=O)(=O)O.OCCN(CCO)CCO
[O-]C1:C:C:C:C:C:1,0.0,[O-]c1ccccc1
C1:C:C:C2:C(:C:1):C1:C:C:C:C3:C:C:C4:C:C:C:C:2:C:4:C:3:1,1.0,c1ccc2c(c1)c1cccc3ccc4cccc2c4c31
C=CCNCC=C,0.0,C=CCNCC=C
CCCCCCCCCC,1.0,CCCCCCCCCC
C=C(C)C(=O)OCCCCCCCCCC,0.0,C=C(C)C(=O)OCCCCCCCCCC
C=CC(=O)NC(C)(C)CC(C)=O,0.0,C=CC(=O)NC(C)(C)CC(C)=O
CC(=O)CC(C)(C)O,0.0,CC(=O)CC(C)(C)O
O=C([O-])C(Cl)Cl,0.0,O=C([O-])C(Cl)Cl
ClC1:C:C(Cl):C(Cl):N:C:1Cl,0.0,Clc1cc(Cl)c(Cl)nc1Cl
NNC(=S)NN,0.0,NNC(=S)NN
NC(=O)NC1:C:C:C(Cl):C:C:1,0.0,NC(=O)Nc1ccc(Cl)cc1
[O-][N+]1:C:C:C(Cl):C:C:1,0.0,[O-][n+]1ccc(Cl)cc1
CCCCC/C=C\CCC=O,0.0,CCCCC/C=C\CCC=O
CC1=C(O)C(=O)C(C)O1,0.0,CC1=C(O)C(=O)C(C)O1
COC1:C:C:C(CCO):C:C:1,0.0,COc1ccc(CCO)cc1
CCCC(C)C(O)CC,0.0,CCCC(C)C(O)CC
OC1:C:C:C(/C=C/C2:C:C(O):C:C(O):C:2):C:C:1,1.0,Oc1ccc(/C=C/c2cc(O)cc(O)c2)cc1
O=C(O)CC1:C:S:C(C2:C:C:C(Cl):C:C:2):N:1,0.0,O=C(O)Cc1csc(-c2ccc(Cl)cc2)n1
O=C(O)CC1:C:N(C2:C:C:C:C:C:2):N:C:1C1:C:C:C(Cl):C:C:1,0.0,O=C(O)Cc1cn(-c2ccccc2)nc1-c1ccc(Cl)cc1
CC1:C:C:C:C(C):C:1NC(=O)CN1CCCC1,0.0,Cc1cccc(C)c1NC(=O)CN1CCCC1
NS(=O)(=O)C1:C:C:C(Cl):C(S(N)(=O)=O):C:1,0.0,NS(=O)(=O)c1ccc(Cl)c(S(N)(=O)=O)c1
COC1:C:C:C(C=CC(=O)C2:C:C:C(OC):C:C:2OC):C:C:1,1.0,COc1ccc(C=CC(=O)c2ccc(OC)cc2OC)cc1
O=C(NCN1CCOCC1)C1:C:N:C:C:N:1,0.0,O=C(NCN1CCOCC1)c1cnccn1
C=C/C(C)=C/C/C=C(\C)CCC=C(C)C,1.0,C=C/C(C)=C/C/C=C(\C)CCC=C(C)C
CCC(=O)OCCOC1:C:C:C:C:C:1,0.0,CCC(=O)OCCOc1ccccc1
CC(=O)CCC1=C(C)CCCC1(C)C,0.0,CC(=O)CCC1=C(C)CCCC1(C)C
COC1:C:C(C=O):C:C:C:1OC(=O)C(C)C,0.0,COc1cc(C=O)ccc1OC(=O)C(C)C
CN1N=C(C(N)=O)CCC1=O,0.0,CN1N=C(C(N)=O)CCC1=O
C[C@]12CC[C@H]3[C@@H](CCC4=CC(=O)CC[C@@]43C)[C@@H]1CC[C@@H]2C(=O)O,0.0,C[C@]12CC[C@H]3[C@@H](CCC4=CC(=O)CC[C@@]43C)[C@@H]1CC[C@@H]2C(=O)O
CC1:S:C:C:C:1Br,0.0,Cc1sccc1Br
O=C(CCCl)NCCC1:C:C:C:C:C:1,0.0,O=C(CCCl)NCCc1ccccc1
[O-][N+]1:C:C:C:C(/C(Cl)=N/OC[C@H](O)CN2CCCCC2):C:1,0.0,[O-][n+]1cccc(/C(Cl)=N/OC[C@H](O)CN2CCCCC2)c1
C=CCNC1:N:C(NCC=C):N:C(N2CCN(C(C3:C:C:C(F):C:C:3)C3:C:C:C(F):C:C:3)CC2):N:1,1.0,C=CCNc1nc(NCC=C)nc(N2CCN(C(c3ccc(F)cc3)c3ccc(F)cc3)CC2)n1
S=C1:[NH]:C2:C:C:C:C:C:2:[NH]:1,0.0,S=c1[nH]c2ccccc2[nH]1
S=C1NC=NC2N=CNC12,1.0,S=C1NC=NC2N=CNC12
CCCCCCCCCC(=O)OC,0.0,CCCCCCCCCC(=O)OC
OC/C=C/CO,1.0,OC/C=C/CO
OCC1:C:[NH]:C2:C:C:C:C:C:1:2,1.0,OCc1c[nH]c2ccccc12
CNCC(O)C1:C:C:C(O):C:C:1,0.0,CNCC(O)c1ccc(O)cc1
O=CCCl,0.0,O=CCCl
O=C(CCl)C1:C:C:C:C:C:1,1.0,O=C(CCl)c1ccccc1
COC(=O)C1:C:C:C:C:C:1C(=O)O,0.0,COC(=O)c1ccccc1C(=O)O
CC(=O)NC1:C:C:C(C(=O)CCl):C:C:1,1.0,CC(=O)Nc1ccc(C(=O)CCl)cc1
CCCCOC(=O)C1:C:C:C:C:C:1C(=O)O,0.0,CCCCOC(=O)c1ccccc1C(=O)O
NC1:C:C:C(Cl):C:C:1,0.0,Nc1ccc(Cl)cc1
C1:C:C:C(CCCC2:C:C:C:C:N:2):C:C:1,0.0,c1ccc(CCCc2ccccn2)cc1
CCC(C)C1:C:C([N+](=O)[O-]):C:C([N+](=O)[O-]):C:1OC(=O)C=C(C)C,1.0,CCC(C)c1cc([N+](=O)[O-])cc([N+](=O)[O-])c1OC(=O)C=C(C)C
CCC(C)C1:C:C([N+](=O)[O-]):C:C([N+](=O)[O-]):C:1OC(=O)OC(C)C,1.0,CCC(C)c1cc([N+](=O)[O-])cc([N+](=O)[O-])c1OC(=O)OC(C)C
CC(=O)OCC1=C(C(=O)O)N2C(=O)[C@@H](N)[C@H]2SC1,0.0,CC(=O)OCC1=C(C(=O)O)N2C(=O)[C@@H](N)[C@H]2SC1
COC(=O)NC1:N:C2:C:C:C:C:C:2:[NH]:1,0.0,COC(=O)Nc1nc2ccccc2[nH]1
O=C1CCCCC1Cl,0.0,O=C1CCCCC1Cl
CC1(C)[C@@H]2CC[C@@]1(C)C(=O)C2,0.0,CC1(C)[C@@H]2CC[C@@]1(C)C(=O)C2
NC(N)=O.OO,0.0,NC(N)=O.OO
CCCCCCCC(=O)Cl,0.0,CCCCCCCC(=O)Cl
CCCCCOC(C)=O,0.0,CCCCCOC(C)=O
CCCCCCCCCCCCCC,0.0,CCCCCCCCCCCCCC
CCCCCCCCCCCCC,0.0,CCCCCCCCCCCCC
OCCCCCCO,0.0,OCCCCCCO
C=CCCCCCCCCCCCCCC,0.0,C=CCCCCCCCCCCCCCC
CCCCCCCCCCCCCCC,0.0,CCCCCCCCCCCCCCC
CSC1:C:C:C(Cl):C:C:1,0.0,CSc1ccc(Cl)cc1
ClC1:C:C:C2:C:C:C:C:C:2:C:1,0.0,Clc1ccc2ccccc2c1
CC1:C:C:C:C:C:1Cl,0.0,Cc1ccccc1Cl
CS(=O)(=O)C1:C:C:C(Cl):C:C:1,0.0,CS(=O)(=O)c1ccc(Cl)cc1
CN1:C(N):N:C2:C3:C:C:C:N:C:3:C:C:C:2:1,0.0,Cn1c(N)nc2c3cccnc3ccc21
IC(I)I,0.0,IC(I)I
COC1:C:C:C2:C(:C:1):C(CC(=O)O):C(C):N:2C(=O)C1:C:C:C(Cl):C:C:1,0.0,COc1ccc2c(c1)c(CC(=O)O)c(C)n2C(=O)c1ccc(Cl)cc1
C=CCOCC(CO)(COCC=C)COCC=C,0.0,C=CCOCC(CO)(COCC=C)COCC=C
CC1:C(C):C([N+](=O)[O-]):C(C(C)(C)C):C([N+](=O)[O-]):C:1C,0.0,Cc1c(C)c([N+](=O)[O-])c(C(C)(C)C)c([N+](=O)[O-])c1C
C#CCN(C)[C@H](C)CC1:C:C:C:C:C:1,0.0,C#CCN(C)[C@H](C)Cc1ccccc1
O=C1CN(N=CC2:C:C:C(C3:C:C:C([N+](=O)[O-]):C:C:3):O:2)C(=O)[N-]1,0.0,O=C1CN(N=Cc2ccc(-c3ccc([N+](=O)[O-])cc3)o2)C(=O)[N-]1
CCN(CCC#N)C1:C:C:C:C:C:1,0.0,CCN(CCC#N)c1ccccc1
OC[C@H](CC1:C:C:C:C(O):C:1)[C@H](CO)CC1:C:C:C:C(O):C:1,0.0,OC[C@H](Cc1cccc(O)c1)[C@H](CO)Cc1cccc(O)c1
COC1:C:C(Cl):C:C:C:1OC1:C:C:C(Cl):C:C:1Cl,0.0,COc1cc(Cl)ccc1Oc1ccc(Cl)cc1Cl
CC1:C:C:C(O):C(C(=O)C2:C:C:C:C:C:2):C:1,0.0,Cc1ccc(O)c(C(=O)c2ccccc2)c1
O=C(C1:C:C:C:C:C:1)C1:C:C:C:C:C:1O,0.0,O=C(c1ccccc1)c1ccccc1O
O=C(OC1:C:C:C:C:C:1)C1:C:C:C(O):C:C:1,0.0,O=C(Oc1ccccc1)c1ccc(O)cc1
O=C1:[NH]:C:N:C2:N:C:[NH]:C:1:2,0.0,O=c1[nH]cnc2nc[nH]c12
CN1CC(=O)NC1=N,0.0,CN1CC(=O)NC1=N
CC1(C)O[C@H]2CC(=O)OC[C@@]23[C@H]1CC(=O)[C@]1(C)[C@@H]3CC[C@@]2(C)[C@H](C3:C:C:O:C:3)OC(=O)[C@H]3O[C@]321,0.0,CC1(C)O[C@H]2CC(=O)OC[C@]23[C@H]2CC[C@@]4(C)[C@H](c5ccoc5)OC(=O)[C@H]5O[C@]54[C@]2(C)C(=O)C[C@@H]13
CN(C)CCN(CC1:C:C:C:C:C:1)C1:C:C:C:C:N:1.O=C(O)CC(O)(CC(=O)O)C(=O)O,0.0,CN(C)CCN(Cc1ccccc1)c1ccccn1.O=C(O)CC(O)(CC(=O)O)C(=O)O
ClC1:C:C:C:C:C:1,0.0,Clc1ccccc1
CCCCCCCCCCC[C@@H](C[C@@H]1OC(=O)[C@H]1CCCCCC)OC(=O)C(CC(C)C)NC=O,0.0,CCCCCCCCCCC[C@@H](C[C@@H]1OC(=O)[C@H]1CCCCCC)OC(=O)C(CC(C)C)NC=O
CCC1CO1,0.0,CCC1CO1
FC(F)OC(F)(F)C(F)Cl,0.0,FC(F)OC(F)(F)C(F)Cl
O=S1OCC2C(CO1)C1(Cl)C(Cl)=C(Cl)C2(Cl)C1(Cl)Cl,1.0,O=S1OCC2C(CO1)C1(Cl)C(Cl)=C(Cl)C2(Cl)C1(Cl)Cl
ClCC1CO1,0.0,ClCC1CO1
O=C(O[C@@H]1CC2:C(O):C:C(O):C:C:2O[C@@H]1C1:C:C(O):C(O):C(O):C:1)C1:C:C(O):C(O):C(O):C:1,0.0,O=C(O[C@@H]1Cc2c(O)cc(O)cc2O[C@@H]1c1cc(O)c(O)c(O)c1)c1cc(O)c(O)c(O)c1
CCCN1:C:N:C2:C:1:C(=O):N(CCCCC(C)=O):C(=O):N:2C,0.0,CCCn1cnc2c1c(=O)n(CCCCC(C)=O)c(=O)n2C
C1:C:N:C(N2CCN(CC3:C:C:C4:C(:C:3)OCO4)CC2):N:C:1,0.0,c1cnc(N2CCN(Cc3ccc4c(c3)OCO4)CC2)nc1
CC1:C:C:C(=O):N(C2:C:C:C:C:C:2):C:1,0.0,Cc1ccc(=O)n(-c2ccccc2)c1
CCOC1:N:C2:C:C:C:C(C(=O)O):C:2:N:1CC1:C:C:C(C2:C:C:C:C:C:2C2:N:N:N:[NH]:2):C:C:1,0.0,CCOc1nc2cccc(C(=O)O)c2n1Cc1ccc(-c2ccccc2-c2nnn[nH]2)cc1
C[C@]12CC[C@H]3[C@@H](CCC4=CC(=O)CC[C@@]43C)[C@@H]1CC[C@@H]2O,1.0,C[C@]12CC[C@H]3[C@@H](CCC4=CC(=O)CC[C@@]43C)[C@@H]1CC[C@@H]2O
C[C@]12CC[C@@H]3C4:C:C:C(O):C:C:4CC[C@H]3[C@@H]1CC[C@H]2O,0.0,C[C@]12CC[C@@H]3c4ccc(O)cc4CC[C@H]3[C@@H]1CC[C@H]2O
COC1:C:C:C2:C(:C:1OC)CN1CCC3:C:C4:C(:C:C:3C1C2)OCO4,0.0,COc1ccc2c(c1OC)CN1CCc3cc4c(cc3C1C2)OCO4
